DateTime,Prediction
2025-08-14 00:00,5.541
2025-08-14 00:06,5.769
2025-08-14 00:12,5.994
2025-08-14 00:18,6.216
2025-08-14 00:24,6.436
2025-08-14 00:30,6.652
2025-08-14 00:36,6.866
2025-08-14 00:42,7.075
2025-08-14 00:48,7.28
2025-08-14 00:54,7.48
2025-08-14 01:00,7.675
2025-08-14 01:06,7.863
2025-08-14 01:12,8.045
2025-08-14 01:18,8.219
2025-08-14 01:24,8.386
2025-08-14 01:30,8.543
2025-08-14 01:36,8.691
2025-08-14 01:42,8.828
2025-08-14 01:48,8.955
2025-08-14 01:54,9.07
2025-08-14 02:00,9.173
2025-08-14 02:06,9.263
2025-08-14 02:12,9.34
2025-08-14 02:18,9.403
2025-08-14 02:24,9.453
2025-08-14 02:30,9.488
2025-08-14 02:36,9.509
2025-08-14 02:42,9.515
2025-08-14 02:48,9.506
2025-08-14 02:54,9.484
2025-08-14 03:00,9.446
2025-08-14 03:06,9.395
2025-08-14 03:12,9.329
2025-08-14 03:18,9.25
2025-08-14 03:24,9.158
2025-08-14 03:30,9.053
2025-08-14 03:36,8.935
2025-08-14 03:42,8.806
2025-08-14 03:48,8.665
2025-08-14 03:54,8.514
2025-08-14 04:00,8.353
2025-08-14 04:06,8.182
2025-08-14 04:12,8.002
2025-08-14 04:18,7.813
2025-08-14 04:24,7.617
2025-08-14 04:30,7.414
2025-08-14 04:36,7.205
2025-08-14 04:42,6.99
2025-08-14 04:48,6.77
2025-08-14 04:54,6.546
2025-08-14 05:00,6.318
2025-08-14 05:06,6.087
2025-08-14 05:12,5.854
2025-08-14 05:18,5.619
2025-08-14 05:24,5.383
2025-08-14 05:30,5.146
2025-08-14 05:36,4.91
2025-08-14 05:42,4.674
2025-08-14 05:48,4.44
2025-08-14 05:54,4.208
2025-08-14 06:00,3.978
2025-08-14 06:06,3.751
2025-08-14 06:12,3.527
2025-08-14 06:18,3.308
2025-08-14 06:24,3.092
2025-08-14 06:30,2.881
2025-08-14 06:36,2.675
2025-08-14 06:42,2.474
2025-08-14 06:48,2.278
2025-08-14 06:54,2.088
2025-08-14 07:00,1.904
2025-08-14 07:06,1.726
2025-08-14 07:12,1.555
2025-08-14 07:18,1.39
2025-08-14 07:24,1.232
2025-08-14 07:30,1.081
2025-08-14 07:36,0.937
2025-08-14 07:42,0.801
2025-08-14 07:48,0.673
2025-08-14 07:54,0.553
2025-08-14 08:00,0.442
2025-08-14 08:06,0.34
2025-08-14 08:12,0.248
2025-08-14 08:18,0.166
2025-08-14 08:24,0.094
2025-08-14 08:30,0.034
2025-08-14 08:36,-0.015
2025-08-14 08:42,-0.052
2025-08-14 08:48,-0.077
2025-08-14 08:54,-0.089
2025-08-14 09:00,-0.087
2025-08-14 09:06,-0.071
2025-08-14 09:12,-0.042
2025-08-14 09:18,0.001
2025-08-14 09:24,0.059
2025-08-14 09:30,0.131
2025-08-14 09:36,0.217
2025-08-14 09:42,0.317
2025-08-14 09:48,0.431
2025-08-14 09:54,0.559
2025-08-14 10:00,0.699
2025-08-14 10:06,0.851
2025-08-14 10:12,1.016
2025-08-14 10:18,1.191
2025-08-14 10:24,1.376
2025-08-14 10:30,1.571
2025-08-14 10:36,1.774
2025-08-14 10:42,1.985
2025-08-14 10:48,2.202
2025-08-14 10:54,2.426
2025-08-14 11:00,2.654
2025-08-14 11:06,2.887
2025-08-14 11:12,3.123
2025-08-14 11:18,3.362
2025-08-14 11:24,3.602
2025-08-14 11:30,3.844
2025-08-14 11:36,4.087
2025-08-14 11:42,4.33
2025-08-14 11:48,4.573
2025-08-14 11:54,4.815
2025-08-14 12:00,5.057
2025-08-14 12:06,5.297
2025-08-14 12:12,5.537
2025-08-14 12:18,5.774
2025-08-14 12:24,6.01
2025-08-14 12:30,6.243
2025-08-14 12:36,6.474
2025-08-14 12:42,6.703
2025-08-14 12:48,6.929
2025-08-14 12:54,7.151
2025-08-14 13:00,7.37
2025-08-14 13:06,7.585
2025-08-14 13:12,7.796
2025-08-14 13:18,8.001
2025-08-14 13:24,8.201
2025-08-14 13:30,8.395
2025-08-14 13:36,8.582
2025-08-14 13:42,8.761
2025-08-14 13:48,8.933
2025-08-14 13:54,9.095
2025-08-14 14:00,9.247
2025-08-14 14:06,9.389
2025-08-14 14:12,9.52
2025-08-14 14:18,9.64
2025-08-14 14:24,9.746
2025-08-14 14:30,9.84
2025-08-14 14:36,9.921
2025-08-14 14:42,9.988
2025-08-14 14:48,10.04
2025-08-14 14:54,10.078
2025-08-14 15:00,10.101
2025-08-14 15:06,10.109
2025-08-14 15:12,10.103
2025-08-14 15:18,10.081
2025-08-14 15:24,10.045
2025-08-14 15:30,9.994
2025-08-14 15:36,9.929
2025-08-14 15:42,9.85
2025-08-14 15:48,9.757
2025-08-14 15:54,9.651
2025-08-14 16:00,9.532
2025-08-14 16:06,9.401
2025-08-14 16:12,9.258
2025-08-14 16:18,9.104
2025-08-14 16:24,8.94
2025-08-14 16:30,8.765
2025-08-14 16:36,8.581
2025-08-14 16:42,8.389
2025-08-14 16:48,8.188
2025-08-14 16:54,7.98
2025-08-14 17:00,7.764
2025-08-14 17:06,7.543
2025-08-14 17:12,7.317
2025-08-14 17:18,7.085
2025-08-14 17:24,6.849
2025-08-14 17:30,6.61
2025-08-14 17:36,6.368
2025-08-14 17:42,6.123
2025-08-14 17:48,5.877
2025-08-14 17:54,5.631
2025-08-14 18:00,5.383
2025-08-14 18:06,5.136
2025-08-14 18:12,4.89
2025-08-14 18:18,4.645
2025-08-14 18:24,4.402
2025-08-14 18:30,4.161
2025-08-14 18:36,3.923
2025-08-14 18:42,3.688
2025-08-14 18:48,3.457
2025-08-14 18:54,3.23
2025-08-14 19:00,3.007
2025-08-14 19:06,2.789
2025-08-14 19:12,2.576
2025-08-14 19:18,2.368
2025-08-14 19:24,2.165
2025-08-14 19:30,1.968
2025-08-14 19:36,1.777
2025-08-14 19:42,1.592
2025-08-14 19:48,1.414
2025-08-14 19:54,1.242
2025-08-14 20:00,1.077
2025-08-14 20:06,0.92
2025-08-14 20:12,0.77
2025-08-14 20:18,0.628
2025-08-14 20:24,0.494
2025-08-14 20:30,0.369
2025-08-14 20:36,0.254
2025-08-14 20:42,0.148
2025-08-14 20:48,0.052
2025-08-14 20:54,-0.032
2025-08-14 21:00,-0.106
2025-08-14 21:06,-0.168
2025-08-14 21:12,-0.217
2025-08-14 21:18,-0.254
2025-08-14 21:24,-0.277
2025-08-14 21:30,-0.288
2025-08-14 21:36,-0.284
2025-08-14 21:42,-0.266
2025-08-14 21:48,-0.234
2025-08-14 21:54,-0.188
2025-08-14 22:00,-0.128
2025-08-14 22:06,-0.053
2025-08-14 22:12,0.035
2025-08-14 22:18,0.137
2025-08-14 22:24,0.251
2025-08-14 22:30,0.378
2025-08-14 22:36,0.518
2025-08-14 22:42,0.668
2025-08-14 22:48,0.829
2025-08-14 22:54,0.999
2025-08-14 23:00,1.178
2025-08-14 23:06,1.366
2025-08-14 23:12,1.56
2025-08-14 23:18,1.761
2025-08-14 23:24,1.968
2025-08-14 23:30,2.178
2025-08-14 23:36,2.393
2025-08-14 23:42,2.612
2025-08-14 23:48,2.832
2025-08-14 23:54,3.055
2025-08-15 00:00,3.279
2025-08-15 00:06,3.504
2025-08-15 00:12,3.729
2025-08-15 00:18,3.955
2025-08-15 00:24,4.18
2025-08-15 00:30,4.405
2025-08-15 00:36,4.629
2025-08-15 00:42,4.853
2025-08-15 00:48,5.075
2025-08-15 00:54,5.296
2025-08-15 01:00,5.516
2025-08-15 01:06,5.734
2025-08-15 01:12,5.949
2025-08-15 01:18,6.163
2025-08-15 01:24,6.374
2025-08-15 01:30,6.581
2025-08-15 01:36,6.785
2025-08-15 01:42,6.985
2025-08-15 01:48,7.18
2025-08-15 01:54,7.37
2025-08-15 02:00,7.555
2025-08-15 02:06,7.732
2025-08-15 02:12,7.903
2025-08-15 02:18,8.065
2025-08-15 02:24,8.219
2025-08-15 02:30,8.363
2025-08-15 02:36,8.497
2025-08-15 02:42,8.62
2025-08-15 02:48,8.732
2025-08-15 02:54,8.832
2025-08-15 03:00,8.919
2025-08-15 03:06,8.994
2025-08-15 03:12,9.054
2025-08-15 03:18,9.102
2025-08-15 03:24,9.135
2025-08-15 03:30,9.155
2025-08-15 03:36,9.16
2025-08-15 03:42,9.151
2025-08-15 03:48,9.128
2025-08-15 03:54,9.092
2025-08-15 04:00,9.042
2025-08-15 04:06,8.978
2025-08-15 04:12,8.902
2025-08-15 04:18,8.813
2025-08-15 04:24,8.712
2025-08-15 04:30,8.599
2025-08-15 04:36,8.475
2025-08-15 04:42,8.341
2025-08-15 04:48,8.197
2025-08-15 04:54,8.043
2025-08-15 05:00,7.88
2025-08-15 05:06,7.709
2025-08-15 05:12,7.531
2025-08-15 05:18,7.345
2025-08-15 05:24,7.154
2025-08-15 05:30,6.956
2025-08-15 05:36,6.753
2025-08-15 05:42,6.546
2025-08-15 05:48,6.334
2025-08-15 05:54,6.12
2025-08-15 06:00,5.902
2025-08-15 06:06,5.683
2025-08-15 06:12,5.462
2025-08-15 06:18,5.241
2025-08-15 06:24,5.019
2025-08-15 06:30,4.797
2025-08-15 06:36,4.576
2025-08-15 06:42,4.357
2025-08-15 06:48,4.139
2025-08-15 06:54,3.924
2025-08-15 07:00,3.711
2025-08-15 07:06,3.502
2025-08-15 07:12,3.296
2025-08-15 07:18,3.095
2025-08-15 07:24,2.897
2025-08-15 07:30,2.704
2025-08-15 07:36,2.516
2025-08-15 07:42,2.332
2025-08-15 07:48,2.154
2025-08-15 07:54,1.982
2025-08-15 08:00,1.815
2025-08-15 08:06,1.655
2025-08-15 08:12,1.5
2025-08-15 08:18,1.352
2025-08-15 08:24,1.211
2025-08-15 08:30,1.077
2025-08-15 08:36,0.95
2025-08-15 08:42,0.83
2025-08-15 08:48,0.719
2025-08-15 08:54,0.616
2025-08-15 09:00,0.523
2025-08-15 09:06,0.438
2025-08-15 09:12,0.364
2025-08-15 09:18,0.3
2025-08-15 09:24,0.246
2025-08-15 09:30,0.204
2025-08-15 09:36,0.174
2025-08-15 09:42,0.157
2025-08-15 09:48,0.151
2025-08-15 09:54,0.159
2025-08-15 10:00,0.181
2025-08-15 10:06,0.215
2025-08-15 10:12,0.264
2025-08-15 10:18,0.326
2025-08-15 10:24,0.402
2025-08-15 10:30,0.492
2025-08-15 10:36,0.595
2025-08-15 10:42,0.711
2025-08-15 10:48,0.84
2025-08-15 10:54,0.981
2025-08-15 11:00,1.134
2025-08-15 11:06,1.298
2025-08-15 11:12,1.471
2025-08-15 11:18,1.655
2025-08-15 11:24,1.846
2025-08-15 11:30,2.046
2025-08-15 11:36,2.253
2025-08-15 11:42,2.465
2025-08-15 11:48,2.683
2025-08-15 11:54,2.905
2025-08-15 12:00,3.131
2025-08-15 12:06,3.36
2025-08-15 12:12,3.592
2025-08-15 12:18,3.825
2025-08-15 12:24,4.059
2025-08-15 12:30,4.294
2025-08-15 12:36,4.53
2025-08-15 12:42,4.765
2025-08-15 12:48,5
2025-08-15 12:54,5.234
2025-08-15 13:00,5.467
2025-08-15 13:06,5.699
2025-08-15 13:12,5.93
2025-08-15 13:18,6.16
2025-08-15 13:24,6.387
2025-08-15 13:30,6.613
2025-08-15 13:36,6.836
2025-08-15 13:42,7.057
2025-08-15 13:48,7.275
2025-08-15 13:54,7.489
2025-08-15 14:00,7.7
2025-08-15 14:06,7.906
2025-08-15 14:12,8.107
2025-08-15 14:18,8.303
2025-08-15 14:24,8.493
2025-08-15 14:30,8.676
2025-08-15 14:36,8.852
2025-08-15 14:42,9.019
2025-08-15 14:48,9.177
2025-08-15 14:54,9.326
2025-08-15 15:00,9.464
2025-08-15 15:06,9.592
2025-08-15 15:12,9.707
2025-08-15 15:18,9.81
2025-08-15 15:24,9.901
2025-08-15 15:30,9.978
2025-08-15 15:36,10.041
2025-08-15 15:42,10.09
2025-08-15 15:48,10.125
2025-08-15 15:54,10.146
2025-08-15 16:00,10.152
2025-08-15 16:06,10.144
2025-08-15 16:12,10.121
2025-08-15 16:18,10.084
2025-08-15 16:24,10.033
2025-08-15 16:30,9.968
2025-08-15 16:36,9.889
2025-08-15 16:42,9.797
2025-08-15 16:48,9.693
2025-08-15 16:54,9.577
2025-08-15 17:00,9.448
2025-08-15 17:06,9.309
2025-08-15 17:12,9.159
2025-08-15 17:18,8.999
2025-08-15 17:24,8.829
2025-08-15 17:30,8.65
2025-08-15 17:36,8.463
2025-08-15 17:42,8.268
2025-08-15 17:48,8.066
2025-08-15 17:54,7.857
2025-08-15 18:00,7.643
2025-08-15 18:06,7.423
2025-08-15 18:12,7.198
2025-08-15 18:18,6.969
2025-08-15 18:24,6.736
2025-08-15 18:30,6.501
2025-08-15 18:36,6.263
2025-08-15 18:42,6.024
2025-08-15 18:48,5.783
2025-08-15 18:54,5.542
2025-08-15 19:00,5.301
2025-08-15 19:06,5.06
2025-08-15 19:12,4.82
2025-08-15 19:18,4.581
2025-08-15 19:24,4.345
2025-08-15 19:30,4.111
2025-08-15 19:36,3.879
2025-08-15 19:42,3.651
2025-08-15 19:48,3.426
2025-08-15 19:54,3.205
2025-08-15 20:00,2.988
2025-08-15 20:06,2.776
2025-08-15 20:12,2.568
2025-08-15 20:18,2.365
2025-08-15 20:24,2.167
2025-08-15 20:30,1.974
2025-08-15 20:36,1.787
2025-08-15 20:42,1.606
2025-08-15 20:48,1.431
2025-08-15 20:54,1.262
2025-08-15 21:00,1.1
2025-08-15 21:06,0.946
2025-08-15 21:12,0.799
2025-08-15 21:18,0.66
2025-08-15 21:24,0.529
2025-08-15 21:30,0.408
2025-08-15 21:36,0.295
2025-08-15 21:42,0.193
2025-08-15 21:48,0.101
2025-08-15 21:54,0.02
2025-08-15 22:00,-0.049
2025-08-15 22:06,-0.106
2025-08-15 22:12,-0.151
2025-08-15 22:18,-0.183
2025-08-15 22:24,-0.202
2025-08-15 22:30,-0.208
2025-08-15 22:36,-0.2
2025-08-15 22:42,-0.178
2025-08-15 22:48,-0.142
2025-08-15 22:54,-0.092
2025-08-15 23:00,-0.029
2025-08-15 23:06,0.047
2025-08-15 23:12,0.136
2025-08-15 23:18,0.238
2025-08-15 23:24,0.352
2025-08-15 23:30,0.477
2025-08-15 23:36,0.613
2025-08-15 23:42,0.759
2025-08-15 23:48,0.914
2025-08-15 23:54,1.078
2025-08-16 00:00,1.25
2025-08-16 00:06,1.428
2025-08-16 00:12,1.612
2025-08-16 00:18,1.802
2025-08-16 00:24,1.997
2025-08-16 00:30,2.195
2025-08-16 00:36,2.397
2025-08-16 00:42,2.601
2025-08-16 00:48,2.808
2025-08-16 00:54,3.017
2025-08-16 01:00,3.227
2025-08-16 01:06,3.438
2025-08-16 01:12,3.649
2025-08-16 01:18,3.862
2025-08-16 01:24,4.074
2025-08-16 01:30,4.287
2025-08-16 01:36,4.499
2025-08-16 01:42,4.711
2025-08-16 01:48,4.923
2025-08-16 01:54,5.133
2025-08-16 02:00,5.343
2025-08-16 02:06,5.552
2025-08-16 02:12,5.758
2025-08-16 02:18,5.963
2025-08-16 02:24,6.166
2025-08-16 02:30,6.365
2025-08-16 02:36,6.561
2025-08-16 02:42,6.753
2025-08-16 02:48,6.94
2025-08-16 02:54,7.122
2025-08-16 03:00,7.297
2025-08-16 03:06,7.466
2025-08-16 03:12,7.628
2025-08-16 03:18,7.781
2025-08-16 03:24,7.925
2025-08-16 03:30,8.06
2025-08-16 03:36,8.184
2025-08-16 03:42,8.297
2025-08-16 03:48,8.399
2025-08-16 03:54,8.49
2025-08-16 04:00,8.567
2025-08-16 04:06,8.632
2025-08-16 04:12,8.684
2025-08-16 04:18,8.723
2025-08-16 04:24,8.749
2025-08-16 04:30,8.761
2025-08-16 04:36,8.76
2025-08-16 04:42,8.746
2025-08-16 04:48,8.719
2025-08-16 04:54,8.679
2025-08-16 05:00,8.627
2025-08-16 05:06,8.563
2025-08-16 05:12,8.487
2025-08-16 05:18,8.399
2025-08-16 05:24,8.301
2025-08-16 05:30,8.192
2025-08-16 05:36,8.073
2025-08-16 05:42,7.945
2025-08-16 05:48,7.808
2025-08-16 05:54,7.662
2025-08-16 06:00,7.509
2025-08-16 06:06,7.349
2025-08-16 06:12,7.181
2025-08-16 06:18,7.008
2025-08-16 06:24,6.829
2025-08-16 06:30,6.645
2025-08-16 06:36,6.456
2025-08-16 06:42,6.264
2025-08-16 06:48,6.068
2025-08-16 06:54,5.869
2025-08-16 07:00,5.668
2025-08-16 07:06,5.466
2025-08-16 07:12,5.262
2025-08-16 07:18,5.058
2025-08-16 07:24,4.854
2025-08-16 07:30,4.65
2025-08-16 07:36,4.447
2025-08-16 07:42,4.245
2025-08-16 07:48,4.046
2025-08-16 07:54,3.848
2025-08-16 08:00,3.653
2025-08-16 08:06,3.461
2025-08-16 08:12,3.272
2025-08-16 08:18,3.087
2025-08-16 08:24,2.906
2025-08-16 08:30,2.729
2025-08-16 08:36,2.556
2025-08-16 08:42,2.388
2025-08-16 08:48,2.224
2025-08-16 08:54,2.066
2025-08-16 09:00,1.912
2025-08-16 09:06,1.765
2025-08-16 09:12,1.623
2025-08-16 09:18,1.487
2025-08-16 09:24,1.357
2025-08-16 09:30,1.234
2025-08-16 09:36,1.118
2025-08-16 09:42,1.009
2025-08-16 09:48,0.909
2025-08-16 09:54,0.816
2025-08-16 10:00,0.733
2025-08-16 10:06,0.658
2025-08-16 10:12,0.594
2025-08-16 10:18,0.539
2025-08-16 10:24,0.496
2025-08-16 10:30,0.464
2025-08-16 10:36,0.443
2025-08-16 10:42,0.435
2025-08-16 10:48,0.439
2025-08-16 10:54,0.455
2025-08-16 11:00,0.485
2025-08-16 11:06,0.528
2025-08-16 11:12,0.584
2025-08-16 11:18,0.654
2025-08-16 11:24,0.736
2025-08-16 11:30,0.831
2025-08-16 11:36,0.939
2025-08-16 11:42,1.058
2025-08-16 11:48,1.19
2025-08-16 11:54,1.332
2025-08-16 12:00,1.485
2025-08-16 12:06,1.647
2025-08-16 12:12,1.818
2025-08-16 12:18,1.998
2025-08-16 12:24,2.185
2025-08-16 12:30,2.378
2025-08-16 12:36,2.578
2025-08-16 12:42,2.782
2025-08-16 12:48,2.991
2025-08-16 12:54,3.204
2025-08-16 13:00,3.419
2025-08-16 13:06,3.638
2025-08-16 13:12,3.858
2025-08-16 13:18,4.079
2025-08-16 13:24,4.302
2025-08-16 13:30,4.526
2025-08-16 13:36,4.75
2025-08-16 13:42,4.974
2025-08-16 13:48,5.198
2025-08-16 13:54,5.422
2025-08-16 14:00,5.645
2025-08-16 14:06,5.867
2025-08-16 14:12,6.089
2025-08-16 14:18,6.31
2025-08-16 14:24,6.529
2025-08-16 14:30,6.747
2025-08-16 14:36,6.962
2025-08-16 14:42,7.176
2025-08-16 14:48,7.386
2025-08-16 14:54,7.594
2025-08-16 15:00,7.797
2025-08-16 15:06,7.996
2025-08-16 15:12,8.19
2025-08-16 15:18,8.379
2025-08-16 15:24,8.561
2025-08-16 15:30,8.736
2025-08-16 15:36,8.904
2025-08-16 15:42,9.062
2025-08-16 15:48,9.212
2025-08-16 15:54,9.352
2025-08-16 16:00,9.481
2025-08-16 16:06,9.599
2025-08-16 16:12,9.705
2025-08-16 16:18,9.798
2025-08-16 16:24,9.88
2025-08-16 16:30,9.948
2025-08-16 16:36,10.002
2025-08-16 16:42,10.043
2025-08-16 16:48,10.07
2025-08-16 16:54,10.084
2025-08-16 17:00,10.083
2025-08-16 17:06,10.069
2025-08-16 17:12,10.041
2025-08-16 17:18,10
2025-08-16 17:24,9.945
2025-08-16 17:30,9.878
2025-08-16 17:36,9.798
2025-08-16 17:42,9.706
2025-08-16 17:48,9.602
2025-08-16 17:54,9.487
2025-08-16 18:00,9.361
2025-08-16 18:06,9.224
2025-08-16 18:12,9.078
2025-08-16 18:18,8.922
2025-08-16 18:24,8.758
2025-08-16 18:30,8.585
2025-08-16 18:36,8.405
2025-08-16 18:42,8.217
2025-08-16 18:48,8.022
2025-08-16 18:54,7.822
2025-08-16 19:00,7.615
2025-08-16 19:06,7.404
2025-08-16 19:12,7.188
2025-08-16 19:18,6.969
2025-08-16 19:24,6.745
2025-08-16 19:30,6.52
2025-08-16 19:36,6.292
2025-08-16 19:42,6.062
2025-08-16 19:48,5.831
2025-08-16 19:54,5.599
2025-08-16 20:00,5.367
2025-08-16 20:06,5.136
2025-08-16 20:12,4.905
2025-08-16 20:18,4.676
2025-08-16 20:24,4.448
2025-08-16 20:30,4.222
2025-08-16 20:36,3.998
2025-08-16 20:42,3.777
2025-08-16 20:48,3.559
2025-08-16 20:54,3.344
2025-08-16 21:00,3.133
2025-08-16 21:06,2.925
2025-08-16 21:12,2.722
2025-08-16 21:18,2.522
2025-08-16 21:24,2.327
2025-08-16 21:30,2.136
2025-08-16 21:36,1.951
2025-08-16 21:42,1.771
2025-08-16 21:48,1.596
2025-08-16 21:54,1.428
2025-08-16 22:00,1.265
2025-08-16 22:06,1.11
2025-08-16 22:12,0.961
2025-08-16 22:18,0.82
2025-08-16 22:24,0.688
2025-08-16 22:30,0.564
2025-08-16 22:36,0.45
2025-08-16 22:42,0.345
2025-08-16 22:48,0.251
2025-08-16 22:54,0.167
2025-08-16 23:00,0.095
2025-08-16 23:06,0.035
2025-08-16 23:12,-0.012
2025-08-16 23:18,-0.048
2025-08-16 23:24,-0.07
2025-08-16 23:30,-0.079
2025-08-16 23:36,-0.074
2025-08-16 23:42,-0.057
2025-08-16 23:48,-0.026
2025-08-16 23:54,0.019
2025-08-17 00:00,0.076
2025-08-17 00:06,0.146
2025-08-17 00:12,0.228
2025-08-17 00:18,0.321
2025-08-17 00:24,0.426
2025-08-17 00:30,0.542
2025-08-17 00:36,0.667
2025-08-17 00:42,0.801
2025-08-17 00:48,0.944
2025-08-17 00:54,1.094
2025-08-17 01:00,1.252
2025-08-17 01:06,1.416
2025-08-17 01:12,1.585
2025-08-17 01:18,1.759
2025-08-17 01:24,1.938
2025-08-17 01:30,2.12
2025-08-17 01:36,2.306
2025-08-17 01:42,2.494
2025-08-17 01:48,2.685
2025-08-17 01:54,2.878
2025-08-17 02:00,3.073
2025-08-17 02:06,3.269
2025-08-17 02:12,3.467
2025-08-17 02:18,3.666
2025-08-17 02:24,3.866
2025-08-17 02:30,4.067
2025-08-17 02:36,4.268
2025-08-17 02:42,4.47
2025-08-17 02:48,4.672
2025-08-17 02:54,4.875
2025-08-17 03:00,5.076
2025-08-17 03:06,5.278
2025-08-17 03:12,5.478
2025-08-17 03:18,5.676
2025-08-17 03:24,5.873
2025-08-17 03:30,6.066
2025-08-17 03:36,6.257
2025-08-17 03:42,6.444
2025-08-17 03:48,6.626
2025-08-17 03:54,6.803
2025-08-17 04:00,6.975
2025-08-17 04:06,7.139
2025-08-17 04:12,7.296
2025-08-17 04:18,7.445
2025-08-17 04:24,7.585
2025-08-17 04:30,7.716
2025-08-17 04:36,7.837
2025-08-17 04:42,7.947
2025-08-17 04:48,8.046
2025-08-17 04:54,8.134
2025-08-17 05:00,8.21
2025-08-17 05:06,8.273
2025-08-17 05:12,8.325
2025-08-17 05:18,8.364
2025-08-17 05:24,8.391
2025-08-17 05:30,8.405
2025-08-17 05:36,8.407
2025-08-17 05:42,8.396
2025-08-17 05:48,8.374
2025-08-17 05:54,8.34
2025-08-17 06:00,8.294
2025-08-17 06:06,8.238
2025-08-17 06:12,8.17
2025-08-17 06:18,8.092
2025-08-17 06:24,8.004
2025-08-17 06:30,7.906
2025-08-17 06:36,7.8
2025-08-17 06:42,7.684
2025-08-17 06:48,7.56
2025-08-17 06:54,7.429
2025-08-17 07:00,7.29
2025-08-17 07:06,7.144
2025-08-17 07:12,6.992
2025-08-17 07:18,6.835
2025-08-17 07:24,6.672
2025-08-17 07:30,6.504
2025-08-17 07:36,6.332
2025-08-17 07:42,6.156
2025-08-17 07:48,5.978
2025-08-17 07:54,5.796
2025-08-17 08:00,5.612
2025-08-17 08:06,5.427
2025-08-17 08:12,5.241
2025-08-17 08:18,5.053
2025-08-17 08:24,4.866
2025-08-17 08:30,4.679
2025-08-17 08:36,4.492
2025-08-17 08:42,4.307
2025-08-17 08:48,4.123
2025-08-17 08:54,3.941
2025-08-17 09:00,3.76
2025-08-17 09:06,3.583
2025-08-17 09:12,3.407
2025-08-17 09:18,3.235
2025-08-17 09:24,3.066
2025-08-17 09:30,2.9
2025-08-17 09:36,2.737
2025-08-17 09:42,2.578
2025-08-17 09:48,2.423
2025-08-17 09:54,2.273
2025-08-17 10:00,2.126
2025-08-17 10:06,1.985
2025-08-17 10:12,1.848
2025-08-17 10:18,1.716
2025-08-17 10:24,1.59
2025-08-17 10:30,1.471
2025-08-17 10:36,1.357
2025-08-17 10:42,1.251
2025-08-17 10:48,1.152
2025-08-17 10:54,1.061
2025-08-17 11:00,0.978
2025-08-17 11:06,0.904
2025-08-17 11:12,0.84
2025-08-17 11:18,0.786
2025-08-17 11:24,0.743
2025-08-17 11:30,0.711
2025-08-17 11:36,0.69
2025-08-17 11:42,0.682
2025-08-17 11:48,0.685
2025-08-17 11:54,0.701
2025-08-17 12:00,0.73
2025-08-17 12:06,0.772
2025-08-17 12:12,0.826
2025-08-17 12:18,0.893
2025-08-17 12:24,0.973
2025-08-17 12:30,1.064
2025-08-17 12:36,1.168
2025-08-17 12:42,1.282
2025-08-17 12:48,1.408
2025-08-17 12:54,1.543
2025-08-17 13:00,1.688
2025-08-17 13:06,1.842
2025-08-17 13:12,2.004
2025-08-17 13:18,2.174
2025-08-17 13:24,2.35
2025-08-17 13:30,2.532
2025-08-17 13:36,2.719
2025-08-17 13:42,2.911
2025-08-17 13:48,3.107
2025-08-17 13:54,3.307
2025-08-17 14:00,3.509
2025-08-17 14:06,3.714
2025-08-17 14:12,3.921
2025-08-17 14:18,4.129
2025-08-17 14:24,4.339
2025-08-17 14:30,4.551
2025-08-17 14:36,4.763
2025-08-17 14:42,4.976
2025-08-17 14:48,5.19
2025-08-17 14:54,5.404
2025-08-17 15:00,5.618
2025-08-17 15:06,5.832
2025-08-17 15:12,6.047
2025-08-17 15:18,6.26
2025-08-17 15:24,6.474
2025-08-17 15:30,6.686
2025-08-17 15:36,6.897
2025-08-17 15:42,7.106
2025-08-17 15:48,7.312
2025-08-17 15:54,7.516
2025-08-17 16:00,7.716
2025-08-17 16:06,7.912
2025-08-17 16:12,8.104
2025-08-17 16:18,8.29
2025-08-17 16:24,8.469
2025-08-17 16:30,8.642
2025-08-17 16:36,8.807
2025-08-17 16:42,8.963
2025-08-17 16:48,9.111
2025-08-17 16:54,9.248
2025-08-17 17:00,9.375
2025-08-17 17:06,9.491
2025-08-17 17:12,9.596
2025-08-17 17:18,9.689
2025-08-17 17:24,9.769
2025-08-17 17:30,9.836
2025-08-17 17:36,9.891
2025-08-17 17:42,9.933
2025-08-17 17:48,9.961
2025-08-17 17:54,9.976
2025-08-17 18:00,9.978
2025-08-17 18:06,9.967
2025-08-17 18:12,9.943
2025-08-17 18:18,9.906
2025-08-17 18:24,9.857
2025-08-17 18:30,9.796
2025-08-17 18:36,9.722
2025-08-17 18:42,9.637
2025-08-17 18:48,9.541
2025-08-17 18:54,9.435
2025-08-17 19:00,9.318
2025-08-17 19:06,9.191
2025-08-17 19:12,9.054
2025-08-17 19:18,8.909
2025-08-17 19:24,8.755
2025-08-17 19:30,8.593
2025-08-17 19:36,8.424
2025-08-17 19:42,8.247
2025-08-17 19:48,8.064
2025-08-17 19:54,7.875
2025-08-17 20:00,7.681
2025-08-17 20:06,7.481
2025-08-17 20:12,7.277
2025-08-17 20:18,7.069
2025-08-17 20:24,6.858
2025-08-17 20:30,6.644
2025-08-17 20:36,6.427
2025-08-17 20:42,6.209
2025-08-17 20:48,5.989
2025-08-17 20:54,5.768
2025-08-17 21:00,5.546
2025-08-17 21:06,5.325
2025-08-17 21:12,5.103
2025-08-17 21:18,4.882
2025-08-17 21:24,4.663
2025-08-17 21:30,4.444
2025-08-17 21:36,4.227
2025-08-17 21:42,4.011
2025-08-17 21:48,3.798
2025-08-17 21:54,3.587
2025-08-17 22:00,3.378
2025-08-17 22:06,3.172
2025-08-17 22:12,2.969
2025-08-17 22:18,2.769
2025-08-17 22:24,2.573
2025-08-17 22:30,2.38
2025-08-17 22:36,2.192
2025-08-17 22:42,2.008
2025-08-17 22:48,1.828
2025-08-17 22:54,1.654
2025-08-17 23:00,1.486
2025-08-17 23:06,1.324
2025-08-17 23:12,1.169
2025-08-17 23:18,1.021
2025-08-17 23:24,0.881
2025-08-17 23:30,0.749
2025-08-17 23:36,0.627
2025-08-17 23:42,0.515
2025-08-17 23:48,0.412
2025-08-17 23:54,0.321
2025-08-18 00:00,0.242
2025-08-18 00:06,0.174
2025-08-18 00:12,0.119
2025-08-18 00:18,0.076
2025-08-18 00:24,0.046
2025-08-18 00:30,0.029
2025-08-18 00:36,0.026
2025-08-18 00:42,0.035
2025-08-18 00:48,0.058
2025-08-18 00:54,0.093
2025-08-18 01:00,0.141
2025-08-18 01:06,0.201
2025-08-18 01:12,0.272
2025-08-18 01:18,0.355
2025-08-18 01:24,0.448
2025-08-18 01:30,0.551
2025-08-18 01:36,0.663
2025-08-18 01:42,0.784
2025-08-18 01:48,0.912
2025-08-18 01:54,1.048
2025-08-18 02:00,1.191
2025-08-18 02:06,1.339
2025-08-18 02:12,1.493
2025-08-18 02:18,1.651
2025-08-18 02:24,1.814
2025-08-18 02:30,1.981
2025-08-18 02:36,2.151
2025-08-18 02:42,2.324
2025-08-18 02:48,2.501
2025-08-18 02:54,2.68
2025-08-18 03:00,2.862
2025-08-18 03:06,3.046
2025-08-18 03:12,3.233
2025-08-18 03:18,3.421
2025-08-18 03:24,3.612
2025-08-18 03:30,3.805
2025-08-18 03:36,3.999
2025-08-18 03:42,4.194
2025-08-18 03:48,4.391
2025-08-18 03:54,4.589
2025-08-18 04:00,4.787
2025-08-18 04:06,4.985
2025-08-18 04:12,5.183
2025-08-18 04:18,5.38
2025-08-18 04:24,5.576
2025-08-18 04:30,5.769
2025-08-18 04:36,5.96
2025-08-18 04:42,6.147
2025-08-18 04:48,6.33
2025-08-18 04:54,6.508
2025-08-18 05:00,6.68
2025-08-18 05:06,6.846
2025-08-18 05:12,7.005
2025-08-18 05:18,7.156
2025-08-18 05:24,7.298
2025-08-18 05:30,7.431
2025-08-18 05:36,7.555
2025-08-18 05:42,7.668
2025-08-18 05:48,7.77
2025-08-18 05:54,7.862
2025-08-18 06:00,7.942
2025-08-18 06:06,8.01
2025-08-18 06:12,8.067
2025-08-18 06:18,8.112
2025-08-18 06:24,8.145
2025-08-18 06:30,8.166
2025-08-18 06:36,8.176
2025-08-18 06:42,8.174
2025-08-18 06:48,8.16
2025-08-18 06:54,8.136
2025-08-18 07:00,8.1
2025-08-18 07:06,8.054
2025-08-18 07:12,7.998
2025-08-18 07:18,7.932
2025-08-18 07:24,7.856
2025-08-18 07:30,7.771
2025-08-18 07:36,7.677
2025-08-18 07:42,7.575
2025-08-18 07:48,7.465
2025-08-18 07:54,7.348
2025-08-18 08:00,7.224
2025-08-18 08:06,7.093
2025-08-18 08:12,6.956
2025-08-18 08:18,6.813
2025-08-18 08:24,6.665
2025-08-18 08:30,6.512
2025-08-18 08:36,6.356
2025-08-18 08:42,6.195
2025-08-18 08:48,6.031
2025-08-18 08:54,5.865
2025-08-18 09:00,5.696
2025-08-18 09:06,5.525
2025-08-18 09:12,5.352
2025-08-18 09:18,5.179
2025-08-18 09:24,5.005
2025-08-18 09:30,4.83
2025-08-18 09:36,4.656
2025-08-18 09:42,4.482
2025-08-18 09:48,4.309
2025-08-18 09:54,4.136
2025-08-18 10:00,3.965
2025-08-18 10:06,3.795
2025-08-18 10:12,3.627
2025-08-18 10:18,3.46
2025-08-18 10:24,3.295
2025-08-18 10:30,3.133
2025-08-18 10:36,2.973
2025-08-18 10:42,2.815
2025-08-18 10:48,2.661
2025-08-18 10:54,2.509
2025-08-18 11:00,2.361
2025-08-18 11:06,2.217
2025-08-18 11:12,2.077
2025-08-18 11:18,1.941
2025-08-18 11:24,1.81
2025-08-18 11:30,1.685
2025-08-18 11:36,1.566
2025-08-18 11:42,1.454
2025-08-18 11:48,1.349
2025-08-18 11:54,1.252
2025-08-18 12:00,1.163
2025-08-18 12:06,1.083
2025-08-18 12:12,1.013
2025-08-18 12:18,0.953
2025-08-18 12:24,0.904
2025-08-18 12:30,0.866
2025-08-18 12:36,0.84
2025-08-18 12:42,0.826
2025-08-18 12:48,0.825
2025-08-18 12:54,0.835
2025-08-18 13:00,0.859
2025-08-18 13:06,0.895
2025-08-18 13:12,0.944
2025-08-18 13:18,1.005
2025-08-18 13:24,1.078
2025-08-18 13:30,1.162
2025-08-18 13:36,1.258
2025-08-18 13:42,1.365
2025-08-18 13:48,1.481
2025-08-18 13:54,1.608
2025-08-18 14:00,1.743
2025-08-18 14:06,1.886
2025-08-18 14:12,2.037
2025-08-18 14:18,2.194
2025-08-18 14:24,2.358
2025-08-18 14:30,2.528
2025-08-18 14:36,2.702
2025-08-18 14:42,2.881
2025-08-18 14:48,3.064
2025-08-18 14:54,3.25
2025-08-18 15:00,3.44
2025-08-18 15:06,3.632
2025-08-18 15:12,3.827
2025-08-18 15:18,4.024
2025-08-18 15:24,4.224
2025-08-18 15:30,4.425
2025-08-18 15:36,4.629
2025-08-18 15:42,4.834
2025-08-18 15:48,5.041
2025-08-18 15:54,5.249
2025-08-18 16:00,5.458
2025-08-18 16:06,5.669
2025-08-18 16:12,5.88
2025-08-18 16:18,6.092
2025-08-18 16:24,6.305
2025-08-18 16:30,6.517
2025-08-18 16:36,6.728
2025-08-18 16:42,6.938
2025-08-18 16:48,7.146
2025-08-18 16:54,7.352
2025-08-18 17:00,7.555
2025-08-18 17:06,7.754
2025-08-18 17:12,7.949
2025-08-18 17:18,8.138
2025-08-18 17:24,8.321
2025-08-18 17:30,8.497
2025-08-18 17:36,8.665
2025-08-18 17:42,8.825
2025-08-18 17:48,8.976
2025-08-18 17:54,9.118
2025-08-18 18:00,9.248
2025-08-18 18:06,9.368
2025-08-18 18:12,9.477
2025-08-18 18:18,9.574
2025-08-18 18:24,9.658
2025-08-18 18:30,9.73
2025-08-18 18:36,9.79
2025-08-18 18:42,9.837
2025-08-18 18:48,9.87
2025-08-18 18:54,9.891
2025-08-18 19:00,9.9
2025-08-18 19:06,9.895
2025-08-18 19:12,9.878
2025-08-18 19:18,9.849
2025-08-18 19:24,9.808
2025-08-18 19:30,9.755
2025-08-18 19:36,9.691
2025-08-18 19:42,9.615
2025-08-18 19:48,9.529
2025-08-18 19:54,9.432
2025-08-18 20:00,9.325
2025-08-18 20:06,9.209
2025-08-18 20:12,9.083
2025-08-18 20:18,8.949
2025-08-18 20:24,8.807
2025-08-18 20:30,8.656
2025-08-18 20:36,8.498
2025-08-18 20:42,8.333
2025-08-18 20:48,8.162
2025-08-18 20:54,7.985
2025-08-18 21:00,7.802
2025-08-18 21:06,7.614
2025-08-18 21:12,7.421
2025-08-18 21:18,7.224
2025-08-18 21:24,7.024
2025-08-18 21:30,6.82
2025-08-18 21:36,6.613
2025-08-18 21:42,6.404
2025-08-18 21:48,6.193
2025-08-18 21:54,5.981
2025-08-18 22:00,5.767
2025-08-18 22:06,5.552
2025-08-18 22:12,5.337
2025-08-18 22:18,5.121
2025-08-18 22:24,4.905
2025-08-18 22:30,4.689
2025-08-18 22:36,4.474
2025-08-18 22:42,4.26
2025-08-18 22:48,4.046
2025-08-18 22:54,3.833
2025-08-18 23:00,3.622
2025-08-18 23:06,3.413
2025-08-18 23:12,3.205
2025-08-18 23:18,2.999
2025-08-18 23:24,2.796
2025-08-18 23:30,2.596
2025-08-18 23:36,2.4
2025-08-18 23:42,2.207
2025-08-18 23:48,2.019
2025-08-18 23:54,1.835
2025-08-19 00:00,1.657
2025-08-19 00:06,1.485
2025-08-19 00:12,1.32
2025-08-19 00:18,1.162
2025-08-19 00:24,1.013
2025-08-19 00:30,0.872
2025-08-19 00:36,0.741
2025-08-19 00:42,0.62
2025-08-19 00:48,0.509
2025-08-19 00:54,0.41
2025-08-19 01:00,0.323
2025-08-19 01:06,0.248
2025-08-19 01:12,0.185
2025-08-19 01:18,0.136
2025-08-19 01:24,0.099
2025-08-19 01:30,0.076
2025-08-19 01:36,0.065
2025-08-19 01:42,0.068
2025-08-19 01:48,0.083
2025-08-19 01:54,0.111
2025-08-19 02:00,0.151
2025-08-19 02:06,0.202
2025-08-19 02:12,0.264
2025-08-19 02:18,0.337
2025-08-19 02:24,0.42
2025-08-19 02:30,0.513
2025-08-19 02:36,0.614
2025-08-19 02:42,0.723
2025-08-19 02:48,0.839
2025-08-19 02:54,0.963
2025-08-19 03:00,1.092
2025-08-19 03:06,1.228
2025-08-19 03:12,1.369
2025-08-19 03:18,1.515
2025-08-19 03:24,1.666
2025-08-19 03:30,1.821
2025-08-19 03:36,1.98
2025-08-19 03:42,2.144
2025-08-19 03:48,2.311
2025-08-19 03:54,2.482
2025-08-19 04:00,2.656
2025-08-19 04:06,2.834
2025-08-19 04:12,3.015
2025-08-19 04:18,3.2
2025-08-19 04:24,3.388
2025-08-19 04:30,3.578
2025-08-19 04:36,3.772
2025-08-19 04:42,3.968
2025-08-19 04:48,4.166
2025-08-19 04:54,4.366
2025-08-19 05:00,4.567
2025-08-19 05:06,4.769
2025-08-19 05:12,4.971
2025-08-19 05:18,5.173
2025-08-19 05:24,5.374
2025-08-19 05:30,5.572
2025-08-19 05:36,5.769
2025-08-19 05:42,5.962
2025-08-19 05:48,6.15
2025-08-19 05:54,6.334
2025-08-19 06:00,6.512
2025-08-19 06:06,6.683
2025-08-19 06:12,6.847
2025-08-19 06:18,7.004
2025-08-19 06:24,7.151
2025-08-19 06:30,7.289
2025-08-19 06:36,7.418
2025-08-19 06:42,7.536
2025-08-19 06:48,7.644
2025-08-19 06:54,7.74
2025-08-19 07:00,7.826
2025-08-19 07:06,7.9
2025-08-19 07:12,7.962
2025-08-19 07:18,8.013
2025-08-19 07:24,8.052
2025-08-19 07:30,8.08
2025-08-19 07:36,8.097
2025-08-19 07:42,8.102
2025-08-19 07:48,8.097
2025-08-19 07:54,8.08
2025-08-19 08:00,8.053
2025-08-19 08:06,8.016
2025-08-19 08:12,7.969
2025-08-19 08:18,7.913
2025-08-19 08:24,7.847
2025-08-19 08:30,7.772
2025-08-19 08:36,7.689
2025-08-19 08:42,7.598
2025-08-19 08:48,7.499
2025-08-19 08:54,7.392
2025-08-19 09:00,7.279
2025-08-19 09:06,7.159
2025-08-19 09:12,7.033
2025-08-19 09:18,6.901
2025-08-19 09:24,6.764
2025-08-19 09:30,6.622
2025-08-19 09:36,6.476
2025-08-19 09:42,6.325
2025-08-19 09:48,6.171
2025-08-19 09:54,6.014
2025-08-19 10:00,5.854
2025-08-19 10:06,5.692
2025-08-19 10:12,5.527
2025-08-19 10:18,5.361
2025-08-19 10:24,5.193
2025-08-19 10:30,5.024
2025-08-19 10:36,4.854
2025-08-19 10:42,4.684
2025-08-19 10:48,4.513
2025-08-19 10:54,4.342
2025-08-19 11:00,4.171
2025-08-19 11:06,4.001
2025-08-19 11:12,3.831
2025-08-19 11:18,3.662
2025-08-19 11:24,3.493
2025-08-19 11:30,3.326
2025-08-19 11:36,3.16
2025-08-19 11:42,2.996
2025-08-19 11:48,2.834
2025-08-19 11:54,2.675
2025-08-19 12:00,2.518
2025-08-19 12:06,2.365
2025-08-19 12:12,2.216
2025-08-19 12:18,2.071
2025-08-19 12:24,1.93
2025-08-19 12:30,1.796
2025-08-19 12:36,1.667
2025-08-19 12:42,1.546
2025-08-19 12:48,1.432
2025-08-19 12:54,1.326
2025-08-19 13:00,1.23
2025-08-19 13:06,1.142
2025-08-19 13:12,1.065
2025-08-19 13:18,0.999
2025-08-19 13:24,0.944
2025-08-19 13:30,0.901
2025-08-19 13:36,0.87
2025-08-19 13:42,0.851
2025-08-19 13:48,0.844
2025-08-19 13:54,0.85
2025-08-19 14:00,0.869
2025-08-19 14:06,0.9
2025-08-19 14:12,0.944
2025-08-19 14:18,0.999
2025-08-19 14:24,1.067
2025-08-19 14:30,1.145
2025-08-19 14:36,1.234
2025-08-19 14:42,1.333
2025-08-19 14:48,1.442
2025-08-19 14:54,1.56
2025-08-19 15:00,1.686
2025-08-19 15:06,1.82
2025-08-19 15:12,1.961
2025-08-19 15:18,2.109
2025-08-19 15:24,2.263
2025-08-19 15:30,2.422
2025-08-19 15:36,2.586
2025-08-19 15:42,2.755
2025-08-19 15:48,2.928
2025-08-19 15:54,3.105
2025-08-19 16:00,3.287
2025-08-19 16:06,3.471
2025-08-19 16:12,3.659
2025-08-19 16:18,3.851
2025-08-19 16:24,4.046
2025-08-19 16:30,4.243
2025-08-19 16:36,4.444
2025-08-19 16:42,4.648
2025-08-19 16:48,4.854
2025-08-19 16:54,5.063
2025-08-19 17:00,5.275
2025-08-19 17:06,5.488
2025-08-19 17:12,5.703
2025-08-19 17:18,5.92
2025-08-19 17:24,6.137
2025-08-19 17:30,6.355
2025-08-19 17:36,6.573
2025-08-19 17:42,6.789
2025-08-19 17:48,7.004
2025-08-19 17:54,7.217
2025-08-19 18:00,7.427
2025-08-19 18:06,7.633
2025-08-19 18:12,7.834
2025-08-19 18:18,8.029
2025-08-19 18:24,8.218
2025-08-19 18:30,8.4
2025-08-19 18:36,8.574
2025-08-19 18:42,8.739
2025-08-19 18:48,8.894
2025-08-19 18:54,9.04
2025-08-19 19:00,9.175
2025-08-19 19:06,9.299
2025-08-19 19:12,9.411
2025-08-19 19:18,9.512
2025-08-19 19:24,9.6
2025-08-19 19:30,9.676
2025-08-19 19:36,9.739
2025-08-19 19:42,9.79
2025-08-19 19:48,9.828
2025-08-19 19:54,9.854
2025-08-19 20:00,9.867
2025-08-19 20:06,9.867
2025-08-19 20:12,9.856
2025-08-19 20:18,9.832
2025-08-19 20:24,9.797
2025-08-19 20:30,9.751
2025-08-19 20:36,9.693
2025-08-19 20:42,9.625
2025-08-19 20:48,9.546
2025-08-19 20:54,9.457
2025-08-19 21:00,9.358
2025-08-19 21:06,9.249
2025-08-19 21:12,9.132
2025-08-19 21:18,9.006
2025-08-19 21:24,8.872
2025-08-19 21:30,8.729
2025-08-19 21:36,8.58
2025-08-19 21:42,8.423
2025-08-19 21:48,8.259
2025-08-19 21:54,8.09
2025-08-19 22:00,7.914
2025-08-19 22:06,7.733
2025-08-19 22:12,7.547
2025-08-19 22:18,7.357
2025-08-19 22:24,7.162
2025-08-19 22:30,6.963
2025-08-19 22:36,6.761
2025-08-19 22:42,6.556
2025-08-19 22:48,6.349
2025-08-19 22:54,6.139
2025-08-19 23:00,5.927
2025-08-19 23:06,5.713
2025-08-19 23:12,5.497
2025-08-19 23:18,5.28
2025-08-19 23:24,5.063
2025-08-19 23:30,4.844
2025-08-19 23:36,4.625
2025-08-19 23:42,4.406
2025-08-19 23:48,4.187
2025-08-19 23:54,3.968
2025-08-20 00:00,3.75
2025-08-20 00:06,3.533
2025-08-20 00:12,3.317
2025-08-20 00:18,3.103
2025-08-20 00:24,2.891
2025-08-20 00:30,2.682
2025-08-20 00:36,2.476
2025-08-20 00:42,2.275
2025-08-20 00:48,2.077
2025-08-20 00:54,1.885
2025-08-20 01:00,1.699
2025-08-20 01:06,1.519
2025-08-20 01:12,1.346
2025-08-20 01:18,1.182
2025-08-20 01:24,1.026
2025-08-20 01:30,0.88
2025-08-20 01:36,0.744
2025-08-20 01:42,0.618
2025-08-20 01:48,0.504
2025-08-20 01:54,0.402
2025-08-20 02:00,0.312
2025-08-20 02:06,0.235
2025-08-20 02:12,0.17
2025-08-20 02:18,0.119
2025-08-20 02:24,0.081
2025-08-20 02:30,0.055
2025-08-20 02:36,0.043
2025-08-20 02:42,0.043
2025-08-20 02:48,0.056
2025-08-20 02:54,0.081
2025-08-20 03:00,0.117
2025-08-20 03:06,0.165
2025-08-20 03:12,0.223
2025-08-20 03:18,0.291
2025-08-20 03:24,0.369
2025-08-20 03:30,0.456
2025-08-20 03:36,0.551
2025-08-20 03:42,0.654
2025-08-20 03:48,0.764
2025-08-20 03:54,0.881
2025-08-20 04:00,1.005
2025-08-20 04:06,1.135
2025-08-20 04:12,1.27
2025-08-20 04:18,1.411
2025-08-20 04:24,1.558
2025-08-20 04:30,1.709
2025-08-20 04:36,1.866
2025-08-20 04:42,2.027
2025-08-20 04:48,2.194
2025-08-20 04:54,2.365
2025-08-20 05:00,2.541
2025-08-20 05:06,2.721
2025-08-20 05:12,2.906
2025-08-20 05:18,3.095
2025-08-20 05:24,3.288
2025-08-20 05:30,3.485
2025-08-20 05:36,3.685
2025-08-20 05:42,3.889
2025-08-20 05:48,4.095
2025-08-20 05:54,4.303
2025-08-20 06:00,4.513
2025-08-20 06:06,4.724
2025-08-20 06:12,4.934
2025-08-20 06:18,5.145
2025-08-20 06:24,5.354
2025-08-20 06:30,5.56
2025-08-20 06:36,5.764
2025-08-20 06:42,5.964
2025-08-20 06:48,6.159
2025-08-20 06:54,6.349
2025-08-20 07:00,6.532
2025-08-20 07:06,6.708
2025-08-20 07:12,6.876
2025-08-20 07:18,7.036
2025-08-20 07:24,7.187
2025-08-20 07:30,7.328
2025-08-20 07:36,7.459
2025-08-20 07:42,7.579
2025-08-20 07:48,7.689
2025-08-20 07:54,7.787
2025-08-20 08:00,7.875
2025-08-20 08:06,7.951
2025-08-20 08:12,8.015
2025-08-20 08:18,8.068
2025-08-20 08:24,8.11
2025-08-20 08:30,8.141
2025-08-20 08:36,8.16
2025-08-20 08:42,8.169
2025-08-20 08:48,8.166
2025-08-20 08:54,8.153
2025-08-20 09:00,8.13
2025-08-20 09:06,8.097
2025-08-20 09:12,8.054
2025-08-20 09:18,8.002
2025-08-20 09:24,7.941
2025-08-20 09:30,7.87
2025-08-20 09:36,7.792
2025-08-20 09:42,7.705
2025-08-20 09:48,7.61
2025-08-20 09:54,7.508
2025-08-20 10:00,7.399
2025-08-20 10:06,7.283
2025-08-20 10:12,7.161
2025-08-20 10:18,7.032
2025-08-20 10:24,6.898
2025-08-20 10:30,6.759
2025-08-20 10:36,6.615
2025-08-20 10:42,6.467
2025-08-20 10:48,6.314
2025-08-20 10:54,6.158
2025-08-20 11:00,5.998
2025-08-20 11:06,5.835
2025-08-20 11:12,5.67
2025-08-20 11:18,5.502
2025-08-20 11:24,5.332
2025-08-20 11:30,5.16
2025-08-20 11:36,4.986
2025-08-20 11:42,4.811
2025-08-20 11:48,4.635
2025-08-20 11:54,4.458
2025-08-20 12:00,4.281
2025-08-20 12:06,4.103
2025-08-20 12:12,3.925
2025-08-20 12:18,3.747
2025-08-20 12:24,3.57
2025-08-20 12:30,3.393
2025-08-20 12:36,3.217
2025-08-20 12:42,3.043
2025-08-20 12:48,2.871
2025-08-20 12:54,2.701
2025-08-20 13:00,2.535
2025-08-20 13:06,2.372
2025-08-20 13:12,2.213
2025-08-20 13:18,2.058
2025-08-20 13:24,1.909
2025-08-20 13:30,1.767
2025-08-20 13:36,1.631
2025-08-20 13:42,1.503
2025-08-20 13:48,1.383
2025-08-20 13:54,1.272
2025-08-20 14:00,1.17
2025-08-20 14:06,1.079
2025-08-20 14:12,0.999
2025-08-20 14:18,0.93
2025-08-20 14:24,0.873
2025-08-20 14:30,0.828
2025-08-20 14:36,0.796
2025-08-20 14:42,0.776
2025-08-20 14:48,0.769
2025-08-20 14:54,0.774
2025-08-20 15:00,0.792
2025-08-20 15:06,0.822
2025-08-20 15:12,0.864
2025-08-20 15:18,0.919
2025-08-20 15:24,0.984
2025-08-20 15:30,1.06
2025-08-20 15:36,1.147
2025-08-20 15:42,1.243
2025-08-20 15:48,1.348
2025-08-20 15:54,1.463
2025-08-20 16:00,1.585
2025-08-20 16:06,1.715
2025-08-20 16:12,1.851
2025-08-20 16:18,1.995
2025-08-20 16:24,2.144
2025-08-20 16:30,2.3
2025-08-20 16:36,2.46
2025-08-20 16:42,2.626
2025-08-20 16:48,2.797
2025-08-20 16:54,2.973
2025-08-20 17:00,3.153
2025-08-20 17:06,3.338
2025-08-20 17:12,3.527
2025-08-20 17:18,3.72
2025-08-20 17:24,3.918
2025-08-20 17:30,4.119
2025-08-20 17:36,4.325
2025-08-20 17:42,4.534
2025-08-20 17:48,4.747
2025-08-20 17:54,4.963
2025-08-20 18:00,5.181
2025-08-20 18:06,5.403
2025-08-20 18:12,5.626
2025-08-20 18:18,5.851
2025-08-20 18:24,6.077
2025-08-20 18:30,6.303
2025-08-20 18:36,6.528
2025-08-20 18:42,6.752
2025-08-20 18:48,6.975
2025-08-20 18:54,7.194
2025-08-20 19:00,7.41
2025-08-20 19:06,7.621
2025-08-20 19:12,7.826
2025-08-20 19:18,8.026
2025-08-20 19:24,8.218
2025-08-20 19:30,8.402
2025-08-20 19:36,8.578
2025-08-20 19:42,8.744
2025-08-20 19:48,8.9
2025-08-20 19:54,9.046
2025-08-20 20:00,9.181
2025-08-20 20:06,9.304
2025-08-20 20:12,9.416
2025-08-20 20:18,9.515
2025-08-20 20:24,9.602
2025-08-20 20:30,9.677
2025-08-20 20:36,9.74
2025-08-20 20:42,9.789
2025-08-20 20:48,9.827
2025-08-20 20:54,9.852
2025-08-20 21:00,9.865
2025-08-20 21:06,9.865
2025-08-20 21:12,9.854
2025-08-20 21:18,9.831
2025-08-20 21:24,9.797
2025-08-20 21:30,9.751
2025-08-20 21:36,9.694
2025-08-20 21:42,9.627
2025-08-20 21:48,9.549
2025-08-20 21:54,9.461
2025-08-20 22:00,9.364
2025-08-20 22:06,9.257
2025-08-20 22:12,9.14
2025-08-20 22:18,9.016
2025-08-20 22:24,8.882
2025-08-20 22:30,8.741
2025-08-20 22:36,8.592
2025-08-20 22:42,8.436
2025-08-20 22:48,8.272
2025-08-20 22:54,8.103
2025-08-20 23:00,7.927
2025-08-20 23:06,7.746
2025-08-20 23:12,7.559
2025-08-20 23:18,7.367
2025-08-20 23:24,7.171
2025-08-20 23:30,6.971
2025-08-20 23:36,6.767
2025-08-20 23:42,6.559
2025-08-20 23:48,6.348
2025-08-20 23:54,6.135
2025-08-21 00:00,5.919
2025-08-21 00:06,5.701
2025-08-21 00:12,5.48
2025-08-21 00:18,5.259
2025-08-21 00:24,5.035
2025-08-21 00:30,4.811
2025-08-21 00:36,4.586
2025-08-21 00:42,4.361
2025-08-21 00:48,4.135
2025-08-21 00:54,3.909
2025-08-21 01:00,3.685
2025-08-21 01:06,3.461
2025-08-21 01:12,3.238
2025-08-21 01:18,3.018
2025-08-21 01:24,2.8
2025-08-21 01:30,2.586
2025-08-21 01:36,2.375
2025-08-21 01:42,2.168
2025-08-21 01:48,1.967
2025-08-21 01:54,1.772
2025-08-21 02:00,1.583
2025-08-21 02:06,1.402
2025-08-21 02:12,1.229
2025-08-21 02:18,1.065
2025-08-21 02:24,0.91
2025-08-21 02:30,0.766
2025-08-21 02:36,0.632
2025-08-21 02:42,0.51
2025-08-21 02:48,0.401
2025-08-21 02:54,0.303
2025-08-21 03:00,0.218
2025-08-21 03:06,0.147
2025-08-21 03:12,0.088
2025-08-21 03:18,0.043
2025-08-21 03:24,0.011
2025-08-21 03:30,-0.009
2025-08-21 03:36,-0.015
2025-08-21 03:42,-0.009
2025-08-21 03:48,0.009
2025-08-21 03:54,0.039
2025-08-21 04:00,0.081
2025-08-21 04:06,0.133
2025-08-21 04:12,0.195
2025-08-21 04:18,0.267
2025-08-21 04:24,0.349
2025-08-21 04:30,0.439
2025-08-21 04:36,0.537
2025-08-21 04:42,0.643
2025-08-21 04:48,0.757
2025-08-21 04:54,0.878
2025-08-21 05:00,1.005
2025-08-21 05:06,1.139
2025-08-21 05:12,1.279
2025-08-21 05:18,1.425
2025-08-21 05:24,1.577
2025-08-21 05:30,1.735
2025-08-21 05:36,1.898
2025-08-21 05:42,2.068
2025-08-21 05:48,2.242
2025-08-21 05:54,2.422
2025-08-21 06:00,2.607
2025-08-21 06:06,2.798
2025-08-21 06:12,2.993
2025-08-21 06:18,3.193
2025-08-21 06:24,3.397
2025-08-21 06:30,3.605
2025-08-21 06:36,3.816
2025-08-21 06:42,4.031
2025-08-21 06:48,4.247
2025-08-21 06:54,4.466
2025-08-21 07:00,4.685
2025-08-21 07:06,4.905
2025-08-21 07:12,5.124
2025-08-21 07:18,5.341
2025-08-21 07:24,5.557
2025-08-21 07:30,5.769
2025-08-21 07:36,5.977
2025-08-21 07:42,6.181
2025-08-21 07:48,6.378
2025-08-21 07:54,6.569
2025-08-21 08:00,6.753
2025-08-21 08:06,6.929
2025-08-21 08:12,7.096
2025-08-21 08:18,7.254
2025-08-21 08:24,7.403
2025-08-21 08:30,7.541
2025-08-21 08:36,7.669
2025-08-21 08:42,7.785
2025-08-21 08:48,7.891
2025-08-21 08:54,7.986
2025-08-21 09:00,8.069
2025-08-21 09:06,8.14
2025-08-21 09:12,8.2
2025-08-21 09:18,8.249
2025-08-21 09:24,8.286
2025-08-21 09:30,8.312
2025-08-21 09:36,8.327
2025-08-21 09:42,8.331
2025-08-21 09:48,8.325
2025-08-21 09:54,8.307
2025-08-21 10:00,8.28
2025-08-21 10:06,8.242
2025-08-21 10:12,8.195
2025-08-21 10:18,8.138
2025-08-21 10:24,8.072
2025-08-21 10:30,7.997
2025-08-21 10:36,7.914
2025-08-21 10:42,7.822
2025-08-21 10:48,7.722
2025-08-21 10:54,7.614
2025-08-21 11:00,7.499
2025-08-21 11:06,7.378
2025-08-21 11:12,7.249
2025-08-21 11:18,7.115
2025-08-21 11:24,6.974
2025-08-21 11:30,6.829
2025-08-21 11:36,6.678
2025-08-21 11:42,6.522
2025-08-21 11:48,6.363
2025-08-21 11:54,6.199
2025-08-21 12:00,6.032
2025-08-21 12:06,5.861
2025-08-21 12:12,5.687
2025-08-21 12:18,5.511
2025-08-21 12:24,5.333
2025-08-21 12:30,5.152
2025-08-21 12:36,4.97
2025-08-21 12:42,4.786
2025-08-21 12:48,4.6
2025-08-21 12:54,4.414
2025-08-21 13:00,4.227
2025-08-21 13:06,4.04
2025-08-21 13:12,3.852
2025-08-21 13:18,3.665
2025-08-21 13:24,3.478
2025-08-21 13:30,3.293
2025-08-21 13:36,3.108
2025-08-21 13:42,2.926
2025-08-21 13:48,2.746
2025-08-21 13:54,2.568
2025-08-21 14:00,2.395
2025-08-21 14:06,2.225
2025-08-21 14:12,2.061
2025-08-21 14:18,1.902
2025-08-21 14:24,1.749
2025-08-21 14:30,1.604
2025-08-21 14:36,1.466
2025-08-21 14:42,1.337
2025-08-21 14:48,1.217
2025-08-21 14:54,1.107
2025-08-21 15:00,1.007
2025-08-21 15:06,0.919
2025-08-21 15:12,0.842
2025-08-21 15:18,0.778
2025-08-21 15:24,0.725
2025-08-21 15:30,0.686
2025-08-21 15:36,0.659
2025-08-21 15:42,0.645
2025-08-21 15:48,0.644
2025-08-21 15:54,0.656
2025-08-21 16:00,0.68
2025-08-21 16:06,0.717
2025-08-21 16:12,0.765
2025-08-21 16:18,0.825
2025-08-21 16:24,0.896
2025-08-21 16:30,0.978
2025-08-21 16:36,1.069
2025-08-21 16:42,1.17
2025-08-21 16:48,1.28
2025-08-21 16:54,1.399
2025-08-21 17:00,1.525
2025-08-21 17:06,1.659
2025-08-21 17:12,1.8
2025-08-21 17:18,1.947
2025-08-21 17:24,2.101
2025-08-21 17:30,2.26
2025-08-21 17:36,2.426
2025-08-21 17:42,2.597
2025-08-21 17:48,2.773
2025-08-21 17:54,2.955
2025-08-21 18:00,3.141
2025-08-21 18:06,3.333
2025-08-21 18:12,3.529
2025-08-21 18:18,3.73
2025-08-21 18:24,3.936
2025-08-21 18:30,4.145
2025-08-21 18:36,4.359
2025-08-21 18:42,4.577
2025-08-21 18:48,4.799
2025-08-21 18:54,5.023
2025-08-21 19:00,5.25
2025-08-21 19:06,5.48
2025-08-21 19:12,5.711
2025-08-21 19:18,5.943
2025-08-21 19:24,6.175
2025-08-21 19:30,6.406
2025-08-21 19:36,6.636
2025-08-21 19:42,6.864
2025-08-21 19:48,7.09
2025-08-21 19:54,7.311
2025-08-21 20:00,7.527
2025-08-21 20:06,7.738
2025-08-21 20:12,7.942
2025-08-21 20:18,8.139
2025-08-21 20:24,8.328
2025-08-21 20:30,8.508
2025-08-21 20:36,8.678
2025-08-21 20:42,8.839
2025-08-21 20:48,8.989
2025-08-21 20:54,9.127
2025-08-21 21:00,9.255
2025-08-21 21:06,9.37
2025-08-21 21:12,9.474
2025-08-21 21:18,9.565
2025-08-21 21:24,9.643
2025-08-21 21:30,9.71
2025-08-21 21:36,9.763
2025-08-21 21:42,9.804
2025-08-21 21:48,9.833
2025-08-21 21:54,9.849
2025-08-21 22:00,9.853
2025-08-21 22:06,9.845
2025-08-21 22:12,9.825
2025-08-21 22:18,9.794
2025-08-21 22:24,9.751
2025-08-21 22:30,9.697
2025-08-21 22:36,9.632
2025-08-21 22:42,9.556
2025-08-21 22:48,9.47
2025-08-21 22:54,9.374
2025-08-21 23:00,9.268
2025-08-21 23:06,9.152
2025-08-21 23:12,9.028
2025-08-21 23:18,8.895
2025-08-21 23:24,8.754
2025-08-21 23:30,8.604
2025-08-21 23:36,8.447
2025-08-21 23:42,8.283
2025-08-21 23:48,8.113
2025-08-21 23:54,7.936
2025-08-22 00:00,7.753
2025-08-22 00:06,7.564
2025-08-22 00:12,7.371
2025-08-22 00:18,7.172
2025-08-22 00:24,6.97
2025-08-22 00:30,6.763
2025-08-22 00:36,6.553
2025-08-22 00:42,6.339
2025-08-22 00:48,6.123
2025-08-22 00:54,5.904
2025-08-22 01:00,5.683
2025-08-22 01:06,5.459
2025-08-22 01:12,5.234
2025-08-22 01:18,5.008
2025-08-22 01:24,4.78
2025-08-22 01:30,4.552
2025-08-22 01:36,4.323
2025-08-22 01:42,4.093
2025-08-22 01:48,3.865
2025-08-22 01:54,3.636
2025-08-22 02:00,3.409
2025-08-22 02:06,3.184
2025-08-22 02:12,2.96
2025-08-22 02:18,2.74
2025-08-22 02:24,2.522
2025-08-22 02:30,2.309
2025-08-22 02:36,2.1
2025-08-22 02:42,1.897
2025-08-22 02:48,1.7
2025-08-22 02:54,1.511
2025-08-22 03:00,1.329
2025-08-22 03:06,1.155
2025-08-22 03:12,0.991
2025-08-22 03:18,0.837
2025-08-22 03:24,0.693
2025-08-22 03:30,0.561
2025-08-22 03:36,0.441
2025-08-22 03:42,0.333
2025-08-22 03:48,0.238
2025-08-22 03:54,0.156
2025-08-22 04:00,0.087
2025-08-22 04:06,0.031
2025-08-22 04:12,-0.01
2025-08-22 04:18,-0.039
2025-08-22 04:24,-0.054
2025-08-22 04:30,-0.056
2025-08-22 04:36,-0.046
2025-08-22 04:42,-0.023
2025-08-22 04:48,0.012
2025-08-22 04:54,0.058
2025-08-22 05:00,0.115
2025-08-22 05:06,0.182
2025-08-22 05:12,0.26
2025-08-22 05:18,0.346
2025-08-22 05:24,0.442
2025-08-22 05:30,0.546
2025-08-22 05:36,0.658
2025-08-22 05:42,0.778
2025-08-22 05:48,0.904
2025-08-22 05:54,1.038
2025-08-22 06:00,1.179
2025-08-22 06:06,1.326
2025-08-22 06:12,1.479
2025-08-22 06:18,1.638
2025-08-22 06:24,1.803
2025-08-22 06:30,1.974
2025-08-22 06:36,2.151
2025-08-22 06:42,2.334
2025-08-22 06:48,2.522
2025-08-22 06:54,2.715
2025-08-22 07:00,2.914
2025-08-22 07:06,3.117
2025-08-22 07:12,3.325
2025-08-22 07:18,3.537
2025-08-22 07:24,3.752
2025-08-22 07:30,3.971
2025-08-22 07:36,4.193
2025-08-22 07:42,4.417
2025-08-22 07:48,4.642
2025-08-22 07:54,4.867
2025-08-22 08:00,5.093
2025-08-22 08:06,5.317
2025-08-22 08:12,5.54
2025-08-22 08:18,5.76
2025-08-22 08:24,5.976
2025-08-22 08:30,6.188
2025-08-22 08:36,6.394
2025-08-22 08:42,6.594
2025-08-22 08:48,6.788
2025-08-22 08:54,6.973
2025-08-22 09:00,7.151
2025-08-22 09:06,7.319
2025-08-22 09:12,7.478
2025-08-22 09:18,7.626
2025-08-22 09:24,7.764
2025-08-22 09:30,7.891
2025-08-22 09:36,8.007
2025-08-22 09:42,8.112
2025-08-22 09:48,8.205
2025-08-22 09:54,8.286
2025-08-22 10:00,8.355
2025-08-22 10:06,8.413
2025-08-22 10:12,8.459
2025-08-22 10:18,8.493
2025-08-22 10:24,8.516
2025-08-22 10:30,8.528
2025-08-22 10:36,8.528
2025-08-22 10:42,8.517
2025-08-22 10:48,8.495
2025-08-22 10:54,8.463
2025-08-22 11:00,8.42
2025-08-22 11:06,8.367
2025-08-22 11:12,8.304
2025-08-22 11:18,8.232
2025-08-22 11:24,8.151
2025-08-22 11:30,8.06
2025-08-22 11:36,7.961
2025-08-22 11:42,7.854
2025-08-22 11:48,7.739
2025-08-22 11:54,7.617
2025-08-22 12:00,7.487
2025-08-22 12:06,7.351
2025-08-22 12:12,7.209
2025-08-22 12:18,7.06
2025-08-22 12:24,6.906
2025-08-22 12:30,6.748
2025-08-22 12:36,6.584
2025-08-22 12:42,6.416
2025-08-22 12:48,6.244
2025-08-22 12:54,6.069
2025-08-22 13:00,5.89
2025-08-22 13:06,5.709
2025-08-22 13:12,5.525
2025-08-22 13:18,5.338
2025-08-22 13:24,5.15
2025-08-22 13:30,4.96
2025-08-22 13:36,4.768
2025-08-22 13:42,4.575
2025-08-22 13:48,4.381
2025-08-22 13:54,4.187
2025-08-22 14:00,3.992
2025-08-22 14:06,3.797
2025-08-22 14:12,3.603
2025-08-22 14:18,3.409
2025-08-22 14:24,3.217
2025-08-22 14:30,3.026
2025-08-22 14:36,2.837
2025-08-22 14:42,2.65
2025-08-22 14:48,2.468
2025-08-22 14:54,2.288
2025-08-22 15:00,2.114
2025-08-22 15:06,1.945
2025-08-22 15:12,1.782
2025-08-22 15:18,1.626
2025-08-22 15:24,1.477
2025-08-22 15:30,1.337
2025-08-22 15:36,1.205
2025-08-22 15:42,1.084
2025-08-22 15:48,0.973
2025-08-22 15:54,0.873
2025-08-22 16:00,0.785
2025-08-22 16:06,0.709
2025-08-22 16:12,0.645
2025-08-22 16:18,0.594
2025-08-22 16:24,0.557
2025-08-22 16:30,0.532
2025-08-22 16:36,0.521
2025-08-22 16:42,0.523
2025-08-22 16:48,0.538
2025-08-22 16:54,0.566
2025-08-22 17:00,0.606
2025-08-22 17:06,0.659
2025-08-22 17:12,0.722
2025-08-22 17:18,0.798
2025-08-22 17:24,0.883
2025-08-22 17:30,0.979
2025-08-22 17:36,1.084
2025-08-22 17:42,1.198
2025-08-22 17:48,1.321
2025-08-22 17:54,1.452
2025-08-22 18:00,1.59
2025-08-22 18:06,1.735
2025-08-22 18:12,1.887
2025-08-22 18:18,2.045
2025-08-22 18:24,2.209
2025-08-22 18:30,2.379
2025-08-22 18:36,2.554
2025-08-22 18:42,2.735
2025-08-22 18:48,2.921
2025-08-22 18:54,3.112
2025-08-22 19:00,3.308
2025-08-22 19:06,3.509
2025-08-22 19:12,3.714
2025-08-22 19:18,3.924
2025-08-22 19:24,4.138
2025-08-22 19:30,4.356
2025-08-22 19:36,4.578
2025-08-22 19:42,4.803
2025-08-22 19:48,5.031
2025-08-22 19:54,5.262
2025-08-22 20:00,5.494
2025-08-22 20:06,5.728
2025-08-22 20:12,5.962
2025-08-22 20:18,6.196
2025-08-22 20:24,6.429
2025-08-22 20:30,6.66
2025-08-22 20:36,6.889
2025-08-22 20:42,7.114
2025-08-22 20:48,7.335
2025-08-22 20:54,7.551
2025-08-22 21:00,7.76
2025-08-22 21:06,7.963
2025-08-22 21:12,8.157
2025-08-22 21:18,8.343
2025-08-22 21:24,8.52
2025-08-22 21:30,8.687
2025-08-22 21:36,8.844
2025-08-22 21:42,8.99
2025-08-22 21:48,9.124
2025-08-22 21:54,9.246
2025-08-22 22:00,9.356
2025-08-22 22:06,9.454
2025-08-22 22:12,9.539
2025-08-22 22:18,9.612
2025-08-22 22:24,9.672
2025-08-22 22:30,9.719
2025-08-22 22:36,9.753
2025-08-22 22:42,9.775
2025-08-22 22:48,9.784
2025-08-22 22:54,9.781
2025-08-22 23:00,9.766
2025-08-22 23:06,9.738
2025-08-22 23:12,9.699
2025-08-22 23:18,9.649
2025-08-22 23:24,9.587
2025-08-22 23:30,9.514
2025-08-22 23:36,9.431
2025-08-22 23:42,9.337
2025-08-22 23:48,9.233
2025-08-22 23:54,9.12
2025-08-23 00:00,8.997
2025-08-23 00:06,8.865
2025-08-23 00:12,8.725
2025-08-23 00:18,8.577
2025-08-23 00:24,8.421
2025-08-23 00:30,8.258
2025-08-23 00:36,8.088
2025-08-23 00:42,7.912
2025-08-23 00:48,7.73
2025-08-23 00:54,7.542
2025-08-23 01:00,7.349
2025-08-23 01:06,7.151
2025-08-23 01:12,6.949
2025-08-23 01:18,6.743
2025-08-23 01:24,6.534
2025-08-23 01:30,6.321
2025-08-23 01:36,6.106
2025-08-23 01:42,5.887
2025-08-23 01:48,5.667
2025-08-23 01:54,5.445
2025-08-23 02:00,5.221
2025-08-23 02:06,4.995
2025-08-23 02:12,4.769
2025-08-23 02:18,4.542
2025-08-23 02:24,4.314
2025-08-23 02:30,4.086
2025-08-23 02:36,3.858
2025-08-23 02:42,3.631
2025-08-23 02:48,3.405
2025-08-23 02:54,3.181
2025-08-23 03:00,2.959
2025-08-23 03:06,2.739
2025-08-23 03:12,2.523
2025-08-23 03:18,2.31
2025-08-23 03:24,2.102
2025-08-23 03:30,1.9
2025-08-23 03:36,1.703
2025-08-23 03:42,1.514
2025-08-23 03:48,1.332
2025-08-23 03:54,1.159
2025-08-23 04:00,0.995
2025-08-23 04:06,0.841
2025-08-23 04:12,0.698
2025-08-23 04:18,0.566
2025-08-23 04:24,0.446
2025-08-23 04:30,0.339
2025-08-23 04:36,0.244
2025-08-23 04:42,0.163
2025-08-23 04:48,0.095
2025-08-23 04:54,0.041
2025-08-23 05:00,0.001
2025-08-23 05:06,-0.026
2025-08-23 05:12,-0.039
2025-08-23 05:18,-0.038
2025-08-23 05:24,-0.025
2025-08-23 05:30,0.001
2025-08-23 05:36,0.04
2025-08-23 05:42,0.09
2025-08-23 05:48,0.151
2025-08-23 05:54,0.223
2025-08-23 06:00,0.305
2025-08-23 06:06,0.397
2025-08-23 06:12,0.498
2025-08-23 06:18,0.608
2025-08-23 06:24,0.725
2025-08-23 06:30,0.85
2025-08-23 06:36,0.983
2025-08-23 06:42,1.122
2025-08-23 06:48,1.268
2025-08-23 06:54,1.42
2025-08-23 07:00,1.578
2025-08-23 07:06,1.742
2025-08-23 07:12,1.912
2025-08-23 07:18,2.088
2025-08-23 07:24,2.269
2025-08-23 07:30,2.455
2025-08-23 07:36,2.647
2025-08-23 07:42,2.844
2025-08-23 07:48,3.046
2025-08-23 07:54,3.252
2025-08-23 08:00,3.463
2025-08-23 08:06,3.677
2025-08-23 08:12,3.896
2025-08-23 08:18,4.117
2025-08-23 08:24,4.341
2025-08-23 08:30,4.567
2025-08-23 08:36,4.795
2025-08-23 08:42,5.023
2025-08-23 08:48,5.251
2025-08-23 08:54,5.478
2025-08-23 09:00,5.703
2025-08-23 09:06,5.925
2025-08-23 09:12,6.144
2025-08-23 09:18,6.358
2025-08-23 09:24,6.567
2025-08-23 09:30,6.77
2025-08-23 09:36,6.966
2025-08-23 09:42,7.154
2025-08-23 09:48,7.334
2025-08-23 09:54,7.504
2025-08-23 10:00,7.665
2025-08-23 10:06,7.815
2025-08-23 10:12,7.955
2025-08-23 10:18,8.083
2025-08-23 10:24,8.2
2025-08-23 10:30,8.305
2025-08-23 10:36,8.398
2025-08-23 10:42,8.479
2025-08-23 10:48,8.548
2025-08-23 10:54,8.604
2025-08-23 11:00,8.649
2025-08-23 11:06,8.681
2025-08-23 11:12,8.701
2025-08-23 11:18,8.71
2025-08-23 11:24,8.707
2025-08-23 11:30,8.692
2025-08-23 11:36,8.666
2025-08-23 11:42,8.63
2025-08-23 11:48,8.582
2025-08-23 11:54,8.524
2025-08-23 12:00,8.456
2025-08-23 12:06,8.379
2025-08-23 12:12,8.292
2025-08-23 12:18,8.195
2025-08-23 12:24,8.091
2025-08-23 12:30,7.977
2025-08-23 12:36,7.856
2025-08-23 12:42,7.728
2025-08-23 12:48,7.592
2025-08-23 12:54,7.449
2025-08-23 13:00,7.301
2025-08-23 13:06,7.146
2025-08-23 13:12,6.986
2025-08-23 13:18,6.821
2025-08-23 13:24,6.651
2025-08-23 13:30,6.477
2025-08-23 13:36,6.3
2025-08-23 13:42,6.119
2025-08-23 13:48,5.934
2025-08-23 13:54,5.747
2025-08-23 14:00,5.558
2025-08-23 14:06,5.366
2025-08-23 14:12,5.173
2025-08-23 14:18,4.977
2025-08-23 14:24,4.781
2025-08-23 14:30,4.584
2025-08-23 14:36,4.385
2025-08-23 14:42,4.187
2025-08-23 14:48,3.988
2025-08-23 14:54,3.789
2025-08-23 15:00,3.59
2025-08-23 15:06,3.393
2025-08-23 15:12,3.196
2025-08-23 15:18,3.002
2025-08-23 15:24,2.809
2025-08-23 15:30,2.62
2025-08-23 15:36,2.433
2025-08-23 15:42,2.251
2025-08-23 15:48,2.073
2025-08-23 15:54,1.901
2025-08-23 16:00,1.735
2025-08-23 16:06,1.575
2025-08-23 16:12,1.423
2025-08-23 16:18,1.28
2025-08-23 16:24,1.146
2025-08-23 16:30,1.022
2025-08-23 16:36,0.908
2025-08-23 16:42,0.806
2025-08-23 16:48,0.715
2025-08-23 16:54,0.637
2025-08-23 17:00,0.571
2025-08-23 17:06,0.519
2025-08-23 17:12,0.48
2025-08-23 17:18,0.454
2025-08-23 17:24,0.442
2025-08-23 17:30,0.443
2025-08-23 17:36,0.457
2025-08-23 17:42,0.485
2025-08-23 17:48,0.525
2025-08-23 17:54,0.578
2025-08-23 18:00,0.643
2025-08-23 18:06,0.719
2025-08-23 18:12,0.806
2025-08-23 18:18,0.903
2025-08-23 18:24,1.009
2025-08-23 18:30,1.125
2025-08-23 18:36,1.249
2025-08-23 18:42,1.382
2025-08-23 18:48,1.521
2025-08-23 18:54,1.668
2025-08-23 19:00,1.821
2025-08-23 19:06,1.981
2025-08-23 19:12,2.146
2025-08-23 19:18,2.317
2025-08-23 19:24,2.493
2025-08-23 19:30,2.674
2025-08-23 19:36,2.86
2025-08-23 19:42,3.051
2025-08-23 19:48,3.247
2025-08-23 19:54,3.447
2025-08-23 20:00,3.652
2025-08-23 20:06,3.861
2025-08-23 20:12,4.074
2025-08-23 20:18,4.29
2025-08-23 20:24,4.51
2025-08-23 20:30,4.734
2025-08-23 20:36,4.96
2025-08-23 20:42,5.188
2025-08-23 20:48,5.419
2025-08-23 20:54,5.65
2025-08-23 21:00,5.882
2025-08-23 21:06,6.114
2025-08-23 21:12,6.345
2025-08-23 21:18,6.575
2025-08-23 21:24,6.801
2025-08-23 21:30,7.024
2025-08-23 21:36,7.243
2025-08-23 21:42,7.457
2025-08-23 21:48,7.664
2025-08-23 21:54,7.865
2025-08-23 22:00,8.058
2025-08-23 22:06,8.242
2025-08-23 22:12,8.417
2025-08-23 22:18,8.582
2025-08-23 22:24,8.737
2025-08-23 22:30,8.88
2025-08-23 22:36,9.012
2025-08-23 22:42,9.131
2025-08-23 22:48,9.239
2025-08-23 22:54,9.333
2025-08-23 23:00,9.416
2025-08-23 23:06,9.485
2025-08-23 23:12,9.541
2025-08-23 23:18,9.584
2025-08-23 23:24,9.615
2025-08-23 23:30,9.632
2025-08-23 23:36,9.637
2025-08-23 23:42,9.63
2025-08-23 23:48,9.61
2025-08-23 23:54,9.578
2025-08-24 00:00,9.534
2025-08-24 00:06,9.479
2025-08-24 00:12,9.413
2025-08-24 00:18,9.336
2025-08-24 00:24,9.248
2025-08-24 00:30,9.15
2025-08-24 00:36,9.043
2025-08-24 00:42,8.926
2025-08-24 00:48,8.799
2025-08-24 00:54,8.665
2025-08-24 01:00,8.522
2025-08-24 01:06,8.371
2025-08-24 01:12,8.213
2025-08-24 01:18,8.048
2025-08-24 01:24,7.876
2025-08-24 01:30,7.699
2025-08-24 01:36,7.516
2025-08-24 01:42,7.328
2025-08-24 01:48,7.135
2025-08-24 01:54,6.937
2025-08-24 02:00,6.736
2025-08-24 02:06,6.531
2025-08-24 02:12,6.323
2025-08-24 02:18,6.113
2025-08-24 02:24,5.9
2025-08-24 02:30,5.684
2025-08-24 02:36,5.467
2025-08-24 02:42,5.248
2025-08-24 02:48,5.029
2025-08-24 02:54,4.808
2025-08-24 03:00,4.586
2025-08-24 03:06,4.364
2025-08-24 03:12,4.142
2025-08-24 03:18,3.92
2025-08-24 03:24,3.699
2025-08-24 03:30,3.479
2025-08-24 03:36,3.26
2025-08-24 03:42,3.043
2025-08-24 03:48,2.829
2025-08-24 03:54,2.618
2025-08-24 04:00,2.41
2025-08-24 04:06,2.206
2025-08-24 04:12,2.007
2025-08-24 04:18,1.814
2025-08-24 04:24,1.627
2025-08-24 04:30,1.447
2025-08-24 04:36,1.275
2025-08-24 04:42,1.112
2025-08-24 04:48,0.958
2025-08-24 04:54,0.815
2025-08-24 05:00,0.682
2025-08-24 05:06,0.56
2025-08-24 05:12,0.451
2025-08-24 05:18,0.354
2025-08-24 05:24,0.271
2025-08-24 05:30,0.201
2025-08-24 05:36,0.144
2025-08-24 05:42,0.101
2025-08-24 05:48,0.072
2025-08-24 05:54,0.057
2025-08-24 06:00,0.055
2025-08-24 06:06,0.067
2025-08-24 06:12,0.092
2025-08-24 06:18,0.13
2025-08-24 06:24,0.18
2025-08-24 06:30,0.241
2025-08-24 06:36,0.314
2025-08-24 06:42,0.397
2025-08-24 06:48,0.49
2025-08-24 06:54,0.593
2025-08-24 07:00,0.705
2025-08-24 07:06,0.824
2025-08-24 07:12,0.952
2025-08-24 07:18,1.087
2025-08-24 07:24,1.228
2025-08-24 07:30,1.376
2025-08-24 07:36,1.53
2025-08-24 07:42,1.69
2025-08-24 07:48,1.856
2025-08-24 07:54,2.027
2025-08-24 08:00,2.203
2025-08-24 08:06,2.384
2025-08-24 08:12,2.57
2025-08-24 08:18,2.761
2025-08-24 08:24,2.956
2025-08-24 08:30,3.156
2025-08-24 08:36,3.36
2025-08-24 08:42,3.568
2025-08-24 08:48,3.781
2025-08-24 08:54,3.996
2025-08-24 09:00,4.215
2025-08-24 09:06,4.436
2025-08-24 09:12,4.66
2025-08-24 09:18,4.885
2025-08-24 09:24,5.111
2025-08-24 09:30,5.337
2025-08-24 09:36,5.563
2025-08-24 09:42,5.787
2025-08-24 09:48,6.01
2025-08-24 09:54,6.229
2025-08-24 10:00,6.444
2025-08-24 10:06,6.654
2025-08-24 10:12,6.859
2025-08-24 10:18,7.057
2025-08-24 10:24,7.248
2025-08-24 10:30,7.43
2025-08-24 10:36,7.604
2025-08-24 10:42,7.768
2025-08-24 10:48,7.922
2025-08-24 10:54,8.065
2025-08-24 11:00,8.197
2025-08-24 11:06,8.318
2025-08-24 11:12,8.426
2025-08-24 11:18,8.523
2025-08-24 11:24,8.606
2025-08-24 11:30,8.678
2025-08-24 11:36,8.737
2025-08-24 11:42,8.783
2025-08-24 11:48,8.817
2025-08-24 11:54,8.839
2025-08-24 12:00,8.848
2025-08-24 12:06,8.846
2025-08-24 12:12,8.831
2025-08-24 12:18,8.805
2025-08-24 12:24,8.768
2025-08-24 12:30,8.72
2025-08-24 12:36,8.661
2025-08-24 12:42,8.592
2025-08-24 12:48,8.513
2025-08-24 12:54,8.424
2025-08-24 13:00,8.326
2025-08-24 13:06,8.219
2025-08-24 13:12,8.104
2025-08-24 13:18,7.98
2025-08-24 13:24,7.849
2025-08-24 13:30,7.711
2025-08-24 13:36,7.566
2025-08-24 13:42,7.414
2025-08-24 13:48,7.257
2025-08-24 13:54,7.094
2025-08-24 14:00,6.926
2025-08-24 14:06,6.753
2025-08-24 14:12,6.576
2025-08-24 14:18,6.395
2025-08-24 14:24,6.211
2025-08-24 14:30,6.024
2025-08-24 14:36,5.834
2025-08-24 14:42,5.642
2025-08-24 14:48,5.447
2025-08-24 14:54,5.252
2025-08-24 15:00,5.054
2025-08-24 15:06,4.856
2025-08-24 15:12,4.657
2025-08-24 15:18,4.457
2025-08-24 15:24,4.257
2025-08-24 15:30,4.057
2025-08-24 15:36,3.857
2025-08-24 15:42,3.658
2025-08-24 15:48,3.46
2025-08-24 15:54,3.263
2025-08-24 16:00,3.068
2025-08-24 16:06,2.875
2025-08-24 16:12,2.685
2025-08-24 16:18,2.498
2025-08-24 16:24,2.314
2025-08-24 16:30,2.135
2025-08-24 16:36,1.961
2025-08-24 16:42,1.793
2025-08-24 16:48,1.631
2025-08-24 16:54,1.477
2025-08-24 17:00,1.33
2025-08-24 17:06,1.192
2025-08-24 17:12,1.063
2025-08-24 17:18,0.944
2025-08-24 17:24,0.836
2025-08-24 17:30,0.739
2025-08-24 17:36,0.654
2025-08-24 17:42,0.582
2025-08-24 17:48,0.522
2025-08-24 17:54,0.476
2025-08-24 18:00,0.443
2025-08-24 18:06,0.423
2025-08-24 18:12,0.417
2025-08-24 18:18,0.424
2025-08-24 18:24,0.445
2025-08-24 18:30,0.478
2025-08-24 18:36,0.524
2025-08-24 18:42,0.583
2025-08-24 18:48,0.653
2025-08-24 18:54,0.735
2025-08-24 19:00,0.827
2025-08-24 19:06,0.93
2025-08-24 19:12,1.042
2025-08-24 19:18,1.163
2025-08-24 19:24,1.292
2025-08-24 19:30,1.428
2025-08-24 19:36,1.572
2025-08-24 19:42,1.723
2025-08-24 19:48,1.88
2025-08-24 19:54,2.042
2025-08-24 20:00,2.21
2025-08-24 20:06,2.383
2025-08-24 20:12,2.561
2025-08-24 20:18,2.743
2025-08-24 20:24,2.93
2025-08-24 20:30,3.121
2025-08-24 20:36,3.316
2025-08-24 20:42,3.515
2025-08-24 20:48,3.718
2025-08-24 20:54,3.925
2025-08-24 21:00,4.135
2025-08-24 21:06,4.348
2025-08-24 21:12,4.565
2025-08-24 21:18,4.784
2025-08-24 21:24,5.005
2025-08-24 21:30,5.229
2025-08-24 21:36,5.454
2025-08-24 21:42,5.679
2025-08-24 21:48,5.905
2025-08-24 21:54,6.13
2025-08-24 22:00,6.354
2025-08-24 22:06,6.576
2025-08-24 22:12,6.795
2025-08-24 22:18,7.01
2025-08-24 22:24,7.221
2025-08-24 22:30,7.426
2025-08-24 22:36,7.625
2025-08-24 22:42,7.816
2025-08-24 22:48,8
2025-08-24 22:54,8.174
2025-08-24 23:00,8.34
2025-08-24 23:06,8.495
2025-08-24 23:12,8.639
2025-08-24 23:18,8.772
2025-08-24 23:24,8.894
2025-08-24 23:30,9.003
2025-08-24 23:36,9.099
2025-08-24 23:42,9.183
2025-08-24 23:48,9.255
2025-08-24 23:54,9.313
2025-08-25 00:00,9.358
2025-08-25 00:06,9.391
2025-08-25 00:12,9.41
2025-08-25 00:18,9.417
2025-08-25 00:24,9.412
2025-08-25 00:30,9.394
2025-08-25 00:36,9.364
2025-08-25 00:42,9.322
2025-08-25 00:48,9.269
2025-08-25 00:54,9.205
2025-08-25 01:00,9.129
2025-08-25 01:06,9.044
2025-08-25 01:12,8.948
2025-08-25 01:18,8.843
2025-08-25 01:24,8.728
2025-08-25 01:30,8.605
2025-08-25 01:36,8.473
2025-08-25 01:42,8.333
2025-08-25 01:48,8.185
2025-08-25 01:54,8.03
2025-08-25 02:00,7.868
2025-08-25 02:06,7.701
2025-08-25 02:12,7.527
2025-08-25 02:18,7.347
2025-08-25 02:24,7.163
2025-08-25 02:30,6.974
2025-08-25 02:36,6.782
2025-08-25 02:42,6.585
2025-08-25 02:48,6.385
2025-08-25 02:54,6.183
2025-08-25 03:00,5.978
2025-08-25 03:06,5.771
2025-08-25 03:12,5.562
2025-08-25 03:18,5.352
2025-08-25 03:24,5.14
2025-08-25 03:30,4.928
2025-08-25 03:36,4.716
2025-08-25 03:42,4.503
2025-08-25 03:48,4.29
2025-08-25 03:54,4.078
2025-08-25 04:00,3.867
2025-08-25 04:06,3.656
2025-08-25 04:12,3.447
2025-08-25 04:18,3.239
2025-08-25 04:24,3.034
2025-08-25 04:30,2.831
2025-08-25 04:36,2.631
2025-08-25 04:42,2.435
2025-08-25 04:48,2.243
2025-08-25 04:54,2.055
2025-08-25 05:00,1.873
2025-08-25 05:06,1.697
2025-08-25 05:12,1.527
2025-08-25 05:18,1.365
2025-08-25 05:24,1.211
2025-08-25 05:30,1.066
2025-08-25 05:36,0.93
2025-08-25 05:42,0.805
2025-08-25 05:48,0.69
2025-08-25 05:54,0.587
2025-08-25 06:00,0.496
2025-08-25 06:06,0.417
2025-08-25 06:12,0.352
2025-08-25 06:18,0.299
2025-08-25 06:24,0.26
2025-08-25 06:30,0.235
2025-08-25 06:36,0.223
2025-08-25 06:42,0.225
2025-08-25 06:48,0.24
2025-08-25 06:54,0.268
2025-08-25 07:00,0.309
2025-08-25 07:06,0.362
2025-08-25 07:12,0.428
2025-08-25 07:18,0.504
2025-08-25 07:24,0.592
2025-08-25 07:30,0.689
2025-08-25 07:36,0.797
2025-08-25 07:42,0.913
2025-08-25 07:48,1.037
2025-08-25 07:54,1.17
2025-08-25 08:00,1.309
2025-08-25 08:06,1.455
2025-08-25 08:12,1.607
2025-08-25 08:18,1.765
2025-08-25 08:24,1.929
2025-08-25 08:30,2.097
2025-08-25 08:36,2.27
2025-08-25 08:42,2.448
2025-08-25 08:48,2.63
2025-08-25 08:54,2.817
2025-08-25 09:00,3.007
2025-08-25 09:06,3.201
2025-08-25 09:12,3.399
2025-08-25 09:18,3.601
2025-08-25 09:24,3.806
2025-08-25 09:30,4.014
2025-08-25 09:36,4.225
2025-08-25 09:42,4.439
2025-08-25 09:48,4.655
2025-08-25 09:54,4.872
2025-08-25 10:00,5.091
2025-08-25 10:06,5.311
2025-08-25 10:12,5.531
2025-08-25 10:18,5.751
2025-08-25 10:24,5.969
2025-08-25 10:30,6.185
2025-08-25 10:36,6.398
2025-08-25 10:42,6.608
2025-08-25 10:48,6.813
2025-08-25 10:54,7.013
2025-08-25 11:00,7.206
2025-08-25 11:06,7.392
2025-08-25 11:12,7.571
2025-08-25 11:18,7.741
2025-08-25 11:24,7.901
2025-08-25 11:30,8.052
2025-08-25 11:36,8.192
2025-08-25 11:42,8.321
2025-08-25 11:48,8.438
2025-08-25 11:54,8.543
2025-08-25 12:00,8.636
2025-08-25 12:06,8.717
2025-08-25 12:12,8.786
2025-08-25 12:18,8.841
2025-08-25 12:24,8.884
2025-08-25 12:30,8.914
2025-08-25 12:36,8.932
2025-08-25 12:42,8.938
2025-08-25 12:48,8.931
2025-08-25 12:54,8.913
2025-08-25 13:00,8.883
2025-08-25 13:06,8.841
2025-08-25 13:12,8.788
2025-08-25 13:18,8.725
2025-08-25 13:24,8.651
2025-08-25 13:30,8.568
2025-08-25 13:36,8.474
2025-08-25 13:42,8.372
2025-08-25 13:48,8.26
2025-08-25 13:54,8.14
2025-08-25 14:00,8.012
2025-08-25 14:06,7.877
2025-08-25 14:12,7.734
2025-08-25 14:18,7.584
2025-08-25 14:24,7.428
2025-08-25 14:30,7.267
2025-08-25 14:36,7.1
2025-08-25 14:42,6.928
2025-08-25 14:48,6.751
2025-08-25 14:54,6.57
2025-08-25 15:00,6.386
2025-08-25 15:06,6.199
2025-08-25 15:12,6.009
2025-08-25 15:18,5.816
2025-08-25 15:24,5.622
2025-08-25 15:30,5.426
2025-08-25 15:36,5.228
2025-08-25 15:42,5.03
2025-08-25 15:48,4.831
2025-08-25 15:54,4.632
2025-08-25 16:00,4.433
2025-08-25 16:06,4.234
2025-08-25 16:12,4.036
2025-08-25 16:18,3.839
2025-08-25 16:24,3.642
2025-08-25 16:30,3.448
2025-08-25 16:36,3.255
2025-08-25 16:42,3.064
2025-08-25 16:48,2.875
2025-08-25 16:54,2.69
2025-08-25 17:00,2.507
2025-08-25 17:06,2.329
2025-08-25 17:12,2.155
2025-08-25 17:18,1.985
2025-08-25 17:24,1.821
2025-08-25 17:30,1.663
2025-08-25 17:36,1.512
2025-08-25 17:42,1.368
2025-08-25 17:48,1.232
2025-08-25 17:54,1.105
2025-08-25 18:00,0.988
2025-08-25 18:06,0.88
2025-08-25 18:12,0.783
2025-08-25 18:18,0.697
2025-08-25 18:24,0.624
2025-08-25 18:30,0.562
2025-08-25 18:36,0.513
2025-08-25 18:42,0.477
2025-08-25 18:48,0.454
2025-08-25 18:54,0.444
2025-08-25 19:00,0.448
2025-08-25 19:06,0.464
2025-08-25 19:12,0.494
2025-08-25 19:18,0.537
2025-08-25 19:24,0.592
2025-08-25 19:30,0.658
2025-08-25 19:36,0.737
2025-08-25 19:42,0.826
2025-08-25 19:48,0.926
2025-08-25 19:54,1.036
2025-08-25 20:00,1.154
2025-08-25 20:06,1.282
2025-08-25 20:12,1.417
2025-08-25 20:18,1.559
2025-08-25 20:24,1.708
2025-08-25 20:30,1.863
2025-08-25 20:36,2.024
2025-08-25 20:42,2.19
2025-08-25 20:48,2.361
2025-08-25 20:54,2.536
2025-08-25 21:00,2.716
2025-08-25 21:06,2.899
2025-08-25 21:12,3.086
2025-08-25 21:18,3.276
2025-08-25 21:24,3.47
2025-08-25 21:30,3.667
2025-08-25 21:36,3.867
2025-08-25 21:42,4.069
2025-08-25 21:48,4.275
2025-08-25 21:54,4.483
2025-08-25 22:00,4.693
2025-08-25 22:06,4.905
2025-08-25 22:12,5.118
2025-08-25 22:18,5.333
2025-08-25 22:24,5.548
2025-08-25 22:30,5.764
2025-08-25 22:36,5.979
2025-08-25 22:42,6.193
2025-08-25 22:48,6.405
2025-08-25 22:54,6.614
2025-08-25 23:00,6.82
2025-08-25 23:06,7.022
2025-08-25 23:12,7.219
2025-08-25 23:18,7.41
2025-08-25 23:24,7.595
2025-08-25 23:30,7.772
2025-08-25 23:36,7.941
2025-08-25 23:42,8.101
2025-08-25 23:48,8.251
2025-08-25 23:54,8.391
2025-08-26 00:00,8.52
2025-08-26 00:06,8.638
2025-08-26 00:12,8.744
2025-08-26 00:18,8.838
2025-08-26 00:24,8.92
2025-08-26 00:30,8.989
2025-08-26 00:36,9.046
2025-08-26 00:42,9.09
2025-08-26 00:48,9.121
2025-08-26 00:54,9.14
2025-08-26 01:00,9.146
2025-08-26 01:06,9.139
2025-08-26 01:12,9.121
2025-08-26 01:18,9.09
2025-08-26 01:24,9.048
2025-08-26 01:30,8.995
2025-08-26 01:36,8.931
2025-08-26 01:42,8.856
2025-08-26 01:48,8.771
2025-08-26 01:54,8.676
2025-08-26 02:00,8.572
2025-08-26 02:06,8.458
2025-08-26 02:12,8.336
2025-08-26 02:18,8.206
2025-08-26 02:24,8.067
2025-08-26 02:30,7.922
2025-08-26 02:36,7.769
2025-08-26 02:42,7.61
2025-08-26 02:48,7.445
2025-08-26 02:54,7.275
2025-08-26 03:00,7.099
2025-08-26 03:06,6.919
2025-08-26 03:12,6.735
2025-08-26 03:18,6.547
2025-08-26 03:24,6.355
2025-08-26 03:30,6.161
2025-08-26 03:36,5.965
2025-08-26 03:42,5.767
2025-08-26 03:48,5.567
2025-08-26 03:54,5.366
2025-08-26 04:00,5.165
2025-08-26 04:06,4.963
2025-08-26 04:12,4.761
2025-08-26 04:18,4.559
2025-08-26 04:24,4.358
2025-08-26 04:30,4.157
2025-08-26 04:36,3.958
2025-08-26 04:42,3.76
2025-08-26 04:48,3.563
2025-08-26 04:54,3.369
2025-08-26 05:00,3.177
2025-08-26 05:06,2.987
2025-08-26 05:12,2.8
2025-08-26 05:18,2.617
2025-08-26 05:24,2.437
2025-08-26 05:30,2.261
2025-08-26 05:36,2.09
2025-08-26 05:42,1.924
2025-08-26 05:48,1.764
2025-08-26 05:54,1.61
2025-08-26 06:00,1.462
2025-08-26 06:06,1.323
2025-08-26 06:12,1.191
2025-08-26 06:18,1.068
2025-08-26 06:24,0.954
2025-08-26 06:30,0.851
2025-08-26 06:36,0.758
2025-08-26 06:42,0.677
2025-08-26 06:48,0.607
2025-08-26 06:54,0.549
2025-08-26 07:00,0.504
2025-08-26 07:06,0.472
2025-08-26 07:12,0.452
2025-08-26 07:18,0.446
2025-08-26 07:24,0.453
2025-08-26 07:30,0.473
2025-08-26 07:36,0.506
2025-08-26 07:42,0.552
2025-08-26 07:48,0.61
2025-08-26 07:54,0.68
2025-08-26 08:00,0.762
2025-08-26 08:06,0.854
2025-08-26 08:12,0.956
2025-08-26 08:18,1.069
2025-08-26 08:24,1.19
2025-08-26 08:30,1.32
2025-08-26 08:36,1.457
2025-08-26 08:42,1.601
2025-08-26 08:48,1.752
2025-08-26 08:54,1.909
2025-08-26 09:00,2.071
2025-08-26 09:06,2.238
2025-08-26 09:12,2.41
2025-08-26 09:18,2.586
2025-08-26 09:24,2.765
2025-08-26 09:30,2.948
2025-08-26 09:36,3.134
2025-08-26 09:42,3.324
2025-08-26 09:48,3.516
2025-08-26 09:54,3.711
2025-08-26 10:00,3.909
2025-08-26 10:06,4.109
2025-08-26 10:12,4.311
2025-08-26 10:18,4.515
2025-08-26 10:24,4.721
2025-08-26 10:30,4.929
2025-08-26 10:36,5.138
2025-08-26 10:42,5.347
2025-08-26 10:48,5.557
2025-08-26 10:54,5.767
2025-08-26 11:00,5.975
2025-08-26 11:06,6.183
2025-08-26 11:12,6.388
2025-08-26 11:18,6.591
2025-08-26 11:24,6.79
2025-08-26 11:30,6.985
2025-08-26 11:36,7.175
2025-08-26 11:42,7.358
2025-08-26 11:48,7.535
2025-08-26 11:54,7.705
2025-08-26 12:00,7.866
2025-08-26 12:06,8.019
2025-08-26 12:12,8.162
2025-08-26 12:18,8.295
2025-08-26 12:24,8.417
2025-08-26 12:30,8.527
2025-08-26 12:36,8.626
2025-08-26 12:42,8.714
2025-08-26 12:48,8.789
2025-08-26 12:54,8.851
2025-08-26 13:00,8.901
2025-08-26 13:06,8.939
2025-08-26 13:12,8.964
2025-08-26 13:18,8.976
2025-08-26 13:24,8.976
2025-08-26 13:30,8.964
2025-08-26 13:36,8.94
2025-08-26 13:42,8.905
2025-08-26 13:48,8.858
2025-08-26 13:54,8.8
2025-08-26 14:00,8.731
2025-08-26 14:06,8.652
2025-08-26 14:12,8.563
2025-08-26 14:18,8.464
2025-08-26 14:24,8.356
2025-08-26 14:30,8.239
2025-08-26 14:36,8.114
2025-08-26 14:42,7.981
2025-08-26 14:48,7.841
2025-08-26 14:54,7.693
2025-08-26 15:00,7.539
2025-08-26 15:06,7.379
2025-08-26 15:12,7.213
2025-08-26 15:18,7.042
2025-08-26 15:24,6.867
2025-08-26 15:30,6.687
2025-08-26 15:36,6.503
2025-08-26 15:42,6.316
2025-08-26 15:48,6.127
2025-08-26 15:54,5.935
2025-08-26 16:00,5.741
2025-08-26 16:06,5.546
2025-08-26 16:12,5.35
2025-08-26 16:18,5.153
2025-08-26 16:24,4.956
2025-08-26 16:30,4.759
2025-08-26 16:36,4.562
2025-08-26 16:42,4.366
2025-08-26 16:48,4.172
2025-08-26 16:54,3.978
2025-08-26 17:00,3.786
2025-08-26 17:06,3.596
2025-08-26 17:12,3.407
2025-08-26 17:18,3.221
2025-08-26 17:24,3.038
2025-08-26 17:30,2.857
2025-08-26 17:36,2.68
2025-08-26 17:42,2.506
2025-08-26 17:48,2.336
2025-08-26 17:54,2.17
2025-08-26 18:00,2.009
2025-08-26 18:06,1.853
2025-08-26 18:12,1.702
2025-08-26 18:18,1.558
2025-08-26 18:24,1.421
2025-08-26 18:30,1.291
2025-08-26 18:36,1.169
2025-08-26 18:42,1.055
2025-08-26 18:48,0.951
2025-08-26 18:54,0.857
2025-08-26 19:00,0.773
2025-08-26 19:06,0.7
2025-08-26 19:12,0.639
2025-08-26 19:18,0.589
2025-08-26 19:24,0.552
2025-08-26 19:30,0.527
2025-08-26 19:36,0.515
2025-08-26 19:42,0.516
2025-08-26 19:48,0.53
2025-08-26 19:54,0.556
2025-08-26 20:00,0.596
2025-08-26 20:06,0.647
2025-08-26 20:12,0.711
2025-08-26 20:18,0.787
2025-08-26 20:24,0.873
2025-08-26 20:30,0.97
2025-08-26 20:36,1.077
2025-08-26 20:42,1.194
2025-08-26 20:48,1.319
2025-08-26 20:54,1.452
2025-08-26 21:00,1.593
2025-08-26 21:06,1.74
2025-08-26 21:12,1.893
2025-08-26 21:18,2.052
2025-08-26 21:24,2.216
2025-08-26 21:30,2.384
2025-08-26 21:36,2.557
2025-08-26 21:42,2.733
2025-08-26 21:48,2.912
2025-08-26 21:54,3.094
2025-08-26 22:00,3.279
2025-08-26 22:06,3.467
2025-08-26 22:12,3.656
2025-08-26 22:18,3.848
2025-08-26 22:24,4.042
2025-08-26 22:30,4.238
2025-08-26 22:36,4.436
2025-08-26 22:42,4.635
2025-08-26 22:48,4.835
2025-08-26 22:54,5.036
2025-08-26 23:00,5.238
2025-08-26 23:06,5.44
2025-08-26 23:12,5.642
2025-08-26 23:18,5.844
2025-08-26 23:24,6.045
2025-08-26 23:30,6.243
2025-08-26 23:36,6.44
2025-08-26 23:42,6.634
2025-08-26 23:48,6.824
2025-08-26 23:54,7.009
2025-08-27 00:00,7.189
2025-08-27 00:06,7.364
2025-08-27 00:12,7.531
2025-08-27 00:18,7.691
2025-08-27 00:24,7.843
2025-08-27 00:30,7.986
2025-08-27 00:36,8.12
2025-08-27 00:42,8.244
2025-08-27 00:48,8.356
2025-08-27 00:54,8.458
2025-08-27 01:00,8.549
2025-08-27 01:06,8.627
2025-08-27 01:12,8.694
2025-08-27 01:18,8.748
2025-08-27 01:24,8.79
2025-08-27 01:30,8.82
2025-08-27 01:36,8.837
2025-08-27 01:42,8.842
2025-08-27 01:48,8.835
2025-08-27 01:54,8.816
2025-08-27 02:00,8.786
2025-08-27 02:06,8.744
2025-08-27 02:12,8.691
2025-08-27 02:18,8.627
2025-08-27 02:24,8.553
2025-08-27 02:30,8.469
2025-08-27 02:36,8.375
2025-08-27 02:42,8.272
2025-08-27 02:48,8.16
2025-08-27 02:54,8.04
2025-08-27 03:00,7.912
2025-08-27 03:06,7.776
2025-08-27 03:12,7.633
2025-08-27 03:18,7.484
2025-08-27 03:24,7.328
2025-08-27 03:30,7.167
2025-08-27 03:36,7.001
2025-08-27 03:42,6.83
2025-08-27 03:48,6.655
2025-08-27 03:54,6.477
2025-08-27 04:00,6.295
2025-08-27 04:06,6.111
2025-08-27 04:12,5.924
2025-08-27 04:18,5.736
2025-08-27 04:24,5.547
2025-08-27 04:30,5.356
2025-08-27 04:36,5.165
2025-08-27 04:42,4.974
2025-08-27 04:48,4.784
2025-08-27 04:54,4.594
2025-08-27 05:00,4.405
2025-08-27 05:06,4.218
2025-08-27 05:12,4.032
2025-08-27 05:18,3.847
2025-08-27 05:24,3.665
2025-08-27 05:30,3.485
2025-08-27 05:36,3.308
2025-08-27 05:42,3.133
2025-08-27 05:48,2.961
2025-08-27 05:54,2.792
2025-08-27 06:00,2.627
2025-08-27 06:06,2.465
2025-08-27 06:12,2.308
2025-08-27 06:18,2.155
2025-08-27 06:24,2.007
2025-08-27 06:30,1.864
2025-08-27 06:36,1.726
2025-08-27 06:42,1.595
2025-08-27 06:48,1.471
2025-08-27 06:54,1.354
2025-08-27 07:00,1.245
2025-08-27 07:06,1.145
2025-08-27 07:12,1.053
2025-08-27 07:18,0.972
2025-08-27 07:24,0.9
2025-08-27 07:30,0.839
2025-08-27 07:36,0.79
2025-08-27 07:42,0.752
2025-08-27 07:48,0.726
2025-08-27 07:54,0.712
2025-08-27 08:00,0.711
2025-08-27 08:06,0.723
2025-08-27 08:12,0.747
2025-08-27 08:18,0.784
2025-08-27 08:24,0.833
2025-08-27 08:30,0.895
2025-08-27 08:36,0.968
2025-08-27 08:42,1.052
2025-08-27 08:48,1.148
2025-08-27 08:54,1.253
2025-08-27 09:00,1.369
2025-08-27 09:06,1.493
2025-08-27 09:12,1.626
2025-08-27 09:18,1.766
2025-08-27 09:24,1.914
2025-08-27 09:30,2.067
2025-08-27 09:36,2.227
2025-08-27 09:42,2.391
2025-08-27 09:48,2.56
2025-08-27 09:54,2.733
2025-08-27 10:00,2.909
2025-08-27 10:06,3.088
2025-08-27 10:12,3.27
2025-08-27 10:18,3.454
2025-08-27 10:24,3.641
2025-08-27 10:30,3.829
2025-08-27 10:36,4.019
2025-08-27 10:42,4.211
2025-08-27 10:48,4.403
2025-08-27 10:54,4.597
2025-08-27 11:00,4.792
2025-08-27 11:06,4.988
2025-08-27 11:12,5.185
2025-08-27 11:18,5.382
2025-08-27 11:24,5.579
2025-08-27 11:30,5.776
2025-08-27 11:36,5.972
2025-08-27 11:42,6.168
2025-08-27 11:48,6.362
2025-08-27 11:54,6.553
2025-08-27 12:00,6.743
2025-08-27 12:06,6.929
2025-08-27 12:12,7.111
2025-08-27 12:18,7.288
2025-08-27 12:24,7.46
2025-08-27 12:30,7.626
2025-08-27 12:36,7.785
2025-08-27 12:42,7.936
2025-08-27 12:48,8.08
2025-08-27 12:54,8.214
2025-08-27 13:00,8.338
2025-08-27 13:06,8.453
2025-08-27 13:12,8.557
2025-08-27 13:18,8.649
2025-08-27 13:24,8.731
2025-08-27 13:30,8.8
2025-08-27 13:36,8.858
2025-08-27 13:42,8.903
2025-08-27 13:48,8.936
2025-08-27 13:54,8.956
2025-08-27 14:00,8.964
2025-08-27 14:06,8.96
2025-08-27 14:12,8.944
2025-08-27 14:18,8.916
2025-08-27 14:24,8.877
2025-08-27 14:30,8.826
2025-08-27 14:36,8.764
2025-08-27 14:42,8.691
2025-08-27 14:48,8.608
2025-08-27 14:54,8.516
2025-08-27 15:00,8.413
2025-08-27 15:06,8.302
2025-08-27 15:12,8.182
2025-08-27 15:18,8.053
2025-08-27 15:24,7.917
2025-08-27 15:30,7.774
2025-08-27 15:36,7.624
2025-08-27 15:42,7.467
2025-08-27 15:48,7.305
2025-08-27 15:54,7.138
2025-08-27 16:00,6.965
2025-08-27 16:06,6.788
2025-08-27 16:12,6.608
2025-08-27 16:18,6.424
2025-08-27 16:24,6.238
2025-08-27 16:30,6.049
2025-08-27 16:36,5.858
2025-08-27 16:42,5.666
2025-08-27 16:48,5.473
2025-08-27 16:54,5.28
2025-08-27 17:00,5.086
2025-08-27 17:06,4.893
2025-08-27 17:12,4.7
2025-08-27 17:18,4.509
2025-08-27 17:24,4.319
2025-08-27 17:30,4.13
2025-08-27 17:36,3.943
2025-08-27 17:42,3.759
2025-08-27 17:48,3.576
2025-08-27 17:54,3.396
2025-08-27 18:00,3.219
2025-08-27 18:06,3.045
2025-08-27 18:12,2.873
2025-08-27 18:18,2.706
2025-08-27 18:24,2.541
2025-08-27 18:30,2.381
2025-08-27 18:36,2.224
2025-08-27 18:42,2.072
2025-08-27 18:48,1.925
2025-08-27 18:54,1.783
2025-08-27 19:00,1.647
2025-08-27 19:06,1.517
2025-08-27 19:12,1.393
2025-08-27 19:18,1.277
2025-08-27 19:24,1.168
2025-08-27 19:30,1.068
2025-08-27 19:36,0.977
2025-08-27 19:42,0.895
2025-08-27 19:48,0.823
2025-08-27 19:54,0.761
2025-08-27 20:00,0.711
2025-08-27 20:06,0.672
2025-08-27 20:12,0.645
2025-08-27 20:18,0.63
2025-08-27 20:24,0.628
2025-08-27 20:30,0.638
2025-08-27 20:36,0.66
2025-08-27 20:42,0.694
2025-08-27 20:48,0.741
2025-08-27 20:54,0.8
2025-08-27 21:00,0.87
2025-08-27 21:06,0.952
2025-08-27 21:12,1.044
2025-08-27 21:18,1.147
2025-08-27 21:24,1.259
2025-08-27 21:30,1.379
2025-08-27 21:36,1.508
2025-08-27 21:42,1.645
2025-08-27 21:48,1.788
2025-08-27 21:54,1.937
2025-08-27 22:00,2.092
2025-08-27 22:06,2.251
2025-08-27 22:12,2.415
2025-08-27 22:18,2.582
2025-08-27 22:24,2.752
2025-08-27 22:30,2.925
2025-08-27 22:36,3.101
2025-08-27 22:42,3.278
2025-08-27 22:48,3.457
2025-08-27 22:54,3.638
2025-08-27 23:00,3.82
2025-08-27 23:06,4.003
2025-08-27 23:12,4.188
2025-08-27 23:18,4.373
2025-08-27 23:24,4.559
2025-08-27 23:30,4.746
2025-08-27 23:36,4.933
2025-08-27 23:42,5.12
2025-08-27 23:48,5.308
2025-08-27 23:54,5.495
2025-08-28 00:00,5.682
2025-08-28 00:06,5.868
2025-08-28 00:12,6.052
2025-08-28 00:18,6.234
2025-08-28 00:24,6.414
2025-08-28 00:30,6.591
2025-08-28 00:36,6.764
2025-08-28 00:42,6.933
2025-08-28 00:48,7.096
2025-08-28 00:54,7.254
2025-08-28 01:00,7.405
2025-08-28 01:06,7.549
2025-08-28 01:12,7.685
2025-08-28 01:18,7.813
2025-08-28 01:24,7.931
2025-08-28 01:30,8.04
2025-08-28 01:36,8.138
2025-08-28 01:42,8.226
2025-08-28 01:48,8.303
2025-08-28 01:54,8.368
2025-08-28 02:00,8.422
2025-08-28 02:06,8.464
2025-08-28 02:12,8.494
2025-08-28 02:18,8.512
2025-08-28 02:24,8.519
2025-08-28 02:30,8.513
2025-08-28 02:36,8.496
2025-08-28 02:42,8.468
2025-08-28 02:48,8.428
2025-08-28 02:54,8.378
2025-08-28 03:00,8.317
2025-08-28 03:06,8.245
2025-08-28 03:12,8.164
2025-08-28 03:18,8.074
2025-08-28 03:24,7.975
2025-08-28 03:30,7.867
2025-08-28 03:36,7.751
2025-08-28 03:42,7.628
2025-08-28 03:48,7.497
2025-08-28 03:54,7.36
2025-08-28 04:00,7.217
2025-08-28 04:06,7.068
2025-08-28 04:12,6.913
2025-08-28 04:18,6.754
2025-08-28 04:24,6.591
2025-08-28 04:30,6.425
2025-08-28 04:36,6.255
2025-08-28 04:42,6.082
2025-08-28 04:48,5.907
2025-08-28 04:54,5.731
2025-08-28 05:00,5.553
2025-08-28 05:06,5.375
2025-08-28 05:12,5.196
2025-08-28 05:18,5.018
2025-08-28 05:24,4.84
2025-08-28 05:30,4.662
2025-08-28 05:36,4.486
2025-08-28 05:42,4.312
2025-08-28 05:48,4.139
2025-08-28 05:54,3.968
2025-08-28 06:00,3.799
2025-08-28 06:06,3.633
2025-08-28 06:12,3.47
2025-08-28 06:18,3.309
2025-08-28 06:24,3.151
2025-08-28 06:30,2.996
2025-08-28 06:36,2.845
2025-08-28 06:42,2.697
2025-08-28 06:48,2.553
2025-08-28 06:54,2.413
2025-08-28 07:00,2.277
2025-08-28 07:06,2.145
2025-08-28 07:12,2.018
2025-08-28 07:18,1.896
2025-08-28 07:24,1.78
2025-08-28 07:30,1.67
2025-08-28 07:36,1.566
2025-08-28 07:42,1.469
2025-08-28 07:48,1.38
2025-08-28 07:54,1.299
2025-08-28 08:00,1.227
2025-08-28 08:06,1.163
2025-08-28 08:12,1.11
2025-08-28 08:18,1.066
2025-08-28 08:24,1.033
2025-08-28 08:30,1.012
2025-08-28 08:36,1.001
2025-08-28 08:42,1.003
2025-08-28 08:48,1.016
2025-08-28 08:54,1.042
2025-08-28 09:00,1.079
2025-08-28 09:06,1.128
2025-08-28 09:12,1.189
2025-08-28 09:18,1.262
2025-08-28 09:24,1.346
2025-08-28 09:30,1.44
2025-08-28 09:36,1.545
2025-08-28 09:42,1.659
2025-08-28 09:48,1.782
2025-08-28 09:54,1.914
2025-08-28 10:00,2.053
2025-08-28 10:06,2.199
2025-08-28 10:12,2.351
2025-08-28 10:18,2.509
2025-08-28 10:24,2.671
2025-08-28 10:30,2.837
2025-08-28 10:36,3.007
2025-08-28 10:42,3.18
2025-08-28 10:48,3.356
2025-08-28 10:54,3.533
2025-08-28 11:00,3.712
2025-08-28 11:06,3.893
2025-08-28 11:12,4.074
2025-08-28 11:18,4.256
2025-08-28 11:24,4.439
2025-08-28 11:30,4.622
2025-08-28 11:36,4.806
2025-08-28 11:42,4.989
2025-08-28 11:48,5.173
2025-08-28 11:54,5.357
2025-08-28 12:00,5.541
2025-08-28 12:06,5.725
2025-08-28 12:12,5.908
2025-08-28 12:18,6.09
2025-08-28 12:24,6.271
2025-08-28 12:30,6.451
2025-08-28 12:36,6.628
2025-08-28 12:42,6.804
2025-08-28 12:48,6.977
2025-08-28 12:54,7.146
2025-08-28 13:00,7.311
2025-08-28 13:06,7.471
2025-08-28 13:12,7.627
2025-08-28 13:18,7.776
2025-08-28 13:24,7.918
2025-08-28 13:30,8.053
2025-08-28 13:36,8.18
2025-08-28 13:42,8.298
2025-08-28 13:48,8.407
2025-08-28 13:54,8.506
2025-08-28 14:00,8.594
2025-08-28 14:06,8.672
2025-08-28 14:12,8.738
2025-08-28 14:18,8.793
2025-08-28 14:24,8.836
2025-08-28 14:30,8.868
2025-08-28 14:36,8.887
2025-08-28 14:42,8.894
2025-08-28 14:48,8.889
2025-08-28 14:54,8.873
2025-08-28 15:00,8.845
2025-08-28 15:06,8.805
2025-08-28 15:12,8.754
2025-08-28 15:18,8.692
2025-08-28 15:24,8.619
2025-08-28 15:30,8.537
2025-08-28 15:36,8.444
2025-08-28 15:42,8.342
2025-08-28 15:48,8.232
2025-08-28 15:54,8.113
2025-08-28 16:00,7.985
2025-08-28 16:06,7.851
2025-08-28 16:12,7.709
2025-08-28 16:18,7.561
2025-08-28 16:24,7.407
2025-08-28 16:30,7.247
2025-08-28 16:36,7.082
2025-08-28 16:42,6.913
2025-08-28 16:48,6.74
2025-08-28 16:54,6.563
2025-08-28 17:00,6.384
2025-08-28 17:06,6.202
2025-08-28 17:12,6.017
2025-08-28 17:18,5.832
2025-08-28 17:24,5.645
2025-08-28 17:30,5.458
2025-08-28 17:36,5.27
2025-08-28 17:42,5.083
2025-08-28 17:48,4.897
2025-08-28 17:54,4.711
2025-08-28 18:00,4.527
2025-08-28 18:06,4.344
2025-08-28 18:12,4.163
2025-08-28 18:18,3.985
2025-08-28 18:24,3.808
2025-08-28 18:30,3.634
2025-08-28 18:36,3.463
2025-08-28 18:42,3.295
2025-08-28 18:48,3.129
2025-08-28 18:54,2.967
2025-08-28 19:00,2.808
2025-08-28 19:06,2.653
2025-08-28 19:12,2.501
2025-08-28 19:18,2.353
2025-08-28 19:24,2.209
2025-08-28 19:30,2.07
2025-08-28 19:36,1.935
2025-08-28 19:42,1.805
2025-08-28 19:48,1.681
2025-08-28 19:54,1.563
2025-08-28 20:00,1.451
2025-08-28 20:06,1.346
2025-08-28 20:12,1.248
2025-08-28 20:18,1.158
2025-08-28 20:24,1.077
2025-08-28 20:30,1.005
2025-08-28 20:36,0.942
2025-08-28 20:42,0.889
2025-08-28 20:48,0.846
2025-08-28 20:54,0.815
2025-08-28 21:00,0.795
2025-08-28 21:06,0.786
2025-08-28 21:12,0.789
2025-08-28 21:18,0.804
2025-08-28 21:24,0.831
2025-08-28 21:30,0.87
2025-08-28 21:36,0.92
2025-08-28 21:42,0.982
2025-08-28 21:48,1.054
2025-08-28 21:54,1.138
2025-08-28 22:00,1.231
2025-08-28 22:06,1.334
2025-08-28 22:12,1.446
2025-08-28 22:18,1.566
2025-08-28 22:24,1.693
2025-08-28 22:30,1.828
2025-08-28 22:36,1.968
2025-08-28 22:42,2.114
2025-08-28 22:48,2.265
2025-08-28 22:54,2.42
2025-08-28 23:00,2.578
2025-08-28 23:06,2.739
2025-08-28 23:12,2.902
2025-08-28 23:18,3.068
2025-08-28 23:24,3.235
2025-08-28 23:30,3.403
2025-08-28 23:36,3.572
2025-08-28 23:42,3.742
2025-08-28 23:48,3.913
2025-08-28 23:54,4.085
2025-08-29 00:00,4.256
2025-08-29 00:06,4.429
2025-08-29 00:12,4.601
2025-08-29 00:18,4.774
2025-08-29 00:24,4.946
2025-08-29 00:30,5.119
2025-08-29 00:36,5.291
2025-08-29 00:42,5.463
2025-08-29 00:48,5.634
2025-08-29 00:54,5.804
2025-08-29 01:00,5.973
2025-08-29 01:06,6.139
2025-08-29 01:12,6.304
2025-08-29 01:18,6.465
2025-08-29 01:24,6.623
2025-08-29 01:30,6.777
2025-08-29 01:36,6.926
2025-08-29 01:42,7.07
2025-08-29 01:48,7.207
2025-08-29 01:54,7.338
2025-08-29 02:00,7.461
2025-08-29 02:06,7.577
2025-08-29 02:12,7.683
2025-08-29 02:18,7.78
2025-08-29 02:24,7.868
2025-08-29 02:30,7.945
2025-08-29 02:36,8.012
2025-08-29 02:42,8.068
2025-08-29 02:48,8.113
2025-08-29 02:54,8.146
2025-08-29 03:00,8.169
2025-08-29 03:06,8.18
2025-08-29 03:12,8.179
2025-08-29 03:18,8.168
2025-08-29 03:24,8.145
2025-08-29 03:30,8.112
2025-08-29 03:36,8.068
2025-08-29 03:42,8.014
2025-08-29 03:48,7.95
2025-08-29 03:54,7.876
2025-08-29 04:00,7.794
2025-08-29 04:06,7.702
2025-08-29 04:12,7.603
2025-08-29 04:18,7.496
2025-08-29 04:24,7.382
2025-08-29 04:30,7.26
2025-08-29 04:36,7.133
2025-08-29 04:42,7
2025-08-29 04:48,6.861
2025-08-29 04:54,6.718
2025-08-29 05:00,6.57
2025-08-29 05:06,6.419
2025-08-29 05:12,6.264
2025-08-29 05:18,6.106
2025-08-29 05:24,5.946
2025-08-29 05:30,5.784
2025-08-29 05:36,5.62
2025-08-29 05:42,5.456
2025-08-29 05:48,5.291
2025-08-29 05:54,5.126
2025-08-29 06:00,4.961
2025-08-29 06:06,4.796
2025-08-29 06:12,4.633
2025-08-29 06:18,4.471
2025-08-29 06:24,4.311
2025-08-29 06:30,4.153
2025-08-29 06:36,3.996
2025-08-29 06:42,3.842
2025-08-29 06:48,3.691
2025-08-29 06:54,3.542
2025-08-29 07:00,3.396
2025-08-29 07:06,3.254
2025-08-29 07:12,3.114
2025-08-29 07:18,2.977
2025-08-29 07:24,2.844
2025-08-29 07:30,2.714
2025-08-29 07:36,2.588
2025-08-29 07:42,2.466
2025-08-29 07:48,2.348
2025-08-29 07:54,2.234
2025-08-29 08:00,2.124
2025-08-29 08:06,2.02
2025-08-29 08:12,1.92
2025-08-29 08:18,1.827
2025-08-29 08:24,1.739
2025-08-29 08:30,1.658
2025-08-29 08:36,1.584
2025-08-29 08:42,1.517
2025-08-29 08:48,1.459
2025-08-29 08:54,1.409
2025-08-29 09:00,1.368
2025-08-29 09:06,1.337
2025-08-29 09:12,1.315
2025-08-29 09:18,1.304
2025-08-29 09:24,1.304
2025-08-29 09:30,1.315
2025-08-29 09:36,1.336
2025-08-29 09:42,1.369
2025-08-29 09:48,1.414
2025-08-29 09:54,1.469
2025-08-29 10:00,1.536
2025-08-29 10:06,1.613
2025-08-29 10:12,1.701
2025-08-29 10:18,1.798
2025-08-29 10:24,1.906
2025-08-29 10:30,2.021
2025-08-29 10:36,2.146
2025-08-29 10:42,2.278
2025-08-29 10:48,2.416
2025-08-29 10:54,2.561
2025-08-29 11:00,2.711
2025-08-29 11:06,2.866
2025-08-29 11:12,3.025
2025-08-29 11:18,3.188
2025-08-29 11:24,3.353
2025-08-29 11:30,3.52
2025-08-29 11:36,3.689
2025-08-29 11:42,3.86
2025-08-29 11:48,4.031
2025-08-29 11:54,4.203
2025-08-29 12:00,4.375
2025-08-29 12:06,4.547
2025-08-29 12:12,4.719
2025-08-29 12:18,4.891
2025-08-29 12:24,5.063
2025-08-29 12:30,5.235
2025-08-29 12:36,5.406
2025-08-29 12:42,5.577
2025-08-29 12:48,5.747
2025-08-29 12:54,5.917
2025-08-29 13:00,6.086
2025-08-29 13:06,6.254
2025-08-29 13:12,6.42
2025-08-29 13:18,6.586
2025-08-29 13:24,6.749
2025-08-29 13:30,6.91
2025-08-29 13:36,7.068
2025-08-29 13:42,7.223
2025-08-29 13:48,7.374
2025-08-29 13:54,7.52
2025-08-29 14:00,7.662
2025-08-29 14:06,7.797
2025-08-29 14:12,7.927
2025-08-29 14:18,8.049
2025-08-29 14:24,8.163
2025-08-29 14:30,8.269
2025-08-29 14:36,8.366
2025-08-29 14:42,8.454
2025-08-29 14:48,8.532
2025-08-29 14:54,8.599
2025-08-29 15:00,8.656
2025-08-29 15:06,8.701
2025-08-29 15:12,8.735
2025-08-29 15:18,8.758
2025-08-29 15:24,8.769
2025-08-29 15:30,8.769
2025-08-29 15:36,8.757
2025-08-29 15:42,8.734
2025-08-29 15:48,8.7
2025-08-29 15:54,8.654
2025-08-29 16:00,8.598
2025-08-29 16:06,8.532
2025-08-29 16:12,8.456
2025-08-29 16:18,8.37
2025-08-29 16:24,8.275
2025-08-29 16:30,8.171
2025-08-29 16:36,8.059
2025-08-29 16:42,7.94
2025-08-29 16:48,7.813
2025-08-29 16:54,7.679
2025-08-29 17:00,7.539
2025-08-29 17:06,7.393
2025-08-29 17:12,7.241
2025-08-29 17:18,7.085
2025-08-29 17:24,6.925
2025-08-29 17:30,6.76
2025-08-29 17:36,6.592
2025-08-29 17:42,6.421
2025-08-29 17:48,6.248
2025-08-29 17:54,6.073
2025-08-29 18:00,5.896
2025-08-29 18:06,5.718
2025-08-29 18:12,5.54
2025-08-29 18:18,5.361
2025-08-29 18:24,5.183
2025-08-29 18:30,5.004
2025-08-29 18:36,4.827
2025-08-29 18:42,4.651
2025-08-29 18:48,4.477
2025-08-29 18:54,4.304
2025-08-29 19:00,4.134
2025-08-29 19:06,3.965
2025-08-29 19:12,3.799
2025-08-29 19:18,3.636
2025-08-29 19:24,3.475
2025-08-29 19:30,3.317
2025-08-29 19:36,3.163
2025-08-29 19:42,3.011
2025-08-29 19:48,2.862
2025-08-29 19:54,2.717
2025-08-29 20:00,2.576
2025-08-29 20:06,2.438
2025-08-29 20:12,2.304
2025-08-29 20:18,2.175
2025-08-29 20:24,2.049
2025-08-29 20:30,1.929
2025-08-29 20:36,1.813
2025-08-29 20:42,1.704
2025-08-29 20:48,1.6
2025-08-29 20:54,1.502
2025-08-29 21:00,1.411
2025-08-29 21:06,1.328
2025-08-29 21:12,1.252
2025-08-29 21:18,1.185
2025-08-29 21:24,1.126
2025-08-29 21:30,1.077
2025-08-29 21:36,1.038
2025-08-29 21:42,1.009
2025-08-29 21:48,0.99
2025-08-29 21:54,0.983
2025-08-29 22:00,0.986
2025-08-29 22:06,1
2025-08-29 22:12,1.026
2025-08-29 22:18,1.062
2025-08-29 22:24,1.11
2025-08-29 22:30,1.168
2025-08-29 22:36,1.237
2025-08-29 22:42,1.315
2025-08-29 22:48,1.404
2025-08-29 22:54,1.501
2025-08-29 23:00,1.606
2025-08-29 23:06,1.719
2025-08-29 23:12,1.839
2025-08-29 23:18,1.966
2025-08-29 23:24,2.098
2025-08-29 23:30,2.235
2025-08-29 23:36,2.376
2025-08-29 23:42,2.521
2025-08-29 23:48,2.669
2025-08-29 23:54,2.819
2025-08-30 00:00,2.971
2025-08-30 00:06,3.125
2025-08-30 00:12,3.281
2025-08-30 00:18,3.437
2025-08-30 00:24,3.594
2025-08-30 00:30,3.751
2025-08-30 00:36,3.909
2025-08-30 00:42,4.067
2025-08-30 00:48,4.225
2025-08-30 00:54,4.383
2025-08-30 01:00,4.542
2025-08-30 01:06,4.7
2025-08-30 01:12,4.859
2025-08-30 01:18,5.017
2025-08-30 01:24,5.176
2025-08-30 01:30,5.334
2025-08-30 01:36,5.491
2025-08-30 01:42,5.647
2025-08-30 01:48,5.802
2025-08-30 01:54,5.956
2025-08-30 02:00,6.108
2025-08-30 02:06,6.257
2025-08-30 02:12,6.402
2025-08-30 02:18,6.545
2025-08-30 02:24,6.683
2025-08-30 02:30,6.816
2025-08-30 02:36,6.943
2025-08-30 02:42,7.064
2025-08-30 02:48,7.179
2025-08-30 02:54,7.285
2025-08-30 03:00,7.384
2025-08-30 03:06,7.474
2025-08-30 03:12,7.556
2025-08-30 03:18,7.627
2025-08-30 03:24,7.689
2025-08-30 03:30,7.74
2025-08-30 03:36,7.782
2025-08-30 03:42,7.812
2025-08-30 03:48,7.832
2025-08-30 03:54,7.841
2025-08-30 04:00,7.84
2025-08-30 04:06,7.828
2025-08-30 04:12,7.806
2025-08-30 04:18,7.774
2025-08-30 04:24,7.732
2025-08-30 04:30,7.68
2025-08-30 04:36,7.619
2025-08-30 04:42,7.55
2025-08-30 04:48,7.472
2025-08-30 04:54,7.386
2025-08-30 05:00,7.293
2025-08-30 05:06,7.193
2025-08-30 05:12,7.086
2025-08-30 05:18,6.973
2025-08-30 05:24,6.855
2025-08-30 05:30,6.731
2025-08-30 05:36,6.603
2025-08-30 05:42,6.47
2025-08-30 05:48,6.333
2025-08-30 05:54,6.193
2025-08-30 06:00,6.051
2025-08-30 06:06,5.905
2025-08-30 06:12,5.758
2025-08-30 06:18,5.609
2025-08-30 06:24,5.459
2025-08-30 06:30,5.309
2025-08-30 06:36,5.158
2025-08-30 06:42,5.007
2025-08-30 06:48,4.856
2025-08-30 06:54,4.707
2025-08-30 07:00,4.558
2025-08-30 07:06,4.411
2025-08-30 07:12,4.265
2025-08-30 07:18,4.122
2025-08-30 07:24,3.98
2025-08-30 07:30,3.841
2025-08-30 07:36,3.705
2025-08-30 07:42,3.571
2025-08-30 07:48,3.439
2025-08-30 07:54,3.311
2025-08-30 08:00,3.186
2025-08-30 08:06,3.064
2025-08-30 08:12,2.945
2025-08-30 08:18,2.829
2025-08-30 08:24,2.717
2025-08-30 08:30,2.608
2025-08-30 08:36,2.503
2025-08-30 08:42,2.402
2025-08-30 08:48,2.306
2025-08-30 08:54,2.213
2025-08-30 09:00,2.126
2025-08-30 09:06,2.043
2025-08-30 09:12,1.966
2025-08-30 09:18,1.895
2025-08-30 09:24,1.83
2025-08-30 09:30,1.773
2025-08-30 09:36,1.722
2025-08-30 09:42,1.679
2025-08-30 09:48,1.645
2025-08-30 09:54,1.619
2025-08-30 10:00,1.602
2025-08-30 10:06,1.595
2025-08-30 10:12,1.597
2025-08-30 10:18,1.61
2025-08-30 10:24,1.633
2025-08-30 10:30,1.666
2025-08-30 10:36,1.71
2025-08-30 10:42,1.765
2025-08-30 10:48,1.829
2025-08-30 10:54,1.904
2025-08-30 11:00,1.988
2025-08-30 11:06,2.081
2025-08-30 11:12,2.184
2025-08-30 11:18,2.294
2025-08-30 11:24,2.413
2025-08-30 11:30,2.538
2025-08-30 11:36,2.67
2025-08-30 11:42,2.807
2025-08-30 11:48,2.95
2025-08-30 11:54,3.097
2025-08-30 12:00,3.247
2025-08-30 12:06,3.401
2025-08-30 12:12,3.557
2025-08-30 12:18,3.715
2025-08-30 12:24,3.874
2025-08-30 12:30,4.034
2025-08-30 12:36,4.195
2025-08-30 12:42,4.357
2025-08-30 12:48,4.518
2025-08-30 12:54,4.679
2025-08-30 13:00,4.84
2025-08-30 13:06,5.001
2025-08-30 13:12,5.162
2025-08-30 13:18,5.322
2025-08-30 13:24,5.481
2025-08-30 13:30,5.64
2025-08-30 13:36,5.798
2025-08-30 13:42,5.956
2025-08-30 13:48,6.113
2025-08-30 13:54,6.269
2025-08-30 14:00,6.424
2025-08-30 14:06,6.577
2025-08-30 14:12,6.729
2025-08-30 14:18,6.879
2025-08-30 14:24,7.026
2025-08-30 14:30,7.17
2025-08-30 14:36,7.311
2025-08-30 14:42,7.448
2025-08-30 14:48,7.58
2025-08-30 14:54,7.707
2025-08-30 15:00,7.828
2025-08-30 15:06,7.942
2025-08-30 15:12,8.049
2025-08-30 15:18,8.148
2025-08-30 15:24,8.24
2025-08-30 15:30,8.322
2025-08-30 15:36,8.395
2025-08-30 15:42,8.458
2025-08-30 15:48,8.511
2025-08-30 15:54,8.553
2025-08-30 16:00,8.585
2025-08-30 16:06,8.606
2025-08-30 16:12,8.617
2025-08-30 16:18,8.616
2025-08-30 16:24,8.604
2025-08-30 16:30,8.582
2025-08-30 16:36,8.549
2025-08-30 16:42,8.506
2025-08-30 16:48,8.453
2025-08-30 16:54,8.39
2025-08-30 17:00,8.318
2025-08-30 17:06,8.237
2025-08-30 17:12,8.147
2025-08-30 17:18,8.049
2025-08-30 17:24,7.943
2025-08-30 17:30,7.83
2025-08-30 17:36,7.71
2025-08-30 17:42,7.584
2025-08-30 17:48,7.452
2025-08-30 17:54,7.314
2025-08-30 18:00,7.171
2025-08-30 18:06,7.024
2025-08-30 18:12,6.872
2025-08-30 18:18,6.717
2025-08-30 18:24,6.559
2025-08-30 18:30,6.397
2025-08-30 18:36,6.234
2025-08-30 18:42,6.068
2025-08-30 18:48,5.901
2025-08-30 18:54,5.733
2025-08-30 19:00,5.565
2025-08-30 19:06,5.396
2025-08-30 19:12,5.227
2025-08-30 19:18,5.059
2025-08-30 19:24,4.891
2025-08-30 19:30,4.724
2025-08-30 19:36,4.559
2025-08-30 19:42,4.396
2025-08-30 19:48,4.234
2025-08-30 19:54,4.075
2025-08-30 20:00,3.918
2025-08-30 20:06,3.763
2025-08-30 20:12,3.611
2025-08-30 20:18,3.461
2025-08-30 20:24,3.314
2025-08-30 20:30,3.17
2025-08-30 20:36,3.03
2025-08-30 20:42,2.892
2025-08-30 20:48,2.757
2025-08-30 20:54,2.626
2025-08-30 21:00,2.499
2025-08-30 21:06,2.375
2025-08-30 21:12,2.255
2025-08-30 21:18,2.139
2025-08-30 21:24,2.028
2025-08-30 21:30,1.922
2025-08-30 21:36,1.821
2025-08-30 21:42,1.726
2025-08-30 21:48,1.637
2025-08-30 21:54,1.555
2025-08-30 22:00,1.479
2025-08-30 22:06,1.411
2025-08-30 22:12,1.351
2025-08-30 22:18,1.3
2025-08-30 22:24,1.258
2025-08-30 22:30,1.224
2025-08-30 22:36,1.201
2025-08-30 22:42,1.187
2025-08-30 22:48,1.184
2025-08-30 22:54,1.191
2025-08-30 23:00,1.209
2025-08-30 23:06,1.237
2025-08-30 23:12,1.275
2025-08-30 23:18,1.323
2025-08-30 23:24,1.381
2025-08-30 23:30,1.449
2025-08-30 23:36,1.526
2025-08-30 23:42,1.611
2025-08-30 23:48,1.705
2025-08-30 23:54,1.806
2025-08-31 00:00,1.913
2025-08-31 00:06,2.027
2025-08-31 00:12,2.147
2025-08-31 00:18,2.271
2025-08-31 00:24,2.399
2025-08-31 00:30,2.531
2025-08-31 00:36,2.666
2025-08-31 00:42,2.803
2025-08-31 00:48,2.943
2025-08-31 00:54,3.084
2025-08-31 01:00,3.226
2025-08-31 01:06,3.37
2025-08-31 01:12,3.514
2025-08-31 01:18,3.658
2025-08-31 01:24,3.803
2025-08-31 01:30,3.949
2025-08-31 01:36,4.094
2025-08-31 01:42,4.24
2025-08-31 01:48,4.386
2025-08-31 01:54,4.533
2025-08-31 02:00,4.679
2025-08-31 02:06,4.826
2025-08-31 02:12,4.972
2025-08-31 02:18,5.119
2025-08-31 02:24,5.265
2025-08-31 02:30,5.411
2025-08-31 02:36,5.556
2025-08-31 02:42,5.699
2025-08-31 02:48,5.841
2025-08-31 02:54,5.981
2025-08-31 03:00,6.119
2025-08-31 03:06,6.253
2025-08-31 03:12,6.384
2025-08-31 03:18,6.511
2025-08-31 03:24,6.633
2025-08-31 03:30,6.749
2025-08-31 03:36,6.859
2025-08-31 03:42,6.963
2025-08-31 03:48,7.059
2025-08-31 03:54,7.147
2025-08-31 04:00,7.228
2025-08-31 04:06,7.299
2025-08-31 04:12,7.362
2025-08-31 04:18,7.415
2025-08-31 04:24,7.458
2025-08-31 04:30,7.492
2025-08-31 04:36,7.516
2025-08-31 04:42,7.53
2025-08-31 04:48,7.534
2025-08-31 04:54,7.528
2025-08-31 05:00,7.513
2025-08-31 05:06,7.488
2025-08-31 05:12,7.455
2025-08-31 05:18,7.412
2025-08-31 05:24,7.361
2025-08-31 05:30,7.301
2025-08-31 05:36,7.234
2025-08-31 05:42,7.159
2025-08-31 05:48,7.077
2025-08-31 05:54,6.988
2025-08-31 06:00,6.894
2025-08-31 06:06,6.793
2025-08-31 06:12,6.687
2025-08-31 06:18,6.576
2025-08-31 06:24,6.461
2025-08-31 06:30,6.341
2025-08-31 06:36,6.218
2025-08-31 06:42,6.092
2025-08-31 06:48,5.962
2025-08-31 06:54,5.83
2025-08-31 07:00,5.696
2025-08-31 07:06,5.561
2025-08-31 07:12,5.424
2025-08-31 07:18,5.287
2025-08-31 07:24,5.149
2025-08-31 07:30,5.011
2025-08-31 07:36,4.873
2025-08-31 07:42,4.736
2025-08-31 07:48,4.6
2025-08-31 07:54,4.465
2025-08-31 08:00,4.331
2025-08-31 08:06,4.2
2025-08-31 08:12,4.07
2025-08-31 08:18,3.942
2025-08-31 08:24,3.817
2025-08-31 08:30,3.694
2025-08-31 08:36,3.574
2025-08-31 08:42,3.456
2025-08-31 08:48,3.341
2025-08-31 08:54,3.229
2025-08-31 09:00,3.119
2025-08-31 09:06,3.013
2025-08-31 09:12,2.91
2025-08-31 09:18,2.809
2025-08-31 09:24,2.713
2025-08-31 09:30,2.619
2025-08-31 09:36,2.529
2025-08-31 09:42,2.443
2025-08-31 09:48,2.361
2025-08-31 09:54,2.284
2025-08-31 10:00,2.211
2025-08-31 10:06,2.143
2025-08-31 10:12,2.081
2025-08-31 10:18,2.025
2025-08-31 10:24,1.976
2025-08-31 10:30,1.933
2025-08-31 10:36,1.898
2025-08-31 10:42,1.87
2025-08-31 10:48,1.851
2025-08-31 10:54,1.84
2025-08-31 11:00,1.838
2025-08-31 11:06,1.846
2025-08-31 11:12,1.863
2025-08-31 11:18,1.889
2025-08-31 11:24,1.926
2025-08-31 11:30,1.972
2025-08-31 11:36,2.028
2025-08-31 11:42,2.094
2025-08-31 11:48,2.168
2025-08-31 11:54,2.252
2025-08-31 12:00,2.344
2025-08-31 12:06,2.445
2025-08-31 12:12,2.553
2025-08-31 12:18,2.667
2025-08-31 12:24,2.789
2025-08-31 12:30,2.915
2025-08-31 12:36,3.047
2025-08-31 12:42,3.184
2025-08-31 12:48,3.323
2025-08-31 12:54,3.467
2025-08-31 13:00,3.612
2025-08-31 13:06,3.76
2025-08-31 13:12,3.909
2025-08-31 13:18,4.059
2025-08-31 13:24,4.21
2025-08-31 13:30,4.362
2025-08-31 13:36,4.513
2025-08-31 13:42,4.665
2025-08-31 13:48,4.816
2025-08-31 13:54,4.968
2025-08-31 14:00,5.118
2025-08-31 14:06,5.269
2025-08-31 14:12,5.419
2025-08-31 14:18,5.569
2025-08-31 14:24,5.719
2025-08-31 14:30,5.868
2025-08-31 14:36,6.016
2025-08-31 14:42,6.164
2025-08-31 14:48,6.311
2025-08-31 14:54,6.457
2025-08-31 15:00,6.601
2025-08-31 15:06,6.744
2025-08-31 15:12,6.885
2025-08-31 15:18,7.023
2025-08-31 15:24,7.159
2025-08-31 15:30,7.291
2025-08-31 15:36,7.419
2025-08-31 15:42,7.543
2025-08-31 15:48,7.661
2025-08-31 15:54,7.773
2025-08-31 16:00,7.88
2025-08-31 16:06,7.979
2025-08-31 16:12,8.07
2025-08-31 16:18,8.154
2025-08-31 16:24,8.229
2025-08-31 16:30,8.295
2025-08-31 16:36,8.351
2025-08-31 16:42,8.398
2025-08-31 16:48,8.435
2025-08-31 16:54,8.462
2025-08-31 17:00,8.479
2025-08-31 17:06,8.485
2025-08-31 17:12,8.482
2025-08-31 17:18,8.468
2025-08-31 17:24,8.444
2025-08-31 17:30,8.41
2025-08-31 17:36,8.366
2025-08-31 17:42,8.313
2025-08-31 17:48,8.251
2025-08-31 17:54,8.181
2025-08-31 18:00,8.102
2025-08-31 18:06,8.014
2025-08-31 18:12,7.92
2025-08-31 18:18,7.818
2025-08-31 18:24,7.709
2025-08-31 18:30,7.594
2025-08-31 18:36,7.474
2025-08-31 18:42,7.347
2025-08-31 18:48,7.216
2025-08-31 18:54,7.079
2025-08-31 19:00,6.939
2025-08-31 19:06,6.794
2025-08-31 19:12,6.647
2025-08-31 19:18,6.496
2025-08-31 19:24,6.342
2025-08-31 19:30,6.187
2025-08-31 19:36,6.03
2025-08-31 19:42,5.871
2025-08-31 19:48,5.711
2025-08-31 19:54,5.551
2025-08-31 20:00,5.391
2025-08-31 20:06,5.23
2025-08-31 20:12,5.071
2025-08-31 20:18,4.912
2025-08-31 20:24,4.754
2025-08-31 20:30,4.597
2025-08-31 20:36,4.442
2025-08-31 20:42,4.289
2025-08-31 20:48,4.138
2025-08-31 20:54,3.988
2025-08-31 21:00,3.841
2025-08-31 21:06,3.697
2025-08-31 21:12,3.554
2025-08-31 21:18,3.414
2025-08-31 21:24,3.277
2025-08-31 21:30,3.142
2025-08-31 21:36,3.01
2025-08-31 21:42,2.881
2025-08-31 21:48,2.755
2025-08-31 21:54,2.632
2025-08-31 22:00,2.512
2025-08-31 22:06,2.396
2025-08-31 22:12,2.284
2025-08-31 22:18,2.176
2025-08-31 22:24,2.072
2025-08-31 22:30,1.973
2025-08-31 22:36,1.88
2025-08-31 22:42,1.792
2025-08-31 22:48,1.71
2025-08-31 22:54,1.635
2025-08-31 23:00,1.568
2025-08-31 23:06,1.508
2025-08-31 23:12,1.456
2025-08-31 23:18,1.412
2025-08-31 23:24,1.378
2025-08-31 23:30,1.353
2025-08-31 23:36,1.337
2025-08-31 23:42,1.331
2025-08-31 23:48,1.335
2025-08-31 23:54,1.349
2025-09-01 00:00,1.374
2025-09-01 00:06,1.408
2025-09-01 00:12,1.451
2025-09-01 00:18,1.504
2025-09-01 00:24,1.566
2025-09-01 00:30,1.637
2025-09-01 00:36,1.716
2025-09-01 00:42,1.802
2025-09-01 00:48,1.895
2025-09-01 00:54,1.995
2025-09-01 01:00,2.1
2025-09-01 01:06,2.211
2025-09-01 01:12,2.326
2025-09-01 01:18,2.445
2025-09-01 01:24,2.567
2025-09-01 01:30,2.692
2025-09-01 01:36,2.819
2025-09-01 01:42,2.948
2025-09-01 01:48,3.079
2025-09-01 01:54,3.211
2025-09-01 02:00,3.344
2025-09-01 02:06,3.478
2025-09-01 02:12,3.612
2025-09-01 02:18,3.747
2025-09-01 02:24,3.883
2025-09-01 02:30,4.019
2025-09-01 02:36,4.156
2025-09-01 02:42,4.293
2025-09-01 02:48,4.431
2025-09-01 02:54,4.569
2025-09-01 03:00,4.707
2025-09-01 03:06,4.846
2025-09-01 03:12,4.985
2025-09-01 03:18,5.124
2025-09-01 03:24,5.262
2025-09-01 03:30,5.4
2025-09-01 03:36,5.538
2025-09-01 03:42,5.673
2025-09-01 03:48,5.808
2025-09-01 03:54,5.939
2025-09-01 04:00,6.068
2025-09-01 04:06,6.194
2025-09-01 04:12,6.316
2025-09-01 04:18,6.433
2025-09-01 04:24,6.544
2025-09-01 04:30,6.651
2025-09-01 04:36,6.75
2025-09-01 04:42,6.843
2025-09-01 04:48,6.929
2025-09-01 04:54,7.006
2025-09-01 05:00,7.076
2025-09-01 05:06,7.137
2025-09-01 05:12,7.189
2025-09-01 05:18,7.232
2025-09-01 05:24,7.265
2025-09-01 05:30,7.29
2025-09-01 05:36,7.305
2025-09-01 05:42,7.311
2025-09-01 05:48,7.307
2025-09-01 05:54,7.295
2025-09-01 06:00,7.274
2025-09-01 06:06,7.244
2025-09-01 06:12,7.205
2025-09-01 06:18,7.159
2025-09-01 06:24,7.105
2025-09-01 06:30,7.044
2025-09-01 06:36,6.975
2025-09-01 06:42,6.9
2025-09-01 06:48,6.819
2025-09-01 06:54,6.732
2025-09-01 07:00,6.639
2025-09-01 07:06,6.541
2025-09-01 07:12,6.439
2025-09-01 07:18,6.332
2025-09-01 07:24,6.221
2025-09-01 07:30,6.107
2025-09-01 07:36,5.989
2025-09-01 07:42,5.869
2025-09-01 07:48,5.747
2025-09-01 07:54,5.623
2025-09-01 08:00,5.497
2025-09-01 08:06,5.37
2025-09-01 08:12,5.242
2025-09-01 08:18,5.114
2025-09-01 08:24,4.986
2025-09-01 08:30,4.858
2025-09-01 08:36,4.731
2025-09-01 08:42,4.605
2025-09-01 08:48,4.479
2025-09-01 08:54,4.356
2025-09-01 09:00,4.233
2025-09-01 09:06,4.113
2025-09-01 09:12,3.994
2025-09-01 09:18,3.878
2025-09-01 09:24,3.763
2025-09-01 09:30,3.651
2025-09-01 09:36,3.541
2025-09-01 09:42,3.433
2025-09-01 09:48,3.328
2025-09-01 09:54,3.225
2025-09-01 10:00,3.124
2025-09-01 10:06,3.026
2025-09-01 10:12,2.931
2025-09-01 10:18,2.839
2025-09-01 10:24,2.749
2025-09-01 10:30,2.663
2025-09-01 10:36,2.58
2025-09-01 10:42,2.5
2025-09-01 10:48,2.425
2025-09-01 10:54,2.354
2025-09-01 11:00,2.288
2025-09-01 11:06,2.227
2025-09-01 11:12,2.171
2025-09-01 11:18,2.122
2025-09-01 11:24,2.079
2025-09-01 11:30,2.044
2025-09-01 11:36,2.016
2025-09-01 11:42,1.996
2025-09-01 11:48,1.984
2025-09-01 11:54,1.981
2025-09-01 12:00,1.987
2025-09-01 12:06,2.003
2025-09-01 12:12,2.028
2025-09-01 12:18,2.062
2025-09-01 12:24,2.106
2025-09-01 12:30,2.16
2025-09-01 12:36,2.222
2025-09-01 12:42,2.294
2025-09-01 12:48,2.374
2025-09-01 12:54,2.463
2025-09-01 13:00,2.559
2025-09-01 13:06,2.662
2025-09-01 13:12,2.772
2025-09-01 13:18,2.888
2025-09-01 13:24,3.01
2025-09-01 13:30,3.136
2025-09-01 13:36,3.266
2025-09-01 13:42,3.4
2025-09-01 13:48,3.536
2025-09-01 13:54,3.675
2025-09-01 14:00,3.816
2025-09-01 14:06,3.959
2025-09-01 14:12,4.102
2025-09-01 14:18,4.246
2025-09-01 14:24,4.391
2025-09-01 14:30,4.536
2025-09-01 14:36,4.681
2025-09-01 14:42,4.826
2025-09-01 14:48,4.971
2025-09-01 14:54,5.116
2025-09-01 15:00,5.261
2025-09-01 15:06,5.406
2025-09-01 15:12,5.551
2025-09-01 15:18,5.695
2025-09-01 15:24,5.84
2025-09-01 15:30,5.984
2025-09-01 15:36,6.128
2025-09-01 15:42,6.272
2025-09-01 15:48,6.414
2025-09-01 15:54,6.556
2025-09-01 16:00,6.696
2025-09-01 16:06,6.835
2025-09-01 16:12,6.971
2025-09-01 16:18,7.105
2025-09-01 16:24,7.235
2025-09-01 16:30,7.362
2025-09-01 16:36,7.484
2025-09-01 16:42,7.602
2025-09-01 16:48,7.713
2025-09-01 16:54,7.819
2025-09-01 17:00,7.918
2025-09-01 17:06,8.009
2025-09-01 17:12,8.093
2025-09-01 17:18,8.168
2025-09-01 17:24,8.235
2025-09-01 17:30,8.293
2025-09-01 17:36,8.341
2025-09-01 17:42,8.38
2025-09-01 17:48,8.408
2025-09-01 17:54,8.427
2025-09-01 18:00,8.436
2025-09-01 18:06,8.435
2025-09-01 18:12,8.424
2025-09-01 18:18,8.403
2025-09-01 18:24,8.373
2025-09-01 18:30,8.333
2025-09-01 18:36,8.285
2025-09-01 18:42,8.227
2025-09-01 18:48,8.161
2025-09-01 18:54,8.087
2025-09-01 19:00,8.005
2025-09-01 19:06,7.915
2025-09-01 19:12,7.818
2025-09-01 19:18,7.715
2025-09-01 19:24,7.606
2025-09-01 19:30,7.49
2025-09-01 19:36,7.369
2025-09-01 19:42,7.243
2025-09-01 19:48,7.112
2025-09-01 19:54,6.978
2025-09-01 20:00,6.839
2025-09-01 20:06,6.697
2025-09-01 20:12,6.551
2025-09-01 20:18,6.404
2025-09-01 20:24,6.254
2025-09-01 20:30,6.102
2025-09-01 20:36,5.949
2025-09-01 20:42,5.794
2025-09-01 20:48,5.64
2025-09-01 20:54,5.484
2025-09-01 21:00,5.329
2025-09-01 21:06,5.174
2025-09-01 21:12,5.02
2025-09-01 21:18,4.866
2025-09-01 21:24,4.714
2025-09-01 21:30,4.562
2025-09-01 21:36,4.412
2025-09-01 21:42,4.264
2025-09-01 21:48,4.117
2025-09-01 21:54,3.972
2025-09-01 22:00,3.829
2025-09-01 22:06,3.688
2025-09-01 22:12,3.549
2025-09-01 22:18,3.411
2025-09-01 22:24,3.276
2025-09-01 22:30,3.143
2025-09-01 22:36,3.013
2025-09-01 22:42,2.884
2025-09-01 22:48,2.759
2025-09-01 22:54,2.636
2025-09-01 23:00,2.516
2025-09-01 23:06,2.4
2025-09-01 23:12,2.288
2025-09-01 23:18,2.179
2025-09-01 23:24,2.076
2025-09-01 23:30,1.977
2025-09-01 23:36,1.884
2025-09-01 23:42,1.797
2025-09-01 23:48,1.717
2025-09-01 23:54,1.643
2025-09-02 00:00,1.578
2025-09-02 00:06,1.52
2025-09-02 00:12,1.471
2025-09-02 00:18,1.431
2025-09-02 00:24,1.4
2025-09-02 00:30,1.379
2025-09-02 00:36,1.368
2025-09-02 00:42,1.366
2025-09-02 00:48,1.375
2025-09-02 00:54,1.394
2025-09-02 01:00,1.422
2025-09-02 01:06,1.46
2025-09-02 01:12,1.507
2025-09-02 01:18,1.564
2025-09-02 01:24,1.628
2025-09-02 01:30,1.701
2025-09-02 01:36,1.781
2025-09-02 01:42,1.868
2025-09-02 01:48,1.961
2025-09-02 01:54,2.06
2025-09-02 02:00,2.164
2025-09-02 02:06,2.272
2025-09-02 02:12,2.384
2025-09-02 02:18,2.499
2025-09-02 02:24,2.617
2025-09-02 02:30,2.737
2025-09-02 02:36,2.86
2025-09-02 02:42,2.984
2025-09-02 02:48,3.109
2025-09-02 02:54,3.236
2025-09-02 03:00,3.364
2025-09-02 03:06,3.493
2025-09-02 03:12,3.623
2025-09-02 03:18,3.754
2025-09-02 03:24,3.885
2025-09-02 03:30,4.018
2025-09-02 03:36,4.152
2025-09-02 03:42,4.286
2025-09-02 03:48,4.422
2025-09-02 03:54,4.558
2025-09-02 04:00,4.695
2025-09-02 04:06,4.833
2025-09-02 04:12,4.971
2025-09-02 04:18,5.11
2025-09-02 04:24,5.248
2025-09-02 04:30,5.386
2025-09-02 04:36,5.522
2025-09-02 04:42,5.658
2025-09-02 04:48,5.791
2025-09-02 04:54,5.922
2025-09-02 05:00,6.049
2025-09-02 05:06,6.173
2025-09-02 05:12,6.293
2025-09-02 05:18,6.407
2025-09-02 05:24,6.516
2025-09-02 05:30,6.619
2025-09-02 05:36,6.715
2025-09-02 05:42,6.804
2025-09-02 05:48,6.885
2025-09-02 05:54,6.958
2025-09-02 06:00,7.023
2025-09-02 06:06,7.079
2025-09-02 06:12,7.126
2025-09-02 06:18,7.164
2025-09-02 06:24,7.193
2025-09-02 06:30,7.213
2025-09-02 06:36,7.223
2025-09-02 06:42,7.224
2025-09-02 06:48,7.217
2025-09-02 06:54,7.201
2025-09-02 07:00,7.176
2025-09-02 07:06,7.143
2025-09-02 07:12,7.102
2025-09-02 07:18,7.053
2025-09-02 07:24,6.997
2025-09-02 07:30,6.934
2025-09-02 07:36,6.865
2025-09-02 07:42,6.789
2025-09-02 07:48,6.707
2025-09-02 07:54,6.62
2025-09-02 08:00,6.528
2025-09-02 08:06,6.431
2025-09-02 08:12,6.33
2025-09-02 08:18,6.225
2025-09-02 08:24,6.116
2025-09-02 08:30,6.004
2025-09-02 08:36,5.89
2025-09-02 08:42,5.773
2025-09-02 08:48,5.654
2025-09-02 08:54,5.534
2025-09-02 09:00,5.412
2025-09-02 09:06,5.289
2025-09-02 09:12,5.166
2025-09-02 09:18,5.043
2025-09-02 09:24,4.919
2025-09-02 09:30,4.796
2025-09-02 09:36,4.674
2025-09-02 09:42,4.552
2025-09-02 09:48,4.432
2025-09-02 09:54,4.312
2025-09-02 10:00,4.194
2025-09-02 10:06,4.078
2025-09-02 10:12,3.963
2025-09-02 10:18,3.849
2025-09-02 10:24,3.738
2025-09-02 10:30,3.628
2025-09-02 10:36,3.52
2025-09-02 10:42,3.413
2025-09-02 10:48,3.309
2025-09-02 10:54,3.206
2025-09-02 11:00,3.106
2025-09-02 11:06,3.008
2025-09-02 11:12,2.912
2025-09-02 11:18,2.819
2025-09-02 11:24,2.728
2025-09-02 11:30,2.641
2025-09-02 11:36,2.557
2025-09-02 11:42,2.477
2025-09-02 11:48,2.401
2025-09-02 11:54,2.33
2025-09-02 12:00,2.264
2025-09-02 12:06,2.204
2025-09-02 12:12,2.15
2025-09-02 12:18,2.103
2025-09-02 12:24,2.063
2025-09-02 12:30,2.031
2025-09-02 12:36,2.007
2025-09-02 12:42,1.992
2025-09-02 12:48,1.985
2025-09-02 12:54,1.988
2025-09-02 13:00,2.001
2025-09-02 13:06,2.023
2025-09-02 13:12,2.055
2025-09-02 13:18,2.096
2025-09-02 13:24,2.147
2025-09-02 13:30,2.208
2025-09-02 13:36,2.277
2025-09-02 13:42,2.355
2025-09-02 13:48,2.441
2025-09-02 13:54,2.535
2025-09-02 14:00,2.636
2025-09-02 14:06,2.744
2025-09-02 14:12,2.857
2025-09-02 14:18,2.976
2025-09-02 14:24,3.1
2025-09-02 14:30,3.227
2025-09-02 14:36,3.358
2025-09-02 14:42,3.492
2025-09-02 14:48,3.628
2025-09-02 14:54,3.766
2025-09-02 15:00,3.906
2025-09-02 15:06,4.047
2025-09-02 15:12,4.189
2025-09-02 15:18,4.332
2025-09-02 15:24,4.475
2025-09-02 15:30,4.619
2025-09-02 15:36,4.763
2025-09-02 15:42,4.908
2025-09-02 15:48,5.053
2025-09-02 15:54,5.198
2025-09-02 16:00,5.344
2025-09-02 16:06,5.491
2025-09-02 16:12,5.637
2025-09-02 16:18,5.784
2025-09-02 16:24,5.932
2025-09-02 16:30,6.079
2025-09-02 16:36,6.226
2025-09-02 16:42,6.373
2025-09-02 16:48,6.52
2025-09-02 16:54,6.665
2025-09-02 17:00,6.808
2025-09-02 17:06,6.95
2025-09-02 17:12,7.089
2025-09-02 17:18,7.225
2025-09-02 17:24,7.358
2025-09-02 17:30,7.486
2025-09-02 17:36,7.609
2025-09-02 17:42,7.726
2025-09-02 17:48,7.838
2025-09-02 17:54,7.942
2025-09-02 18:00,8.039
2025-09-02 18:06,8.128
2025-09-02 18:12,8.209
2025-09-02 18:18,8.28
2025-09-02 18:24,8.343
2025-09-02 18:30,8.396
2025-09-02 18:36,8.439
2025-09-02 18:42,8.472
2025-09-02 18:48,8.495
2025-09-02 18:54,8.508
2025-09-02 19:00,8.511
2025-09-02 19:06,8.504
2025-09-02 19:12,8.487
2025-09-02 19:18,8.46
2025-09-02 19:24,8.424
2025-09-02 19:30,8.378
2025-09-02 19:36,8.324
2025-09-02 19:42,8.261
2025-09-02 19:48,8.189
2025-09-02 19:54,8.11
2025-09-02 20:00,8.023
2025-09-02 20:06,7.929
2025-09-02 20:12,7.828
2025-09-02 20:18,7.721
2025-09-02 20:24,7.608
2025-09-02 20:30,7.489
2025-09-02 20:36,7.365
2025-09-02 20:42,7.236
2025-09-02 20:48,7.103
2025-09-02 20:54,6.965
2025-09-02 21:00,6.824
2025-09-02 21:06,6.68
2025-09-02 21:12,6.533
2025-09-02 21:18,6.384
2025-09-02 21:24,6.233
2025-09-02 21:30,6.08
2025-09-02 21:36,5.925
2025-09-02 21:42,5.77
2025-09-02 21:48,5.614
2025-09-02 21:54,5.458
2025-09-02 22:00,5.301
2025-09-02 22:06,5.145
2025-09-02 22:12,4.989
2025-09-02 22:18,4.834
2025-09-02 22:24,4.68
2025-09-02 22:30,4.526
2025-09-02 22:36,4.373
2025-09-02 22:42,4.222
2025-09-02 22:48,4.072
2025-09-02 22:54,3.923
2025-09-02 23:00,3.775
2025-09-02 23:06,3.629
2025-09-02 23:12,3.484
2025-09-02 23:18,3.342
2025-09-02 23:24,3.201
2025-09-02 23:30,3.062
2025-09-02 23:36,2.925
2025-09-02 23:42,2.79
2025-09-02 23:48,2.659
2025-09-02 23:54,2.53
2025-09-03 00:00,2.405
2025-09-03 00:06,2.283
2025-09-03 00:12,2.166
2025-09-03 00:18,2.054
2025-09-03 00:24,1.947
2025-09-03 00:30,1.846
2025-09-03 00:36,1.751
2025-09-03 00:42,1.663
2025-09-03 00:48,1.583
2025-09-03 00:54,1.511
2025-09-03 01:00,1.447
2025-09-03 01:06,1.392
2025-09-03 01:12,1.347
2025-09-03 01:18,1.312
2025-09-03 01:24,1.287
2025-09-03 01:30,1.271
2025-09-03 01:36,1.267
2025-09-03 01:42,1.272
2025-09-03 01:48,1.288
2025-09-03 01:54,1.313
2025-09-03 02:00,1.349
2025-09-03 02:06,1.394
2025-09-03 02:12,1.448
2025-09-03 02:18,1.511
2025-09-03 02:24,1.581
2025-09-03 02:30,1.659
2025-09-03 02:36,1.744
2025-09-03 02:42,1.835
2025-09-03 02:48,1.932
2025-09-03 02:54,2.034
2025-09-03 03:00,2.141
2025-09-03 03:06,2.251
2025-09-03 03:12,2.365
2025-09-03 03:18,2.481
2025-09-03 03:24,2.601
2025-09-03 03:30,2.723
2025-09-03 03:36,2.846
2025-09-03 03:42,2.972
2025-09-03 03:48,3.099
2025-09-03 03:54,3.228
2025-09-03 04:00,3.358
2025-09-03 04:06,3.49
2025-09-03 04:12,3.624
2025-09-03 04:18,3.759
2025-09-03 04:24,3.895
2025-09-03 04:30,4.033
2025-09-03 04:36,4.173
2025-09-03 04:42,4.314
2025-09-03 04:48,4.456
2025-09-03 04:54,4.6
2025-09-03 05:00,4.745
2025-09-03 05:06,4.89
2025-09-03 05:12,5.036
2025-09-03 05:18,5.182
2025-09-03 05:24,5.328
2025-09-03 05:30,5.473
2025-09-03 05:36,5.616
2025-09-03 05:42,5.758
2025-09-03 05:48,5.897
2025-09-03 05:54,6.033
2025-09-03 06:00,6.165
2025-09-03 06:06,6.292
2025-09-03 06:12,6.414
2025-09-03 06:18,6.53
2025-09-03 06:24,6.64
2025-09-03 06:30,6.742
2025-09-03 06:36,6.837
2025-09-03 06:42,6.924
2025-09-03 06:48,7.003
2025-09-03 06:54,7.073
2025-09-03 07:00,7.134
2025-09-03 07:06,7.185
2025-09-03 07:12,7.228
2025-09-03 07:18,7.26
2025-09-03 07:24,7.284
2025-09-03 07:30,7.297
2025-09-03 07:36,7.302
2025-09-03 07:42,7.297
2025-09-03 07:48,7.284
2025-09-03 07:54,7.261
2025-09-03 08:00,7.231
2025-09-03 08:06,7.192
2025-09-03 08:12,7.145
2025-09-03 08:18,7.091
2025-09-03 08:24,7.029
2025-09-03 08:30,6.961
2025-09-03 08:36,6.886
2025-09-03 08:42,6.806
2025-09-03 08:48,6.719
2025-09-03 08:54,6.628
2025-09-03 09:00,6.531
2025-09-03 09:06,6.43
2025-09-03 09:12,6.325
2025-09-03 09:18,6.216
2025-09-03 09:24,6.104
2025-09-03 09:30,5.989
2025-09-03 09:36,5.871
2025-09-03 09:42,5.75
2025-09-03 09:48,5.628
2025-09-03 09:54,5.505
2025-09-03 10:00,5.38
2025-09-03 10:06,5.254
2025-09-03 10:12,5.128
2025-09-03 10:18,5.001
2025-09-03 10:24,4.874
2025-09-03 10:30,4.748
2025-09-03 10:36,4.621
2025-09-03 10:42,4.496
2025-09-03 10:48,4.371
2025-09-03 10:54,4.247
2025-09-03 11:00,4.124
2025-09-03 11:06,4.002
2025-09-03 11:12,3.882
2025-09-03 11:18,3.762
2025-09-03 11:24,3.644
2025-09-03 11:30,3.528
2025-09-03 11:36,3.413
2025-09-03 11:42,3.299
2025-09-03 11:48,3.188
2025-09-03 11:54,3.078
2025-09-03 12:00,2.971
2025-09-03 12:06,2.866
2025-09-03 12:12,2.764
2025-09-03 12:18,2.664
2025-09-03 12:24,2.568
2025-09-03 12:30,2.476
2025-09-03 12:36,2.388
2025-09-03 12:42,2.304
2025-09-03 12:48,2.226
2025-09-03 12:54,2.154
2025-09-03 13:00,2.087
2025-09-03 13:06,2.028
2025-09-03 13:12,1.976
2025-09-03 13:18,1.932
2025-09-03 13:24,1.896
2025-09-03 13:30,1.869
2025-09-03 13:36,1.851
2025-09-03 13:42,1.843
2025-09-03 13:48,1.845
2025-09-03 13:54,1.856
2025-09-03 14:00,1.878
2025-09-03 14:06,1.91
2025-09-03 14:12,1.952
2025-09-03 14:18,2.004
2025-09-03 14:24,2.066
2025-09-03 14:30,2.136
2025-09-03 14:36,2.216
2025-09-03 14:42,2.304
2025-09-03 14:48,2.4
2025-09-03 14:54,2.502
2025-09-03 15:00,2.612
2025-09-03 15:06,2.728
2025-09-03 15:12,2.849
2025-09-03 15:18,2.975
2025-09-03 15:24,3.105
2025-09-03 15:30,3.238
2025-09-03 15:36,3.375
2025-09-03 15:42,3.515
2025-09-03 15:48,3.657
2025-09-03 15:54,3.8
2025-09-03 16:00,3.946
2025-09-03 16:06,4.092
2025-09-03 16:12,4.24
2025-09-03 16:18,4.389
2025-09-03 16:24,4.539
2025-09-03 16:30,4.69
2025-09-03 16:36,4.842
2025-09-03 16:42,4.995
2025-09-03 16:48,5.149
2025-09-03 16:54,5.304
2025-09-03 17:00,5.46
2025-09-03 17:06,5.617
2025-09-03 17:12,5.774
2025-09-03 17:18,5.932
2025-09-03 17:24,6.09
2025-09-03 17:30,6.248
2025-09-03 17:36,6.407
2025-09-03 17:42,6.564
2025-09-03 17:48,6.72
2025-09-03 17:54,6.875
2025-09-03 18:00,7.028
2025-09-03 18:06,7.177
2025-09-03 18:12,7.324
2025-09-03 18:18,7.466
2025-09-03 18:24,7.604
2025-09-03 18:30,7.736
2025-09-03 18:36,7.861
2025-09-03 18:42,7.981
2025-09-03 18:48,8.092
2025-09-03 18:54,8.196
2025-09-03 19:00,8.291
2025-09-03 19:06,8.377
2025-09-03 19:12,8.454
2025-09-03 19:18,8.52
2025-09-03 19:24,8.577
2025-09-03 19:30,8.623
2025-09-03 19:36,8.659
2025-09-03 19:42,8.685
2025-09-03 19:48,8.699
2025-09-03 19:54,8.703
2025-09-03 20:00,8.697
2025-09-03 20:06,8.681
2025-09-03 20:12,8.654
2025-09-03 20:18,8.617
2025-09-03 20:24,8.571
2025-09-03 20:30,8.516
2025-09-03 20:36,8.452
2025-09-03 20:42,8.379
2025-09-03 20:48,8.298
2025-09-03 20:54,8.209
2025-09-03 21:00,8.112
2025-09-03 21:06,8.009
2025-09-03 21:12,7.898
2025-09-03 21:18,7.782
2025-09-03 21:24,7.659
2025-09-03 21:30,7.531
2025-09-03 21:36,7.398
2025-09-03 21:42,7.259
2025-09-03 21:48,7.117
2025-09-03 21:54,6.971
2025-09-03 22:00,6.821
2025-09-03 22:06,6.668
2025-09-03 22:12,6.512
2025-09-03 22:18,6.353
2025-09-03 22:24,6.193
2025-09-03 22:30,6.031
2025-09-03 22:36,5.867
2025-09-03 22:42,5.703
2025-09-03 22:48,5.537
2025-09-03 22:54,5.372
2025-09-03 23:00,5.206
2025-09-03 23:06,5.04
2025-09-03 23:12,4.874
2025-09-03 23:18,4.708
2025-09-03 23:24,4.544
2025-09-03 23:30,4.38
2025-09-03 23:36,4.216
2025-09-03 23:42,4.054
2025-09-03 23:48,3.893
2025-09-03 23:54,3.733
2025-09-04 00:00,3.575
2025-09-04 00:06,3.418
2025-09-04 00:12,3.263
2025-09-04 00:18,3.11
2025-09-04 00:24,2.959
2025-09-04 00:30,2.811
2025-09-04 00:36,2.665
2025-09-04 00:42,2.523
2025-09-04 00:48,2.383
2025-09-04 00:54,2.248
2025-09-04 01:00,2.118
2025-09-04 01:06,1.992
2025-09-04 01:12,1.872
2025-09-04 01:18,1.757
2025-09-04 01:24,1.65
2025-09-04 01:30,1.549
2025-09-04 01:36,1.457
2025-09-04 01:42,1.373
2025-09-04 01:48,1.297
2025-09-04 01:54,1.231
2025-09-04 02:00,1.175
2025-09-04 02:06,1.129
2025-09-04 02:12,1.093
2025-09-04 02:18,1.068
2025-09-04 02:24,1.054
2025-09-04 02:30,1.051
2025-09-04 02:36,1.058
2025-09-04 02:42,1.077
2025-09-04 02:48,1.105
2025-09-04 02:54,1.144
2025-09-04 03:00,1.193
2025-09-04 03:06,1.251
2025-09-04 03:12,1.318
2025-09-04 03:18,1.393
2025-09-04 03:24,1.476
2025-09-04 03:30,1.566
2025-09-04 03:36,1.662
2025-09-04 03:42,1.764
2025-09-04 03:48,1.872
2025-09-04 03:54,1.985
2025-09-04 04:00,2.101
2025-09-04 04:06,2.222
2025-09-04 04:12,2.346
2025-09-04 04:18,2.473
2025-09-04 04:24,2.603
2025-09-04 04:30,2.735
2025-09-04 04:36,2.87
2025-09-04 04:42,3.007
2025-09-04 04:48,3.146
2025-09-04 04:54,3.287
2025-09-04 05:00,3.43
2025-09-04 05:06,3.576
2025-09-04 05:12,3.723
2025-09-04 05:18,3.872
2025-09-04 05:24,4.023
2025-09-04 05:30,4.176
2025-09-04 05:36,4.331
2025-09-04 05:42,4.487
2025-09-04 05:48,4.645
2025-09-04 05:54,4.804
2025-09-04 06:00,4.963
2025-09-04 06:06,5.123
2025-09-04 06:12,5.282
2025-09-04 06:18,5.441
2025-09-04 06:24,5.599
2025-09-04 06:30,5.755
2025-09-04 06:36,5.908
2025-09-04 06:42,6.058
2025-09-04 06:48,6.204
2025-09-04 06:54,6.346
2025-09-04 07:00,6.482
2025-09-04 07:06,6.612
2025-09-04 07:12,6.736
2025-09-04 07:18,6.852
2025-09-04 07:24,6.961
2025-09-04 07:30,7.061
2025-09-04 07:36,7.152
2025-09-04 07:42,7.234
2025-09-04 07:48,7.307
2025-09-04 07:54,7.37
2025-09-04 08:00,7.423
2025-09-04 08:06,7.466
2025-09-04 08:12,7.499
2025-09-04 08:18,7.522
2025-09-04 08:24,7.536
2025-09-04 08:30,7.539
2025-09-04 08:36,7.532
2025-09-04 08:42,7.517
2025-09-04 08:48,7.492
2025-09-04 08:54,7.458
2025-09-04 09:00,7.415
2025-09-04 09:06,7.365
2025-09-04 09:12,7.306
2025-09-04 09:18,7.24
2025-09-04 09:24,7.167
2025-09-04 09:30,7.086
2025-09-04 09:36,7
2025-09-04 09:42,6.907
2025-09-04 09:48,6.808
2025-09-04 09:54,6.705
2025-09-04 10:00,6.596
2025-09-04 10:06,6.482
2025-09-04 10:12,6.365
2025-09-04 10:18,6.243
2025-09-04 10:24,6.118
2025-09-04 10:30,5.991
2025-09-04 10:36,5.86
2025-09-04 10:42,5.727
2025-09-04 10:48,5.592
2025-09-04 10:54,5.456
2025-09-04 11:00,5.318
2025-09-04 11:06,5.179
2025-09-04 11:12,5.04
2025-09-04 11:18,4.9
2025-09-04 11:24,4.76
2025-09-04 11:30,4.62
2025-09-04 11:36,4.481
2025-09-04 11:42,4.342
2025-09-04 11:48,4.205
2025-09-04 11:54,4.068
2025-09-04 12:00,3.932
2025-09-04 12:06,3.797
2025-09-04 12:12,3.663
2025-09-04 12:18,3.532
2025-09-04 12:24,3.401
2025-09-04 12:30,3.273
2025-09-04 12:36,3.146
2025-09-04 12:42,3.022
2025-09-04 12:48,2.9
2025-09-04 12:54,2.78
2025-09-04 13:00,2.664
2025-09-04 13:06,2.551
2025-09-04 13:12,2.441
2025-09-04 13:18,2.335
2025-09-04 13:24,2.234
2025-09-04 13:30,2.138
2025-09-04 13:36,2.048
2025-09-04 13:42,1.963
2025-09-04 13:48,1.886
2025-09-04 13:54,1.815
2025-09-04 14:00,1.752
2025-09-04 14:06,1.698
2025-09-04 14:12,1.652
2025-09-04 14:18,1.615
2025-09-04 14:24,1.589
2025-09-04 14:30,1.572
2025-09-04 14:36,1.566
2025-09-04 14:42,1.57
2025-09-04 14:48,1.585
2025-09-04 14:54,1.611
2025-09-04 15:00,1.647
2025-09-04 15:06,1.694
2025-09-04 15:12,1.752
2025-09-04 15:18,1.82
2025-09-04 15:24,1.897
2025-09-04 15:30,1.984
2025-09-04 15:36,2.079
2025-09-04 15:42,2.183
2025-09-04 15:48,2.294
2025-09-04 15:54,2.412
2025-09-04 16:00,2.536
2025-09-04 16:06,2.667
2025-09-04 16:12,2.802
2025-09-04 16:18,2.942
2025-09-04 16:24,3.086
2025-09-04 16:30,3.234
2025-09-04 16:36,3.384
2025-09-04 16:42,3.538
2025-09-04 16:48,3.694
2025-09-04 16:54,3.851
2025-09-04 17:00,4.011
2025-09-04 17:06,4.172
2025-09-04 17:12,4.335
2025-09-04 17:18,4.5
2025-09-04 17:24,4.666
2025-09-04 17:30,4.833
2025-09-04 17:36,5.001
2025-09-04 17:42,5.171
2025-09-04 17:48,5.342
2025-09-04 17:54,5.513
2025-09-04 18:00,5.686
2025-09-04 18:06,5.86
2025-09-04 18:12,6.033
2025-09-04 18:18,6.207
2025-09-04 18:24,6.381
2025-09-04 18:30,6.554
2025-09-04 18:36,6.726
2025-09-04 18:42,6.896
2025-09-04 18:48,7.065
2025-09-04 18:54,7.23
2025-09-04 19:00,7.391
2025-09-04 19:06,7.549
2025-09-04 19:12,7.701
2025-09-04 19:18,7.848
2025-09-04 19:24,7.988
2025-09-04 19:30,8.121
2025-09-04 19:36,8.247
2025-09-04 19:42,8.364
2025-09-04 19:48,8.472
2025-09-04 19:54,8.571
2025-09-04 20:00,8.659
2025-09-04 20:06,8.738
2025-09-04 20:12,8.805
2025-09-04 20:18,8.862
2025-09-04 20:24,8.908
2025-09-04 20:30,8.943
2025-09-04 20:36,8.966
2025-09-04 20:42,8.978
2025-09-04 20:48,8.979
2025-09-04 20:54,8.968
2025-09-04 21:00,8.947
2025-09-04 21:06,8.916
2025-09-04 21:12,8.873
2025-09-04 21:18,8.821
2025-09-04 21:24,8.759
2025-09-04 21:30,8.687
2025-09-04 21:36,8.607
2025-09-04 21:42,8.517
2025-09-04 21:48,8.419
2025-09-04 21:54,8.313
2025-09-04 22:00,8.2
2025-09-04 22:06,8.079
2025-09-04 22:12,7.952
2025-09-04 22:18,7.818
2025-09-04 22:24,7.678
2025-09-04 22:30,7.532
2025-09-04 22:36,7.381
2025-09-04 22:42,7.225
2025-09-04 22:48,7.065
2025-09-04 22:54,6.901
2025-09-04 23:00,6.734
2025-09-04 23:06,6.563
2025-09-04 23:12,6.389
2025-09-04 23:18,6.214
2025-09-04 23:24,6.036
2025-09-04 23:30,5.857
2025-09-04 23:36,5.676
2025-09-04 23:42,5.495
2025-09-04 23:48,5.313
2025-09-04 23:54,5.131
2025-09-05 00:00,4.949
2025-09-05 00:06,4.767
2025-09-05 00:12,4.585
2025-09-05 00:18,4.405
2025-09-05 00:24,4.225
2025-09-05 00:30,4.047
2025-09-05 00:36,3.87
2025-09-05 00:42,3.694
2025-09-05 00:48,3.52
2025-09-05 00:54,3.348
2025-09-05 01:00,3.179
2025-09-05 01:06,3.011
2025-09-05 01:12,2.846
2025-09-05 01:18,2.684
2025-09-05 01:24,2.525
2025-09-05 01:30,2.37
2025-09-05 01:36,2.219
2025-09-05 01:42,2.072
2025-09-05 01:48,1.93
2025-09-05 01:54,1.793
2025-09-05 02:00,1.662
2025-09-05 02:06,1.538
2025-09-05 02:12,1.421
2025-09-05 02:18,1.312
2025-09-05 02:24,1.211
2025-09-05 02:30,1.119
2025-09-05 02:36,1.036
2025-09-05 02:42,0.963
2025-09-05 02:48,0.9
2025-09-05 02:54,0.848
2025-09-05 03:00,0.808
2025-09-05 03:06,0.779
2025-09-05 03:12,0.761
2025-09-05 03:18,0.755
2025-09-05 03:24,0.76
2025-09-05 03:30,0.777
2025-09-05 03:36,0.806
2025-09-05 03:42,0.845
2025-09-05 03:48,0.896
2025-09-05 03:54,0.956
2025-09-05 04:00,1.027
2025-09-05 04:06,1.107
2025-09-05 04:12,1.195
2025-09-05 04:18,1.292
2025-09-05 04:24,1.396
2025-09-05 04:30,1.507
2025-09-05 04:36,1.625
2025-09-05 04:42,1.748
2025-09-05 04:48,1.877
2025-09-05 04:54,2.01
2025-09-05 05:00,2.147
2025-09-05 05:06,2.288
2025-09-05 05:12,2.433
2025-09-05 05:18,2.58
2025-09-05 05:24,2.731
2025-09-05 05:30,2.884
2025-09-05 05:36,3.04
2025-09-05 05:42,3.198
2025-09-05 05:48,3.358
2025-09-05 05:54,3.521
2025-09-05 06:00,3.686
2025-09-05 06:06,3.853
2025-09-05 06:12,4.021
2025-09-05 06:18,4.192
2025-09-05 06:24,4.364
2025-09-05 06:30,4.538
2025-09-05 06:36,4.712
2025-09-05 06:42,4.888
2025-09-05 06:48,5.064
2025-09-05 06:54,5.241
2025-09-05 07:00,5.417
2025-09-05 07:06,5.592
2025-09-05 07:12,5.765
2025-09-05 07:18,5.936
2025-09-05 07:24,6.104
2025-09-05 07:30,6.269
2025-09-05 07:36,6.43
2025-09-05 07:42,6.585
2025-09-05 07:48,6.735
2025-09-05 07:54,6.878
2025-09-05 08:00,7.014
2025-09-05 08:06,7.142
2025-09-05 08:12,7.262
2025-09-05 08:18,7.373
2025-09-05 08:24,7.475
2025-09-05 08:30,7.567
2025-09-05 08:36,7.648
2025-09-05 08:42,7.719
2025-09-05 08:48,7.78
2025-09-05 08:54,7.83
2025-09-05 09:00,7.868
2025-09-05 09:06,7.896
2025-09-05 09:12,7.913
2025-09-05 09:18,7.92
2025-09-05 09:24,7.915
2025-09-05 09:30,7.901
2025-09-05 09:36,7.876
2025-09-05 09:42,7.841
2025-09-05 09:48,7.797
2025-09-05 09:54,7.743
2025-09-05 10:00,7.68
2025-09-05 10:06,7.609
2025-09-05 10:12,7.53
2025-09-05 10:18,7.442
2025-09-05 10:24,7.347
2025-09-05 10:30,7.245
2025-09-05 10:36,7.137
2025-09-05 10:42,7.022
2025-09-05 10:48,6.901
2025-09-05 10:54,6.774
2025-09-05 11:00,6.643
2025-09-05 11:06,6.507
2025-09-05 11:12,6.366
2025-09-05 11:18,6.222
2025-09-05 11:24,6.074
2025-09-05 11:30,5.924
2025-09-05 11:36,5.771
2025-09-05 11:42,5.616
2025-09-05 11:48,5.459
2025-09-05 11:54,5.3
2025-09-05 12:00,5.141
2025-09-05 12:06,4.981
2025-09-05 12:12,4.821
2025-09-05 12:18,4.661
2025-09-05 12:24,4.502
2025-09-05 12:30,4.343
2025-09-05 12:36,4.185
2025-09-05 12:42,4.028
2025-09-05 12:48,3.872
2025-09-05 12:54,3.718
2025-09-05 13:00,3.566
2025-09-05 13:06,3.415
2025-09-05 13:12,3.267
2025-09-05 13:18,3.121
2025-09-05 13:24,2.977
2025-09-05 13:30,2.836
2025-09-05 13:36,2.698
2025-09-05 13:42,2.563
2025-09-05 13:48,2.432
2025-09-05 13:54,2.304
2025-09-05 14:00,2.181
2025-09-05 14:06,2.062
2025-09-05 14:12,1.948
2025-09-05 14:18,1.84
2025-09-05 14:24,1.738
2025-09-05 14:30,1.643
2025-09-05 14:36,1.555
2025-09-05 14:42,1.475
2025-09-05 14:48,1.403
2025-09-05 14:54,1.34
2025-09-05 15:00,1.287
2025-09-05 15:06,1.243
2025-09-05 15:12,1.21
2025-09-05 15:18,1.188
2025-09-05 15:24,1.177
2025-09-05 15:30,1.178
2025-09-05 15:36,1.19
2025-09-05 15:42,1.213
2025-09-05 15:48,1.249
2025-09-05 15:54,1.296
2025-09-05 16:00,1.354
2025-09-05 16:06,1.424
2025-09-05 16:12,1.504
2025-09-05 16:18,1.595
2025-09-05 16:24,1.696
2025-09-05 16:30,1.806
2025-09-05 16:36,1.925
2025-09-05 16:42,2.052
2025-09-05 16:48,2.186
2025-09-05 16:54,2.327
2025-09-05 17:00,2.475
2025-09-05 17:06,2.628
2025-09-05 17:12,2.786
2025-09-05 17:18,2.948
2025-09-05 17:24,3.114
2025-09-05 17:30,3.283
2025-09-05 17:36,3.456
2025-09-05 17:42,3.631
2025-09-05 17:48,3.808
2025-09-05 17:54,3.988
2025-09-05 18:00,4.169
2025-09-05 18:06,4.352
2025-09-05 18:12,4.536
2025-09-05 18:18,4.722
2025-09-05 18:24,4.909
2025-09-05 18:30,5.098
2025-09-05 18:36,5.287
2025-09-05 18:42,5.477
2025-09-05 18:48,5.668
2025-09-05 18:54,5.859
2025-09-05 19:00,6.051
2025-09-05 19:06,6.242
2025-09-05 19:12,6.433
2025-09-05 19:18,6.622
2025-09-05 19:24,6.81
2025-09-05 19:30,6.997
2025-09-05 19:36,7.18
2025-09-05 19:42,7.361
2025-09-05 19:48,7.537
2025-09-05 19:54,7.709
2025-09-05 20:00,7.875
2025-09-05 20:06,8.035
2025-09-05 20:12,8.188
2025-09-05 20:18,8.334
2025-09-05 20:24,8.472
2025-09-05 20:30,8.6
2025-09-05 20:36,8.719
2025-09-05 20:42,8.828
2025-09-05 20:48,8.926
2025-09-05 20:54,9.014
2025-09-05 21:00,9.089
2025-09-05 21:06,9.154
2025-09-05 21:12,9.206
2025-09-05 21:18,9.246
2025-09-05 21:24,9.274
2025-09-05 21:30,9.29
2025-09-05 21:36,9.294
2025-09-05 21:42,9.285
2025-09-05 21:48,9.265
2025-09-05 21:54,9.233
2025-09-05 22:00,9.19
2025-09-05 22:06,9.135
2025-09-05 22:12,9.07
2025-09-05 22:18,8.994
2025-09-05 22:24,8.908
2025-09-05 22:30,8.812
2025-09-05 22:36,8.706
2025-09-05 22:42,8.592
2025-09-05 22:48,8.469
2025-09-05 22:54,8.338
2025-09-05 23:00,8.199
2025-09-05 23:06,8.052
2025-09-05 23:12,7.899
2025-09-05 23:18,7.739
2025-09-05 23:24,7.574
2025-09-05 23:30,7.403
2025-09-05 23:36,7.226
2025-09-05 23:42,7.046
2025-09-05 23:48,6.861
2025-09-05 23:54,6.673
2025-09-06 00:00,6.481
2025-09-06 00:06,6.287
2025-09-06 00:12,6.091
2025-09-06 00:18,5.893
2025-09-06 00:24,5.694
2025-09-06 00:30,5.493
2025-09-06 00:36,5.293
2025-09-06 00:42,5.092
2025-09-06 00:48,4.892
2025-09-06 00:54,4.692
2025-09-06 01:00,4.493
2025-09-06 01:06,4.295
2025-09-06 01:12,4.098
2025-09-06 01:18,3.904
2025-09-06 01:24,3.711
2025-09-06 01:30,3.52
2025-09-06 01:36,3.331
2025-09-06 01:42,3.145
2025-09-06 01:48,2.962
2025-09-06 01:54,2.782
2025-09-06 02:00,2.604
2025-09-06 02:06,2.431
2025-09-06 02:12,2.262
2025-09-06 02:18,2.096
2025-09-06 02:24,1.936
2025-09-06 02:30,1.78
2025-09-06 02:36,1.63
2025-09-06 02:42,1.486
2025-09-06 02:48,1.349
2025-09-06 02:54,1.219
2025-09-06 03:00,1.097
2025-09-06 03:06,0.983
2025-09-06 03:12,0.878
2025-09-06 03:18,0.783
2025-09-06 03:24,0.698
2025-09-06 03:30,0.624
2025-09-06 03:36,0.561
2025-09-06 03:42,0.509
2025-09-06 03:48,0.47
2025-09-06 03:54,0.443
2025-09-06 04:00,0.428
2025-09-06 04:06,0.426
2025-09-06 04:12,0.437
2025-09-06 04:18,0.46
2025-09-06 04:24,0.496
2025-09-06 04:30,0.544
2025-09-06 04:36,0.604
2025-09-06 04:42,0.675
2025-09-06 04:48,0.757
2025-09-06 04:54,0.85
2025-09-06 05:00,0.953
2025-09-06 05:06,1.064
2025-09-06 05:12,1.185
2025-09-06 05:18,1.313
2025-09-06 05:24,1.448
2025-09-06 05:30,1.59
2025-09-06 05:36,1.738
2025-09-06 05:42,1.891
2025-09-06 05:48,2.049
2025-09-06 05:54,2.211
2025-09-06 06:00,2.378
2025-09-06 06:06,2.547
2025-09-06 06:12,2.72
2025-09-06 06:18,2.895
2025-09-06 06:24,3.073
2025-09-06 06:30,3.253
2025-09-06 06:36,3.436
2025-09-06 06:42,3.62
2025-09-06 06:48,3.806
2025-09-06 06:54,3.994
2025-09-06 07:00,4.184
2025-09-06 07:06,4.375
2025-09-06 07:12,4.567
2025-09-06 07:18,4.76
2025-09-06 07:24,4.954
2025-09-06 07:30,5.148
2025-09-06 07:36,5.342
2025-09-06 07:42,5.535
2025-09-06 07:48,5.728
2025-09-06 07:54,5.919
2025-09-06 08:00,6.108
2025-09-06 08:06,6.294
2025-09-06 08:12,6.476
2025-09-06 08:18,6.655
2025-09-06 08:24,6.828
2025-09-06 08:30,6.996
2025-09-06 08:36,7.158
2025-09-06 08:42,7.312
2025-09-06 08:48,7.458
2025-09-06 08:54,7.596
2025-09-06 09:00,7.725
2025-09-06 09:06,7.844
2025-09-06 09:12,7.952
2025-09-06 09:18,8.05
2025-09-06 09:24,8.137
2025-09-06 09:30,8.212
2025-09-06 09:36,8.276
2025-09-06 09:42,8.327
2025-09-06 09:48,8.367
2025-09-06 09:54,8.394
2025-09-06 10:00,8.41
2025-09-06 10:06,8.413
2025-09-06 10:12,8.405
2025-09-06 10:18,8.385
2025-09-06 10:24,8.354
2025-09-06 10:30,8.311
2025-09-06 10:36,8.258
2025-09-06 10:42,8.194
2025-09-06 10:48,8.12
2025-09-06 10:54,8.036
2025-09-06 11:00,7.943
2025-09-06 11:06,7.84
2025-09-06 11:12,7.73
2025-09-06 11:18,7.611
2025-09-06 11:24,7.484
2025-09-06 11:30,7.35
2025-09-06 11:36,7.21
2025-09-06 11:42,7.063
2025-09-06 11:48,6.91
2025-09-06 11:54,6.752
2025-09-06 12:00,6.589
2025-09-06 12:06,6.422
2025-09-06 12:12,6.251
2025-09-06 12:18,6.077
2025-09-06 12:24,5.9
2025-09-06 12:30,5.72
2025-09-06 12:36,5.539
2025-09-06 12:42,5.356
2025-09-06 12:48,5.172
2025-09-06 12:54,4.988
2025-09-06 13:00,4.804
2025-09-06 13:06,4.62
2025-09-06 13:12,4.437
2025-09-06 13:18,4.254
2025-09-06 13:24,4.073
2025-09-06 13:30,3.894
2025-09-06 13:36,3.716
2025-09-06 13:42,3.541
2025-09-06 13:48,3.368
2025-09-06 13:54,3.197
2025-09-06 14:00,3.029
2025-09-06 14:06,2.864
2025-09-06 14:12,2.702
2025-09-06 14:18,2.544
2025-09-06 14:24,2.389
2025-09-06 14:30,2.238
2025-09-06 14:36,2.092
2025-09-06 14:42,1.95
2025-09-06 14:48,1.813
2025-09-06 14:54,1.681
2025-09-06 15:00,1.556
2025-09-06 15:06,1.437
2025-09-06 15:12,1.324
2025-09-06 15:18,1.22
2025-09-06 15:24,1.123
2025-09-06 15:30,1.035
2025-09-06 15:36,0.956
2025-09-06 15:42,0.887
2025-09-06 15:48,0.829
2025-09-06 15:54,0.781
2025-09-06 16:00,0.745
2025-09-06 16:06,0.721
2025-09-06 16:12,0.709
2025-09-06 16:18,0.709
2025-09-06 16:24,0.722
2025-09-06 16:30,0.748
2025-09-06 16:36,0.787
2025-09-06 16:42,0.838
2025-09-06 16:48,0.903
2025-09-06 16:54,0.979
2025-09-06 17:00,1.068
2025-09-06 17:06,1.168
2025-09-06 17:12,1.279
2025-09-06 17:18,1.401
2025-09-06 17:24,1.532
2025-09-06 17:30,1.673
2025-09-06 17:36,1.822
2025-09-06 17:42,1.979
2025-09-06 17:48,2.143
2025-09-06 17:54,2.314
2025-09-06 18:00,2.49
2025-09-06 18:06,2.671
2025-09-06 18:12,2.856
2025-09-06 18:18,3.045
2025-09-06 18:24,3.238
2025-09-06 18:30,3.434
2025-09-06 18:36,3.632
2025-09-06 18:42,3.832
2025-09-06 18:48,4.034
2025-09-06 18:54,4.237
2025-09-06 19:00,4.442
2025-09-06 19:06,4.648
2025-09-06 19:12,4.855
2025-09-06 19:18,5.063
2025-09-06 19:24,5.272
2025-09-06 19:30,5.481
2025-09-06 19:36,5.69
2025-09-06 19:42,5.899
2025-09-06 19:48,6.108
2025-09-06 19:54,6.317
2025-09-06 20:00,6.524
2025-09-06 20:06,6.73
2025-09-06 20:12,6.934
2025-09-06 20:18,7.135
2025-09-06 20:24,7.333
2025-09-06 20:30,7.528
2025-09-06 20:36,7.717
2025-09-06 20:42,7.902
2025-09-06 20:48,8.081
2025-09-06 20:54,8.253
2025-09-06 21:00,8.417
2025-09-06 21:06,8.573
2025-09-06 21:12,8.721
2025-09-06 21:18,8.858
2025-09-06 21:24,8.986
2025-09-06 21:30,9.102
2025-09-06 21:36,9.207
2025-09-06 21:42,9.301
2025-09-06 21:48,9.381
2025-09-06 21:54,9.45
2025-09-06 22:00,9.505
2025-09-06 22:06,9.547
2025-09-06 22:12,9.576
2025-09-06 22:18,9.591
2025-09-06 22:24,9.594
2025-09-06 22:30,9.583
2025-09-06 22:36,9.559
2025-09-06 22:42,9.522
2025-09-06 22:48,9.473
2025-09-06 22:54,9.411
2025-09-06 23:00,9.337
2025-09-06 23:06,9.252
2025-09-06 23:12,9.156
2025-09-06 23:18,9.048
2025-09-06 23:24,8.93
2025-09-06 23:30,8.803
2025-09-06 23:36,8.666
2025-09-06 23:42,8.519
2025-09-06 23:48,8.365
2025-09-06 23:54,8.202
2025-09-07 00:00,8.032
2025-09-07 00:06,7.855
2025-09-07 00:12,7.671
2025-09-07 00:18,7.482
2025-09-07 00:24,7.287
2025-09-07 00:30,7.087
2025-09-07 00:36,6.883
2025-09-07 00:42,6.676
2025-09-07 00:48,6.465
2025-09-07 00:54,6.251
2025-09-07 01:00,6.036
2025-09-07 01:06,5.819
2025-09-07 01:12,5.601
2025-09-07 01:18,5.382
2025-09-07 01:24,5.163
2025-09-07 01:30,4.945
2025-09-07 01:36,4.727
2025-09-07 01:42,4.51
2025-09-07 01:48,4.294
2025-09-07 01:54,4.081
2025-09-07 02:00,3.869
2025-09-07 02:06,3.659
2025-09-07 02:12,3.453
2025-09-07 02:18,3.249
2025-09-07 02:24,3.048
2025-09-07 02:30,2.85
2025-09-07 02:36,2.656
2025-09-07 02:42,2.466
2025-09-07 02:48,2.28
2025-09-07 02:54,2.098
2025-09-07 03:00,1.921
2025-09-07 03:06,1.749
2025-09-07 03:12,1.583
2025-09-07 03:18,1.423
2025-09-07 03:24,1.269
2025-09-07 03:30,1.122
2025-09-07 03:36,0.983
2025-09-07 03:42,0.852
2025-09-07 03:48,0.729
2025-09-07 03:54,0.616
2025-09-07 04:00,0.513
2025-09-07 04:06,0.421
2025-09-07 04:12,0.339
2025-09-07 04:18,0.269
2025-09-07 04:24,0.212
2025-09-07 04:30,0.167
2025-09-07 04:36,0.135
2025-09-07 04:42,0.117
2025-09-07 04:48,0.112
2025-09-07 04:54,0.121
2025-09-07 05:00,0.143
2025-09-07 05:06,0.18
2025-09-07 05:12,0.23
2025-09-07 05:18,0.293
2025-09-07 05:24,0.369
2025-09-07 05:30,0.457
2025-09-07 05:36,0.557
2025-09-07 05:42,0.669
2025-09-07 05:48,0.792
2025-09-07 05:54,0.924
2025-09-07 06:00,1.066
2025-09-07 06:06,1.217
2025-09-07 06:12,1.375
2025-09-07 06:18,1.54
2025-09-07 06:24,1.712
2025-09-07 06:30,1.889
2025-09-07 06:36,2.072
2025-09-07 06:42,2.259
2025-09-07 06:48,2.45
2025-09-07 06:54,2.644
2025-09-07 07:00,2.841
2025-09-07 07:06,3.041
2025-09-07 07:12,3.243
2025-09-07 07:18,3.447
2025-09-07 07:24,3.653
2025-09-07 07:30,3.861
2025-09-07 07:36,4.069
2025-09-07 07:42,4.279
2025-09-07 07:48,4.49
2025-09-07 07:54,4.702
2025-09-07 08:00,4.914
2025-09-07 08:06,5.126
2025-09-07 08:12,5.339
2025-09-07 08:18,5.551
2025-09-07 08:24,5.762
2025-09-07 08:30,5.972
2025-09-07 08:36,6.18
2025-09-07 08:42,6.386
2025-09-07 08:48,6.589
2025-09-07 08:54,6.789
2025-09-07 09:00,6.984
2025-09-07 09:06,7.174
2025-09-07 09:12,7.359
2025-09-07 09:18,7.537
2025-09-07 09:24,7.707
2025-09-07 09:30,7.87
2025-09-07 09:36,8.024
2025-09-07 09:42,8.168
2025-09-07 09:48,8.302
2025-09-07 09:54,8.425
2025-09-07 10:00,8.537
2025-09-07 10:06,8.636
2025-09-07 10:12,8.724
2025-09-07 10:18,8.798
2025-09-07 10:24,8.86
2025-09-07 10:30,8.909
2025-09-07 10:36,8.944
2025-09-07 10:42,8.966
2025-09-07 10:48,8.974
2025-09-07 10:54,8.969
2025-09-07 11:00,8.951
2025-09-07 11:06,8.92
2025-09-07 11:12,8.876
2025-09-07 11:18,8.82
2025-09-07 11:24,8.752
2025-09-07 11:30,8.672
2025-09-07 11:36,8.581
2025-09-07 11:42,8.479
2025-09-07 11:48,8.366
2025-09-07 11:54,8.244
2025-09-07 12:00,8.112
2025-09-07 12:06,7.971
2025-09-07 12:12,7.822
2025-09-07 12:18,7.664
2025-09-07 12:24,7.5
2025-09-07 12:30,7.328
2025-09-07 12:36,7.15
2025-09-07 12:42,6.967
2025-09-07 12:48,6.778
2025-09-07 12:54,6.585
2025-09-07 13:00,6.388
2025-09-07 13:06,6.187
2025-09-07 13:12,5.984
2025-09-07 13:18,5.778
2025-09-07 13:24,5.57
2025-09-07 13:30,5.361
2025-09-07 13:36,5.151
2025-09-07 13:42,4.941
2025-09-07 13:48,4.731
2025-09-07 13:54,4.522
2025-09-07 14:00,4.314
2025-09-07 14:06,4.107
2025-09-07 14:12,3.903
2025-09-07 14:18,3.7
2025-09-07 14:24,3.499
2025-09-07 14:30,3.302
2025-09-07 14:36,3.107
2025-09-07 14:42,2.916
2025-09-07 14:48,2.728
2025-09-07 14:54,2.544
2025-09-07 15:00,2.364
2025-09-07 15:06,2.188
2025-09-07 15:12,2.017
2025-09-07 15:18,1.851
2025-09-07 15:24,1.69
2025-09-07 15:30,1.534
2025-09-07 15:36,1.384
2025-09-07 15:42,1.241
2025-09-07 15:48,1.105
2025-09-07 15:54,0.976
2025-09-07 16:00,0.855
2025-09-07 16:06,0.743
2025-09-07 16:12,0.64
2025-09-07 16:18,0.546
2025-09-07 16:24,0.463
2025-09-07 16:30,0.39
2025-09-07 16:36,0.329
2025-09-07 16:42,0.281
2025-09-07 16:48,0.244
2025-09-07 16:54,0.221
2025-09-07 17:00,0.211
2025-09-07 17:06,0.214
2025-09-07 17:12,0.232
2025-09-07 17:18,0.263
2025-09-07 17:24,0.308
2025-09-07 17:30,0.367
2025-09-07 17:36,0.44
2025-09-07 17:42,0.527
2025-09-07 17:48,0.626
2025-09-07 17:54,0.738
2025-09-07 18:00,0.862
2025-09-07 18:06,0.997
2025-09-07 18:12,1.144
2025-09-07 18:18,1.3
2025-09-07 18:24,1.465
2025-09-07 18:30,1.639
2025-09-07 18:36,1.821
2025-09-07 18:42,2.009
2025-09-07 18:48,2.204
2025-09-07 18:54,2.404
2025-09-07 19:00,2.609
2025-09-07 19:06,2.818
2025-09-07 19:12,3.031
2025-09-07 19:18,3.246
2025-09-07 19:24,3.464
2025-09-07 19:30,3.684
2025-09-07 19:36,3.906
2025-09-07 19:42,4.129
2025-09-07 19:48,4.354
2025-09-07 19:54,4.579
2025-09-07 20:00,4.805
2025-09-07 20:06,5.031
2025-09-07 20:12,5.258
2025-09-07 20:18,5.485
2025-09-07 20:24,5.711
2025-09-07 20:30,5.937
2025-09-07 20:36,6.162
2025-09-07 20:42,6.386
2025-09-07 20:48,6.608
2025-09-07 20:54,6.829
2025-09-07 21:00,7.047
2025-09-07 21:06,7.261
2025-09-07 21:12,7.472
2025-09-07 21:18,7.679
2025-09-07 21:24,7.88
2025-09-07 21:30,8.076
2025-09-07 21:36,8.265
2025-09-07 21:42,8.446
2025-09-07 21:48,8.62
2025-09-07 21:54,8.784
2025-09-07 22:00,8.938
2025-09-07 22:06,9.082
2025-09-07 22:12,9.215
2025-09-07 22:18,9.337
2025-09-07 22:24,9.445
2025-09-07 22:30,9.541
2025-09-07 22:36,9.624
2025-09-07 22:42,9.693
2025-09-07 22:48,9.747
2025-09-07 22:54,9.788
2025-09-07 23:00,9.815
2025-09-07 23:06,9.827
2025-09-07 23:12,9.824
2025-09-07 23:18,9.808
2025-09-07 23:24,9.777
2025-09-07 23:30,9.733
2025-09-07 23:36,9.675
2025-09-07 23:42,9.603
2025-09-07 23:48,9.519
2025-09-07 23:54,9.422
2025-09-08 00:00,9.314
2025-09-08 00:06,9.193
2025-09-08 00:12,9.062
2025-09-08 00:18,8.92
2025-09-08 00:24,8.768
2025-09-08 00:30,8.606
2025-09-08 00:36,8.436
2025-09-08 00:42,8.257
2025-09-08 00:48,8.07
2025-09-08 00:54,7.876
2025-09-08 01:00,7.676
2025-09-08 01:06,7.469
2025-09-08 01:12,7.257
2025-09-08 01:18,7.04
2025-09-08 01:24,6.819
2025-09-08 01:30,6.594
2025-09-08 01:36,6.366
2025-09-08 01:42,6.135
2025-09-08 01:48,5.903
2025-09-08 01:54,5.67
2025-09-08 02:00,5.435
2025-09-08 02:06,5.201
2025-09-08 02:12,4.966
2025-09-08 02:18,4.733
2025-09-08 02:24,4.5
2025-09-08 02:30,4.269
2025-09-08 02:36,4.04
2025-09-08 02:42,3.814
2025-09-08 02:48,3.59
2025-09-08 02:54,3.369
2025-09-08 03:00,3.152
2025-09-08 03:06,2.938
2025-09-08 03:12,2.728
2025-09-08 03:18,2.522
2025-09-08 03:24,2.321
2025-09-08 03:30,2.125
2025-09-08 03:36,1.933
2025-09-08 03:42,1.747
2025-09-08 03:48,1.567
2025-09-08 03:54,1.393
2025-09-08 04:00,1.225
2025-09-08 04:06,1.065
2025-09-08 04:12,0.912
2025-09-08 04:18,0.766
2025-09-08 04:24,0.63
2025-09-08 04:30,0.503
2025-09-08 04:36,0.385
2025-09-08 04:42,0.278
2025-09-08 04:48,0.181
2025-09-08 04:54,0.097
2025-09-08 05:00,0.024
2025-09-08 05:06,-0.036
2025-09-08 05:12,-0.083
2025-09-08 05:18,-0.116
2025-09-08 05:24,-0.136
2025-09-08 05:30,-0.141
2025-09-08 05:36,-0.132
2025-09-08 05:42,-0.108
2025-09-08 05:48,-0.069
2025-09-08 05:54,-0.016
2025-09-08 06:00,0.051
2025-09-08 06:06,0.132
2025-09-08 06:12,0.227
2025-09-08 06:18,0.336
2025-09-08 06:24,0.457
2025-09-08 06:30,0.589
2025-09-08 06:36,0.734
2025-09-08 06:42,0.888
2025-09-08 06:48,1.053
2025-09-08 06:54,1.226
2025-09-08 07:00,1.408
2025-09-08 07:06,1.597
2025-09-08 07:12,1.793
2025-09-08 07:18,1.994
2025-09-08 07:24,2.201
2025-09-08 07:30,2.412
2025-09-08 07:36,2.627
2025-09-08 07:42,2.845
2025-09-08 07:48,3.066
2025-09-08 07:54,3.289
2025-09-08 08:00,3.514
2025-09-08 08:06,3.741
2025-09-08 08:12,3.969
2025-09-08 08:18,4.198
2025-09-08 08:24,4.428
2025-09-08 08:30,4.658
2025-09-08 08:36,4.888
2025-09-08 08:42,5.119
2025-09-08 08:48,5.349
2025-09-08 08:54,5.579
2025-09-08 09:00,5.808
2025-09-08 09:06,6.036
2025-09-08 09:12,6.263
2025-09-08 09:18,6.487
2025-09-08 09:24,6.708
2025-09-08 09:30,6.927
2025-09-08 09:36,7.142
2025-09-08 09:42,7.352
2025-09-08 09:48,7.557
2025-09-08 09:54,7.756
2025-09-08 10:00,7.948
2025-09-08 10:06,8.133
2025-09-08 10:12,8.309
2025-09-08 10:18,8.476
2025-09-08 10:24,8.634
2025-09-08 10:30,8.78
2025-09-08 10:36,8.916
2025-09-08 10:42,9.039
2025-09-08 10:48,9.15
2025-09-08 10:54,9.247
2025-09-08 11:00,9.331
2025-09-08 11:06,9.401
2025-09-08 11:12,9.457
2025-09-08 11:18,9.499
2025-09-08 11:24,9.526
2025-09-08 11:30,9.538
2025-09-08 11:36,9.536
2025-09-08 11:42,9.519
2025-09-08 11:48,9.488
2025-09-08 11:54,9.443
2025-09-08 12:00,9.384
2025-09-08 12:06,9.312
2025-09-08 12:12,9.226
2025-09-08 12:18,9.128
2025-09-08 12:24,9.018
2025-09-08 12:30,8.896
2025-09-08 12:36,8.763
2025-09-08 12:42,8.62
2025-09-08 12:48,8.466
2025-09-08 12:54,8.303
2025-09-08 13:00,8.13
2025-09-08 13:06,7.95
2025-09-08 13:12,7.761
2025-09-08 13:18,7.565
2025-09-08 13:24,7.363
2025-09-08 13:30,7.155
2025-09-08 13:36,6.941
2025-09-08 13:42,6.723
2025-09-08 13:48,6.5
2025-09-08 13:54,6.274
2025-09-08 14:00,6.045
2025-09-08 14:06,5.814
2025-09-08 14:12,5.581
2025-09-08 14:18,5.347
2025-09-08 14:24,5.112
2025-09-08 14:30,4.877
2025-09-08 14:36,4.643
2025-09-08 14:42,4.41
2025-09-08 14:48,4.178
2025-09-08 14:54,3.948
2025-09-08 15:00,3.72
2025-09-08 15:06,3.496
2025-09-08 15:12,3.274
2025-09-08 15:18,3.055
2025-09-08 15:24,2.841
2025-09-08 15:30,2.63
2025-09-08 15:36,2.424
2025-09-08 15:42,2.222
2025-09-08 15:48,2.025
2025-09-08 15:54,1.834
2025-09-08 16:00,1.648
2025-09-08 16:06,1.468
2025-09-08 16:12,1.294
2025-09-08 16:18,1.126
2025-09-08 16:24,0.966
2025-09-08 16:30,0.813
2025-09-08 16:36,0.669
2025-09-08 16:42,0.532
2025-09-08 16:48,0.405
2025-09-08 16:54,0.287
2025-09-08 17:00,0.179
2025-09-08 17:06,0.082
2025-09-08 17:12,-0.004
2025-09-08 17:18,-0.077
2025-09-08 17:24,-0.139
2025-09-08 17:30,-0.187
2025-09-08 17:36,-0.222
2025-09-08 17:42,-0.244
2025-09-08 17:48,-0.251
2025-09-08 17:54,-0.243
2025-09-08 18:00,-0.221
2025-09-08 18:06,-0.184
2025-09-08 18:12,-0.132
2025-09-08 18:18,-0.066
2025-09-08 18:24,0.015
2025-09-08 18:30,0.11
2025-09-08 18:36,0.219
2025-09-08 18:42,0.342
2025-09-08 18:48,0.477
2025-09-08 18:54,0.624
2025-09-08 19:00,0.782
2025-09-08 19:06,0.952
2025-09-08 19:12,1.131
2025-09-08 19:18,1.319
2025-09-08 19:24,1.515
2025-09-08 19:30,1.719
2025-09-08 19:36,1.929
2025-09-08 19:42,2.145
2025-09-08 19:48,2.366
2025-09-08 19:54,2.591
2025-09-08 20:00,2.82
2025-09-08 20:06,3.052
2025-09-08 20:12,3.287
2025-09-08 20:18,3.524
2025-09-08 20:24,3.762
2025-09-08 20:30,4.002
2025-09-08 20:36,4.243
2025-09-08 20:42,4.484
2025-09-08 20:48,4.725
2025-09-08 20:54,4.967
2025-09-08 21:00,5.209
2025-09-08 21:06,5.45
2025-09-08 21:12,5.69
2025-09-08 21:18,5.93
2025-09-08 21:24,6.168
2025-09-08 21:30,6.404
2025-09-08 21:36,6.639
2025-09-08 21:42,6.871
2025-09-08 21:48,7.099
2025-09-08 21:54,7.324
2025-09-08 22:00,7.545
2025-09-08 22:06,7.76
2025-09-08 22:12,7.97
2025-09-08 22:18,8.173
2025-09-08 22:24,8.369
2025-09-08 22:30,8.557
2025-09-08 22:36,8.736
2025-09-08 22:42,8.905
2025-09-08 22:48,9.064
2025-09-08 22:54,9.211
2025-09-08 23:00,9.347
2025-09-08 23:06,9.47
2025-09-08 23:12,9.58
2025-09-08 23:18,9.676
2025-09-08 23:24,9.758
2025-09-08 23:30,9.826
2025-09-08 23:36,9.879
2025-09-08 23:42,9.917
2025-09-08 23:48,9.94
2025-09-08 23:54,9.947
2025-09-09 00:00,9.94
2025-09-09 00:06,9.918
2025-09-09 00:12,9.88
2025-09-09 00:18,9.829
2025-09-09 00:24,9.763
2025-09-09 00:30,9.683
2025-09-09 00:36,9.59
2025-09-09 00:42,9.484
2025-09-09 00:48,9.365
2025-09-09 00:54,9.234
2025-09-09 01:00,9.092
2025-09-09 01:06,8.939
2025-09-09 01:12,8.776
2025-09-09 01:18,8.602
2025-09-09 01:24,8.42
2025-09-09 01:30,8.229
2025-09-09 01:36,8.029
2025-09-09 01:42,7.823
2025-09-09 01:48,7.61
2025-09-09 01:54,7.39
2025-09-09 02:00,7.166
2025-09-09 02:06,6.936
2025-09-09 02:12,6.702
2025-09-09 02:18,6.465
2025-09-09 02:24,6.224
2025-09-09 02:30,5.982
2025-09-09 02:36,5.737
2025-09-09 02:42,5.492
2025-09-09 02:48,5.246
2025-09-09 02:54,5
2025-09-09 03:00,4.755
2025-09-09 03:06,4.511
2025-09-09 03:12,4.268
2025-09-09 03:18,4.028
2025-09-09 03:24,3.79
2025-09-09 03:30,3.556
2025-09-09 03:36,3.324
2025-09-09 03:42,3.097
2025-09-09 03:48,2.873
2025-09-09 03:54,2.654
2025-09-09 04:00,2.44
2025-09-09 04:06,2.231
2025-09-09 04:12,2.027
2025-09-09 04:18,1.829
2025-09-09 04:24,1.637
2025-09-09 04:30,1.451
2025-09-09 04:36,1.272
2025-09-09 04:42,1.1
2025-09-09 04:48,0.936
2025-09-09 04:54,0.779
2025-09-09 05:00,0.631
2025-09-09 05:06,0.492
2025-09-09 05:12,0.362
2025-09-09 05:18,0.242
2025-09-09 05:24,0.133
2025-09-09 05:30,0.035
2025-09-09 05:36,-0.052
2025-09-09 05:42,-0.126
2025-09-09 05:48,-0.187
2025-09-09 05:54,-0.236
2025-09-09 06:00,-0.27
2025-09-09 06:06,-0.291
2025-09-09 06:12,-0.297
2025-09-09 06:18,-0.288
2025-09-09 06:24,-0.264
2025-09-09 06:30,-0.225
2025-09-09 06:36,-0.171
2025-09-09 06:42,-0.102
2025-09-09 06:48,-0.019
2025-09-09 06:54,0.079
2025-09-09 07:00,0.192
2025-09-09 07:06,0.317
2025-09-09 07:12,0.456
2025-09-09 07:18,0.607
2025-09-09 07:24,0.77
2025-09-09 07:30,0.944
2025-09-09 07:36,1.128
2025-09-09 07:42,1.321
2025-09-09 07:48,1.522
2025-09-09 07:54,1.731
2025-09-09 08:00,1.947
2025-09-09 08:06,2.169
2025-09-09 08:12,2.395
2025-09-09 08:18,2.626
2025-09-09 08:24,2.861
2025-09-09 08:30,3.099
2025-09-09 08:36,3.34
2025-09-09 08:42,3.582
2025-09-09 08:48,3.827
2025-09-09 08:54,4.072
2025-09-09 09:00,4.318
2025-09-09 09:06,4.565
2025-09-09 09:12,4.811
2025-09-09 09:18,5.058
2025-09-09 09:24,5.304
2025-09-09 09:30,5.55
2025-09-09 09:36,5.794
2025-09-09 09:42,6.038
2025-09-09 09:48,6.279
2025-09-09 09:54,6.519
2025-09-09 10:00,6.756
2025-09-09 10:06,6.991
2025-09-09 10:12,7.221
2025-09-09 10:18,7.448
2025-09-09 10:24,7.67
2025-09-09 10:30,7.887
2025-09-09 10:36,8.097
2025-09-09 10:42,8.301
2025-09-09 10:48,8.497
2025-09-09 10:54,8.685
2025-09-09 11:00,8.863
2025-09-09 11:06,9.031
2025-09-09 11:12,9.189
2025-09-09 11:18,9.335
2025-09-09 11:24,9.468
2025-09-09 11:30,9.589
2025-09-09 11:36,9.696
2025-09-09 11:42,9.789
2025-09-09 11:48,9.868
2025-09-09 11:54,9.932
2025-09-09 12:00,9.981
2025-09-09 12:06,10.015
2025-09-09 12:12,10.033
2025-09-09 12:18,10.036
2025-09-09 12:24,10.023
2025-09-09 12:30,9.995
2025-09-09 12:36,9.952
2025-09-09 12:42,9.895
2025-09-09 12:48,9.822
2025-09-09 12:54,9.736
2025-09-09 13:00,9.636
2025-09-09 13:06,9.523
2025-09-09 13:12,9.396
2025-09-09 13:18,9.258
2025-09-09 13:24,9.108
2025-09-09 13:30,8.947
2025-09-09 13:36,8.775
2025-09-09 13:42,8.593
2025-09-09 13:48,8.402
2025-09-09 13:54,8.202
2025-09-09 14:00,7.994
2025-09-09 14:06,7.778
2025-09-09 14:12,7.556
2025-09-09 14:18,7.327
2025-09-09 14:24,7.093
2025-09-09 14:30,6.853
2025-09-09 14:36,6.61
2025-09-09 14:42,6.363
2025-09-09 14:48,6.113
2025-09-09 14:54,5.86
2025-09-09 15:00,5.606
2025-09-09 15:06,5.351
2025-09-09 15:12,5.096
2025-09-09 15:18,4.841
2025-09-09 15:24,4.586
2025-09-09 15:30,4.333
2025-09-09 15:36,4.081
2025-09-09 15:42,3.832
2025-09-09 15:48,3.586
2025-09-09 15:54,3.343
2025-09-09 16:00,3.103
2025-09-09 16:06,2.868
2025-09-09 16:12,2.637
2025-09-09 16:18,2.411
2025-09-09 16:24,2.19
2025-09-09 16:30,1.974
2025-09-09 16:36,1.765
2025-09-09 16:42,1.561
2025-09-09 16:48,1.364
2025-09-09 16:54,1.173
2025-09-09 17:00,0.99
2025-09-09 17:06,0.814
2025-09-09 17:12,0.646
2025-09-09 17:18,0.486
2025-09-09 17:24,0.335
2025-09-09 17:30,0.193
2025-09-09 17:36,0.06
2025-09-09 17:42,-0.061
2025-09-09 17:48,-0.173
2025-09-09 17:54,-0.272
2025-09-09 18:00,-0.36
2025-09-09 18:06,-0.436
2025-09-09 18:12,-0.498
2025-09-09 18:18,-0.547
2025-09-09 18:24,-0.583
2025-09-09 18:30,-0.603
2025-09-09 18:36,-0.61
2025-09-09 18:42,-0.601
2025-09-09 18:48,-0.577
2025-09-09 18:54,-0.538
2025-09-09 19:00,-0.483
2025-09-09 19:06,-0.413
2025-09-09 19:12,-0.329
2025-09-09 19:18,-0.229
2025-09-09 19:24,-0.116
2025-09-09 19:30,0.012
2025-09-09 19:36,0.153
2025-09-09 19:42,0.306
2025-09-09 19:48,0.471
2025-09-09 19:54,0.648
2025-09-09 20:00,0.835
2025-09-09 20:06,1.031
2025-09-09 20:12,1.236
2025-09-09 20:18,1.449
2025-09-09 20:24,1.668
2025-09-09 20:30,1.894
2025-09-09 20:36,2.126
2025-09-09 20:42,2.361
2025-09-09 20:48,2.601
2025-09-09 20:54,2.844
2025-09-09 21:00,3.089
2025-09-09 21:06,3.337
2025-09-09 21:12,3.586
2025-09-09 21:18,3.837
2025-09-09 21:24,4.088
2025-09-09 21:30,4.339
2025-09-09 21:36,4.591
2025-09-09 21:42,4.843
2025-09-09 21:48,5.094
2025-09-09 21:54,5.344
2025-09-09 22:00,5.593
2025-09-09 22:06,5.841
2025-09-09 22:12,6.087
2025-09-09 22:18,6.331
2025-09-09 22:24,6.572
2025-09-09 22:30,6.81
2025-09-09 22:36,7.045
2025-09-09 22:42,7.275
2025-09-09 22:48,7.501
2025-09-09 22:54,7.721
2025-09-09 23:00,7.935
2025-09-09 23:06,8.142
2025-09-09 23:12,8.341
2025-09-09 23:18,8.531
2025-09-09 23:24,8.713
2025-09-09 23:30,8.884
2025-09-09 23:36,9.045
2025-09-09 23:42,9.194
2025-09-09 23:48,9.33
2025-09-09 23:54,9.454
2025-09-10 00:00,9.564
2025-09-10 00:06,9.66
2025-09-10 00:12,9.742
2025-09-10 00:18,9.809
2025-09-10 00:24,9.861
2025-09-10 00:30,9.898
2025-09-10 00:36,9.919
2025-09-10 00:42,9.925
2025-09-10 00:48,9.916
2025-09-10 00:54,9.891
2025-09-10 01:00,9.851
2025-09-10 01:06,9.796
2025-09-10 01:12,9.727
2025-09-10 01:18,9.644
2025-09-10 01:24,9.547
2025-09-10 01:30,9.437
2025-09-10 01:36,9.314
2025-09-10 01:42,9.178
2025-09-10 01:48,9.031
2025-09-10 01:54,8.873
2025-09-10 02:00,8.704
2025-09-10 02:06,8.526
2025-09-10 02:12,8.338
2025-09-10 02:18,8.141
2025-09-10 02:24,7.936
2025-09-10 02:30,7.724
2025-09-10 02:36,7.505
2025-09-10 02:42,7.279
2025-09-10 02:48,7.048
2025-09-10 02:54,6.813
2025-09-10 03:00,6.573
2025-09-10 03:06,6.33
2025-09-10 03:12,6.083
2025-09-10 03:18,5.835
2025-09-10 03:24,5.585
2025-09-10 03:30,5.334
2025-09-10 03:36,5.084
2025-09-10 03:42,4.833
2025-09-10 03:48,4.583
2025-09-10 03:54,4.335
2025-09-10 04:00,4.089
2025-09-10 04:06,3.846
2025-09-10 04:12,3.605
2025-09-10 04:18,3.369
2025-09-10 04:24,3.136
2025-09-10 04:30,2.907
2025-09-10 04:36,2.684
2025-09-10 04:42,2.465
2025-09-10 04:48,2.252
2025-09-10 04:54,2.045
2025-09-10 05:00,1.844
2025-09-10 05:06,1.649
2025-09-10 05:12,1.46
2025-09-10 05:18,1.279
2025-09-10 05:24,1.105
2025-09-10 05:30,0.939
2025-09-10 05:36,0.781
2025-09-10 05:42,0.632
2025-09-10 05:48,0.491
2025-09-10 05:54,0.359
2025-09-10 06:00,0.238
2025-09-10 06:06,0.126
2025-09-10 06:12,0.026
2025-09-10 06:18,-0.063
2025-09-10 06:24,-0.14
2025-09-10 06:30,-0.205
2025-09-10 06:36,-0.257
2025-09-10 06:42,-0.296
2025-09-10 06:48,-0.32
2025-09-10 06:54,-0.331
2025-09-10 07:00,-0.326
2025-09-10 07:06,-0.307
2025-09-10 07:12,-0.273
2025-09-10 07:18,-0.224
2025-09-10 07:24,-0.159
2025-09-10 07:30,-0.08
2025-09-10 07:36,0.015
2025-09-10 07:42,0.124
2025-09-10 07:48,0.247
2025-09-10 07:54,0.384
2025-09-10 08:00,0.535
2025-09-10 08:06,0.698
2025-09-10 08:12,0.873
2025-09-10 08:18,1.059
2025-09-10 08:24,1.255
2025-09-10 08:30,1.461
2025-09-10 08:36,1.675
2025-09-10 08:42,1.897
2025-09-10 08:48,2.126
2025-09-10 08:54,2.361
2025-09-10 09:00,2.601
2025-09-10 09:06,2.845
2025-09-10 09:12,3.093
2025-09-10 09:18,3.344
2025-09-10 09:24,3.598
2025-09-10 09:30,3.853
2025-09-10 09:36,4.109
2025-09-10 09:42,4.366
2025-09-10 09:48,4.624
2025-09-10 09:54,4.881
2025-09-10 10:00,5.138
2025-09-10 10:06,5.394
2025-09-10 10:12,5.65
2025-09-10 10:18,5.904
2025-09-10 10:24,6.156
2025-09-10 10:30,6.407
2025-09-10 10:36,6.655
2025-09-10 10:42,6.9
2025-09-10 10:48,7.142
2025-09-10 10:54,7.381
2025-09-10 11:00,7.616
2025-09-10 11:06,7.846
2025-09-10 11:12,8.07
2025-09-10 11:18,8.289
2025-09-10 11:24,8.501
2025-09-10 11:30,8.705
2025-09-10 11:36,8.902
2025-09-10 11:42,9.089
2025-09-10 11:48,9.267
2025-09-10 11:54,9.434
2025-09-10 12:00,9.59
2025-09-10 12:06,9.734
2025-09-10 12:12,9.865
2025-09-10 12:18,9.983
2025-09-10 12:24,10.088
2025-09-10 12:30,10.178
2025-09-10 12:36,10.253
2025-09-10 12:42,10.313
2025-09-10 12:48,10.357
2025-09-10 12:54,10.386
2025-09-10 13:00,10.399
2025-09-10 13:06,10.396
2025-09-10 13:12,10.378
2025-09-10 13:18,10.344
2025-09-10 13:24,10.294
2025-09-10 13:30,10.229
2025-09-10 13:36,10.15
2025-09-10 13:42,10.055
2025-09-10 13:48,9.947
2025-09-10 13:54,9.825
2025-09-10 14:00,9.69
2025-09-10 14:06,9.542
2025-09-10 14:12,9.382
2025-09-10 14:18,9.21
2025-09-10 14:24,9.028
2025-09-10 14:30,8.835
2025-09-10 14:36,8.632
2025-09-10 14:42,8.42
2025-09-10 14:48,8.2
2025-09-10 14:54,7.972
2025-09-10 15:00,7.737
2025-09-10 15:06,7.496
2025-09-10 15:12,7.249
2025-09-10 15:18,6.997
2025-09-10 15:24,6.74
2025-09-10 15:30,6.479
2025-09-10 15:36,6.216
2025-09-10 15:42,5.95
2025-09-10 15:48,5.683
2025-09-10 15:54,5.415
2025-09-10 16:00,5.146
2025-09-10 16:06,4.878
2025-09-10 16:12,4.61
2025-09-10 16:18,4.345
2025-09-10 16:24,4.081
2025-09-10 16:30,3.82
2025-09-10 16:36,3.562
2025-09-10 16:42,3.308
2025-09-10 16:48,3.057
2025-09-10 16:54,2.812
2025-09-10 17:00,2.571
2025-09-10 17:06,2.335
2025-09-10 17:12,2.105
2025-09-10 17:18,1.881
2025-09-10 17:24,1.663
2025-09-10 17:30,1.452
2025-09-10 17:36,1.248
2025-09-10 17:42,1.05
2025-09-10 17:48,0.861
2025-09-10 17:54,0.679
2025-09-10 18:00,0.505
2025-09-10 18:06,0.339
2025-09-10 18:12,0.183
2025-09-10 18:18,0.036
2025-09-10 18:24,-0.101
2025-09-10 18:30,-0.227
2025-09-10 18:36,-0.343
2025-09-10 18:42,-0.447
2025-09-10 18:48,-0.539
2025-09-10 18:54,-0.619
2025-09-10 19:00,-0.686
2025-09-10 19:06,-0.739
2025-09-10 19:12,-0.778
2025-09-10 19:18,-0.803
2025-09-10 19:24,-0.813
2025-09-10 19:30,-0.808
2025-09-10 19:36,-0.788
2025-09-10 19:42,-0.753
2025-09-10 19:48,-0.702
2025-09-10 19:54,-0.635
2025-09-10 20:00,-0.554
2025-09-10 20:06,-0.457
2025-09-10 20:12,-0.346
2025-09-10 20:18,-0.221
2025-09-10 20:24,-0.082
2025-09-10 20:30,0.07
2025-09-10 20:36,0.234
2025-09-10 20:42,0.41
2025-09-10 20:48,0.597
2025-09-10 20:54,0.793
2025-09-10 21:00,0.999
2025-09-10 21:06,1.213
2025-09-10 21:12,1.434
2025-09-10 21:18,1.661
2025-09-10 21:24,1.894
2025-09-10 21:30,2.132
2025-09-10 21:36,2.374
2025-09-10 21:42,2.62
2025-09-10 21:48,2.868
2025-09-10 21:54,3.118
2025-09-10 22:00,3.37
2025-09-10 22:06,3.622
2025-09-10 22:12,3.876
2025-09-10 22:18,4.13
2025-09-10 22:24,4.384
2025-09-10 22:30,4.637
2025-09-10 22:36,4.89
2025-09-10 22:42,5.141
2025-09-10 22:48,5.392
2025-09-10 22:54,5.641
2025-09-10 23:00,5.887
2025-09-10 23:06,6.132
2025-09-10 23:12,6.374
2025-09-10 23:18,6.612
2025-09-10 23:24,6.847
2025-09-10 23:30,7.077
2025-09-10 23:36,7.303
2025-09-10 23:42,7.523
2025-09-10 23:48,7.737
2025-09-10 23:54,7.944
2025-09-11 00:00,8.144
2025-09-11 00:06,8.335
2025-09-11 00:12,8.517
2025-09-11 00:18,8.689
2025-09-11 00:24,8.851
2025-09-11 00:30,9.001
2025-09-11 00:36,9.139
2025-09-11 00:42,9.264
2025-09-11 00:48,9.377
2025-09-11 00:54,9.475
2025-09-11 01:00,9.559
2025-09-11 01:06,9.629
2025-09-11 01:12,9.683
2025-09-11 01:18,9.723
2025-09-11 01:24,9.747
2025-09-11 01:30,9.756
2025-09-11 01:36,9.75
2025-09-11 01:42,9.728
2025-09-11 01:48,9.692
2025-09-11 01:54,9.64
2025-09-11 02:00,9.575
2025-09-11 02:06,9.495
2025-09-11 02:12,9.401
2025-09-11 02:18,9.294
2025-09-11 02:24,9.174
2025-09-11 02:30,9.041
2025-09-11 02:36,8.897
2025-09-11 02:42,8.742
2025-09-11 02:48,8.576
2025-09-11 02:54,8.4
2025-09-11 03:00,8.214
2025-09-11 03:06,8.02
2025-09-11 03:12,7.818
2025-09-11 03:18,7.608
2025-09-11 03:24,7.391
2025-09-11 03:30,7.168
2025-09-11 03:36,6.939
2025-09-11 03:42,6.706
2025-09-11 03:48,6.469
2025-09-11 03:54,6.228
2025-09-11 04:00,5.984
2025-09-11 04:06,5.739
2025-09-11 04:12,5.492
2025-09-11 04:18,5.244
2025-09-11 04:24,4.996
2025-09-11 04:30,4.749
2025-09-11 04:36,4.503
2025-09-11 04:42,4.258
2025-09-11 04:48,4.016
2025-09-11 04:54,3.777
2025-09-11 05:00,3.541
2025-09-11 05:06,3.31
2025-09-11 05:12,3.082
2025-09-11 05:18,2.859
2025-09-11 05:24,2.641
2025-09-11 05:30,2.428
2025-09-11 05:36,2.221
2025-09-11 05:42,2.02
2025-09-11 05:48,1.825
2025-09-11 05:54,1.637
2025-09-11 06:00,1.455
2025-09-11 06:06,1.281
2025-09-11 06:12,1.114
2025-09-11 06:18,0.955
2025-09-11 06:24,0.803
2025-09-11 06:30,0.66
2025-09-11 06:36,0.526
2025-09-11 06:42,0.402
2025-09-11 06:48,0.286
2025-09-11 06:54,0.181
2025-09-11 07:00,0.087
2025-09-11 07:06,0.003
2025-09-11 07:12,-0.069
2025-09-11 07:18,-0.129
2025-09-11 07:24,-0.176
2025-09-11 07:30,-0.21
2025-09-11 07:36,-0.23
2025-09-11 07:42,-0.237
2025-09-11 07:48,-0.229
2025-09-11 07:54,-0.207
2025-09-11 08:00,-0.169
2025-09-11 08:06,-0.117
2025-09-11 08:12,-0.05
2025-09-11 08:18,0.033
2025-09-11 08:24,0.13
2025-09-11 08:30,0.242
2025-09-11 08:36,0.368
2025-09-11 08:42,0.508
2025-09-11 08:48,0.661
2025-09-11 08:54,0.827
2025-09-11 09:00,1.005
2025-09-11 09:06,1.194
2025-09-11 09:12,1.394
2025-09-11 09:18,1.603
2025-09-11 09:24,1.821
2025-09-11 09:30,2.046
2025-09-11 09:36,2.279
2025-09-11 09:42,2.517
2025-09-11 09:48,2.761
2025-09-11 09:54,3.009
2025-09-11 10:00,3.26
2025-09-11 10:06,3.515
2025-09-11 10:12,3.771
2025-09-11 10:18,4.029
2025-09-11 10:24,4.288
2025-09-11 10:30,4.548
2025-09-11 10:36,4.807
2025-09-11 10:42,5.067
2025-09-11 10:48,5.325
2025-09-11 10:54,5.583
2025-09-11 11:00,5.839
2025-09-11 11:06,6.093
2025-09-11 11:12,6.346
2025-09-11 11:18,6.596
2025-09-11 11:24,6.844
2025-09-11 11:30,7.088
2025-09-11 11:36,7.33
2025-09-11 11:42,7.567
2025-09-11 11:48,7.8
2025-09-11 11:54,8.029
2025-09-11 12:00,8.252
2025-09-11 12:06,8.469
2025-09-11 12:12,8.68
2025-09-11 12:18,8.883
2025-09-11 12:24,9.078
2025-09-11 12:30,9.265
2025-09-11 12:36,9.442
2025-09-11 12:42,9.608
2025-09-11 12:48,9.764
2025-09-11 12:54,9.908
2025-09-11 13:00,10.04
2025-09-11 13:06,10.158
2025-09-11 13:12,10.263
2025-09-11 13:18,10.354
2025-09-11 13:24,10.43
2025-09-11 13:30,10.491
2025-09-11 13:36,10.536
2025-09-11 13:42,10.566
2025-09-11 13:48,10.581
2025-09-11 13:54,10.579
2025-09-11 14:00,10.562
2025-09-11 14:06,10.529
2025-09-11 14:12,10.481
2025-09-11 14:18,10.417
2025-09-11 14:24,10.338
2025-09-11 14:30,10.245
2025-09-11 14:36,10.137
2025-09-11 14:42,10.015
2025-09-11 14:48,9.88
2025-09-11 14:54,9.732
2025-09-11 15:00,9.572
2025-09-11 15:06,9.4
2025-09-11 15:12,9.216
2025-09-11 15:18,9.023
2025-09-11 15:24,8.819
2025-09-11 15:30,8.606
2025-09-11 15:36,8.385
2025-09-11 15:42,8.155
2025-09-11 15:48,7.918
2025-09-11 15:54,7.675
2025-09-11 16:00,7.426
2025-09-11 16:06,7.171
2025-09-11 16:12,6.912
2025-09-11 16:18,6.65
2025-09-11 16:24,6.384
2025-09-11 16:30,6.116
2025-09-11 16:36,5.846
2025-09-11 16:42,5.575
2025-09-11 16:48,5.304
2025-09-11 16:54,5.033
2025-09-11 17:00,4.763
2025-09-11 17:06,4.494
2025-09-11 17:12,4.228
2025-09-11 17:18,3.964
2025-09-11 17:24,3.704
2025-09-11 17:30,3.446
2025-09-11 17:36,3.193
2025-09-11 17:42,2.945
2025-09-11 17:48,2.701
2025-09-11 17:54,2.462
2025-09-11 18:00,2.229
2025-09-11 18:06,2.002
2025-09-11 18:12,1.781
2025-09-11 18:18,1.566
2025-09-11 18:24,1.358
2025-09-11 18:30,1.156
2025-09-11 18:36,0.962
2025-09-11 18:42,0.776
2025-09-11 18:48,0.597
2025-09-11 18:54,0.426
2025-09-11 19:00,0.265
2025-09-11 19:06,0.112
2025-09-11 19:12,-0.031
2025-09-11 19:18,-0.164
2025-09-11 19:24,-0.287
2025-09-11 19:30,-0.399
2025-09-11 19:36,-0.499
2025-09-11 19:42,-0.587
2025-09-11 19:48,-0.663
2025-09-11 19:54,-0.725
2025-09-11 20:00,-0.774
2025-09-11 20:06,-0.809
2025-09-11 20:12,-0.829
2025-09-11 20:18,-0.834
2025-09-11 20:24,-0.825
2025-09-11 20:30,-0.8
2025-09-11 20:36,-0.76
2025-09-11 20:42,-0.704
2025-09-11 20:48,-0.634
2025-09-11 20:54,-0.548
2025-09-11 21:00,-0.448
2025-09-11 21:06,-0.333
2025-09-11 21:12,-0.205
2025-09-11 21:18,-0.063
2025-09-11 21:24,0.091
2025-09-11 21:30,0.256
2025-09-11 21:36,0.433
2025-09-11 21:42,0.62
2025-09-11 21:48,0.817
2025-09-11 21:54,1.021
2025-09-11 22:00,1.234
2025-09-11 22:06,1.453
2025-09-11 22:12,1.677
2025-09-11 22:18,1.907
2025-09-11 22:24,2.141
2025-09-11 22:30,2.378
2025-09-11 22:36,2.619
2025-09-11 22:42,2.861
2025-09-11 22:48,3.106
2025-09-11 22:54,3.351
2025-09-11 23:00,3.597
2025-09-11 23:06,3.844
2025-09-11 23:12,4.09
2025-09-11 23:18,4.337
2025-09-11 23:24,4.582
2025-09-11 23:30,4.827
2025-09-11 23:36,5.071
2025-09-11 23:42,5.313
2025-09-11 23:48,5.554
2025-09-11 23:54,5.792
2025-09-12 00:00,6.028
2025-09-12 00:06,6.262
2025-09-12 00:12,6.492
2025-09-12 00:18,6.718
2025-09-12 00:24,6.94
2025-09-12 00:30,7.157
2025-09-12 00:36,7.369
2025-09-12 00:42,7.574
2025-09-12 00:48,7.773
2025-09-12 00:54,7.964
2025-09-12 01:00,8.146
2025-09-12 01:06,8.32
2025-09-12 01:12,8.483
2025-09-12 01:18,8.636
2025-09-12 01:24,8.778
2025-09-12 01:30,8.907
2025-09-12 01:36,9.025
2025-09-12 01:42,9.129
2025-09-12 01:48,9.219
2025-09-12 01:54,9.296
2025-09-12 02:00,9.358
2025-09-12 02:06,9.405
2025-09-12 02:12,9.438
2025-09-12 02:18,9.456
2025-09-12 02:24,9.459
2025-09-12 02:30,9.447
2025-09-12 02:36,9.42
2025-09-12 02:42,9.379
2025-09-12 02:48,9.324
2025-09-12 02:54,9.254
2025-09-12 03:00,9.171
2025-09-12 03:06,9.075
2025-09-12 03:12,8.966
2025-09-12 03:18,8.845
2025-09-12 03:24,8.712
2025-09-12 03:30,8.568
2025-09-12 03:36,8.414
2025-09-12 03:42,8.249
2025-09-12 03:48,8.076
2025-09-12 03:54,7.893
2025-09-12 04:00,7.702
2025-09-12 04:06,7.504
2025-09-12 04:12,7.299
2025-09-12 04:18,7.088
2025-09-12 04:24,6.872
2025-09-12 04:30,6.651
2025-09-12 04:36,6.425
2025-09-12 04:42,6.197
2025-09-12 04:48,5.965
2025-09-12 04:54,5.731
2025-09-12 05:00,5.496
2025-09-12 05:06,5.26
2025-09-12 05:12,5.024
2025-09-12 05:18,4.789
2025-09-12 05:24,4.554
2025-09-12 05:30,4.322
2025-09-12 05:36,4.091
2025-09-12 05:42,3.863
2025-09-12 05:48,3.638
2025-09-12 05:54,3.416
2025-09-12 06:00,3.199
2025-09-12 06:06,2.986
2025-09-12 06:12,2.777
2025-09-12 06:18,2.574
2025-09-12 06:24,2.376
2025-09-12 06:30,2.183
2025-09-12 06:36,1.996
2025-09-12 06:42,1.816
2025-09-12 06:48,1.641
2025-09-12 06:54,1.473
2025-09-12 07:00,1.312
2025-09-12 07:06,1.158
2025-09-12 07:12,1.012
2025-09-12 07:18,0.873
2025-09-12 07:24,0.743
2025-09-12 07:30,0.621
2025-09-12 07:36,0.508
2025-09-12 07:42,0.404
2025-09-12 07:48,0.31
2025-09-12 07:54,0.227
2025-09-12 08:00,0.154
2025-09-12 08:06,0.093
2025-09-12 08:12,0.044
2025-09-12 08:18,0.008
2025-09-12 08:24,-0.016
2025-09-12 08:30,-0.026
2025-09-12 08:36,-0.023
2025-09-12 08:42,-0.005
2025-09-12 08:48,0.027
2025-09-12 08:54,0.073
2025-09-12 09:00,0.134
2025-09-12 09:06,0.21
2025-09-12 09:12,0.301
2025-09-12 09:18,0.406
2025-09-12 09:24,0.524
2025-09-12 09:30,0.657
2025-09-12 09:36,0.802
2025-09-12 09:42,0.961
2025-09-12 09:48,1.131
2025-09-12 09:54,1.312
2025-09-12 10:00,1.504
2025-09-12 10:06,1.705
2025-09-12 10:12,1.915
2025-09-12 10:18,2.133
2025-09-12 10:24,2.357
2025-09-12 10:30,2.588
2025-09-12 10:36,2.824
2025-09-12 10:42,3.064
2025-09-12 10:48,3.307
2025-09-12 10:54,3.554
2025-09-12 11:00,3.803
2025-09-12 11:06,4.053
2025-09-12 11:12,4.304
2025-09-12 11:18,4.556
2025-09-12 11:24,4.808
2025-09-12 11:30,5.06
2025-09-12 11:36,5.311
2025-09-12 11:42,5.561
2025-09-12 11:48,5.809
2025-09-12 11:54,6.057
2025-09-12 12:00,6.302
2025-09-12 12:06,6.546
2025-09-12 12:12,6.787
2025-09-12 12:18,7.026
2025-09-12 12:24,7.262
2025-09-12 12:30,7.494
2025-09-12 12:36,7.723
2025-09-12 12:42,7.948
2025-09-12 12:48,8.168
2025-09-12 12:54,8.382
2025-09-12 13:00,8.591
2025-09-12 13:06,8.793
2025-09-12 13:12,8.988
2025-09-12 13:18,9.174
2025-09-12 13:24,9.352
2025-09-12 13:30,9.521
2025-09-12 13:36,9.679
2025-09-12 13:42,9.826
2025-09-12 13:48,9.962
2025-09-12 13:54,10.085
2025-09-12 14:00,10.196
2025-09-12 14:06,10.293
2025-09-12 14:12,10.376
2025-09-12 14:18,10.444
2025-09-12 14:24,10.498
2025-09-12 14:30,10.536
2025-09-12 14:36,10.559
2025-09-12 14:42,10.567
2025-09-12 14:48,10.559
2025-09-12 14:54,10.536
2025-09-12 15:00,10.498
2025-09-12 15:06,10.444
2025-09-12 15:12,10.376
2025-09-12 15:18,10.293
2025-09-12 15:24,10.196
2025-09-12 15:30,10.085
2025-09-12 15:36,9.961
2025-09-12 15:42,9.824
2025-09-12 15:48,9.675
2025-09-12 15:54,9.514
2025-09-12 16:00,9.342
2025-09-12 16:06,9.16
2025-09-12 16:12,8.967
2025-09-12 16:18,8.766
2025-09-12 16:24,8.555
2025-09-12 16:30,8.337
2025-09-12 16:36,8.111
2025-09-12 16:42,7.878
2025-09-12 16:48,7.64
2025-09-12 16:54,7.396
2025-09-12 17:00,7.147
2025-09-12 17:06,6.895
2025-09-12 17:12,6.639
2025-09-12 17:18,6.381
2025-09-12 17:24,6.12
2025-09-12 17:30,5.858
2025-09-12 17:36,5.595
2025-09-12 17:42,5.333
2025-09-12 17:48,5.07
2025-09-12 17:54,4.809
2025-09-12 18:00,4.549
2025-09-12 18:06,4.291
2025-09-12 18:12,4.036
2025-09-12 18:18,3.784
2025-09-12 18:24,3.535
2025-09-12 18:30,3.29
2025-09-12 18:36,3.049
2025-09-12 18:42,2.813
2025-09-12 18:48,2.581
2025-09-12 18:54,2.355
2025-09-12 19:00,2.133
2025-09-12 19:06,1.918
2025-09-12 19:12,1.708
2025-09-12 19:18,1.504
2025-09-12 19:24,1.307
2025-09-12 19:30,1.116
2025-09-12 19:36,0.933
2025-09-12 19:42,0.756
2025-09-12 19:48,0.588
2025-09-12 19:54,0.428
2025-09-12 20:00,0.276
2025-09-12 20:06,0.134
2025-09-12 20:12,0.001
2025-09-12 20:18,-0.121
2025-09-12 20:24,-0.233
2025-09-12 20:30,-0.334
2025-09-12 20:36,-0.422
2025-09-12 20:42,-0.499
2025-09-12 20:48,-0.562
2025-09-12 20:54,-0.613
2025-09-12 21:00,-0.649
2025-09-12 21:06,-0.671
2025-09-12 21:12,-0.679
2025-09-12 21:18,-0.672
2025-09-12 21:24,-0.65
2025-09-12 21:30,-0.613
2025-09-12 21:36,-0.562
2025-09-12 21:42,-0.496
2025-09-12 21:48,-0.415
2025-09-12 21:54,-0.32
2025-09-12 22:00,-0.212
2025-09-12 22:06,-0.091
2025-09-12 22:12,0.043
2025-09-12 22:18,0.189
2025-09-12 22:24,0.346
2025-09-12 22:30,0.512
2025-09-12 22:36,0.689
2025-09-12 22:42,0.874
2025-09-12 22:48,1.066
2025-09-12 22:54,1.266
2025-09-12 23:00,1.471
2025-09-12 23:06,1.682
2025-09-12 23:12,1.897
2025-09-12 23:18,2.116
2025-09-12 23:24,2.339
2025-09-12 23:30,2.563
2025-09-12 23:36,2.79
2025-09-12 23:42,3.019
2025-09-12 23:48,3.248
2025-09-12 23:54,3.479
2025-09-13 00:00,3.71
2025-09-13 00:06,3.941
2025-09-13 00:12,4.173
2025-09-13 00:18,4.404
2025-09-13 00:24,4.634
2025-09-13 00:30,4.865
2025-09-13 00:36,5.094
2025-09-13 00:42,5.321
2025-09-13 00:48,5.548
2025-09-13 00:54,5.772
2025-09-13 01:00,5.995
2025-09-13 01:06,6.214
2025-09-13 01:12,6.43
2025-09-13 01:18,6.643
2025-09-13 01:24,6.851
2025-09-13 01:30,7.054
2025-09-13 01:36,7.252
2025-09-13 01:42,7.443
2025-09-13 01:48,7.627
2025-09-13 01:54,7.802
2025-09-13 02:00,7.97
2025-09-13 02:06,8.127
2025-09-13 02:12,8.275
2025-09-13 02:18,8.412
2025-09-13 02:24,8.537
2025-09-13 02:30,8.651
2025-09-13 02:36,8.751
2025-09-13 02:42,8.839
2025-09-13 02:48,8.913
2025-09-13 02:54,8.974
2025-09-13 03:00,9.02
2025-09-13 03:06,9.053
2025-09-13 03:12,9.071
2025-09-13 03:18,9.075
2025-09-13 03:24,9.065
2025-09-13 03:30,9.041
2025-09-13 03:36,9.003
2025-09-13 03:42,8.951
2025-09-13 03:48,8.887
2025-09-13 03:54,8.81
2025-09-13 04:00,8.72
2025-09-13 04:06,8.619
2025-09-13 04:12,8.506
2025-09-13 04:18,8.383
2025-09-13 04:24,8.249
2025-09-13 04:30,8.106
2025-09-13 04:36,7.953
2025-09-13 04:42,7.792
2025-09-13 04:48,7.622
2025-09-13 04:54,7.446
2025-09-13 05:00,7.262
2025-09-13 05:06,7.073
2025-09-13 05:12,6.878
2025-09-13 05:18,6.678
2025-09-13 05:24,6.473
2025-09-13 05:30,6.265
2025-09-13 05:36,6.054
2025-09-13 05:42,5.841
2025-09-13 05:48,5.625
2025-09-13 05:54,5.409
2025-09-13 06:00,5.192
2025-09-13 06:06,4.974
2025-09-13 06:12,4.757
2025-09-13 06:18,4.542
2025-09-13 06:24,4.327
2025-09-13 06:30,4.114
2025-09-13 06:36,3.904
2025-09-13 06:42,3.697
2025-09-13 06:48,3.492
2025-09-13 06:54,3.291
2025-09-13 07:00,3.094
2025-09-13 07:06,2.901
2025-09-13 07:12,2.712
2025-09-13 07:18,2.528
2025-09-13 07:24,2.349
2025-09-13 07:30,2.175
2025-09-13 07:36,2.006
2025-09-13 07:42,1.842
2025-09-13 07:48,1.685
2025-09-13 07:54,1.534
2025-09-13 08:00,1.389
2025-09-13 08:06,1.25
2025-09-13 08:12,1.119
2025-09-13 08:18,0.996
2025-09-13 08:24,0.88
2025-09-13 08:30,0.773
2025-09-13 08:36,0.674
2025-09-13 08:42,0.585
2025-09-13 08:48,0.506
2025-09-13 08:54,0.437
2025-09-13 09:00,0.379
2025-09-13 09:06,0.333
2025-09-13 09:12,0.298
2025-09-13 09:18,0.276
2025-09-13 09:24,0.267
2025-09-13 09:30,0.271
2025-09-13 09:36,0.289
2025-09-13 09:42,0.321
2025-09-13 09:48,0.366
2025-09-13 09:54,0.425
2025-09-13 10:00,0.499
2025-09-13 10:06,0.586
2025-09-13 10:12,0.687
2025-09-13 10:18,0.801
2025-09-13 10:24,0.928
2025-09-13 10:30,1.067
2025-09-13 10:36,1.218
2025-09-13 10:42,1.38
2025-09-13 10:48,1.552
2025-09-13 10:54,1.733
2025-09-13 11:00,1.924
2025-09-13 11:06,2.122
2025-09-13 11:12,2.327
2025-09-13 11:18,2.538
2025-09-13 11:24,2.755
2025-09-13 11:30,2.977
2025-09-13 11:36,3.202
2025-09-13 11:42,3.43
2025-09-13 11:48,3.661
2025-09-13 11:54,3.894
2025-09-13 12:00,4.129
2025-09-13 12:06,4.364
2025-09-13 12:12,4.6
2025-09-13 12:18,4.837
2025-09-13 12:24,5.073
2025-09-13 12:30,5.309
2025-09-13 12:36,5.545
2025-09-13 12:42,5.779
2025-09-13 12:48,6.013
2025-09-13 12:54,6.246
2025-09-13 13:00,6.477
2025-09-13 13:06,6.707
2025-09-13 13:12,6.935
2025-09-13 13:18,7.16
2025-09-13 13:24,7.383
2025-09-13 13:30,7.603
2025-09-13 13:36,7.819
2025-09-13 13:42,8.031
2025-09-13 13:48,8.238
2025-09-13 13:54,8.44
2025-09-13 14:00,8.636
2025-09-13 14:06,8.825
2025-09-13 14:12,9.006
2025-09-13 14:18,9.179
2025-09-13 14:24,9.344
2025-09-13 14:30,9.498
2025-09-13 14:36,9.642
2025-09-13 14:42,9.775
2025-09-13 14:48,9.896
2025-09-13 14:54,10.004
2025-09-13 15:00,10.099
2025-09-13 15:06,10.181
2025-09-13 15:12,10.25
2025-09-13 15:18,10.303
2025-09-13 15:24,10.343
2025-09-13 15:30,10.368
2025-09-13 15:36,10.378
2025-09-13 15:42,10.373
2025-09-13 15:48,10.354
2025-09-13 15:54,10.321
2025-09-13 16:00,10.273
2025-09-13 16:06,10.211
2025-09-13 16:12,10.135
2025-09-13 16:18,10.046
2025-09-13 16:24,9.944
2025-09-13 16:30,9.83
2025-09-13 16:36,9.704
2025-09-13 16:42,9.566
2025-09-13 16:48,9.417
2025-09-13 16:54,9.258
2025-09-13 17:00,9.089
2025-09-13 17:06,8.91
2025-09-13 17:12,8.723
2025-09-13 17:18,8.528
2025-09-13 17:24,8.325
2025-09-13 17:30,8.116
2025-09-13 17:36,7.9
2025-09-13 17:42,7.678
2025-09-13 17:48,7.451
2025-09-13 17:54,7.22
2025-09-13 18:00,6.985
2025-09-13 18:06,6.746
2025-09-13 18:12,6.505
2025-09-13 18:18,6.262
2025-09-13 18:24,6.016
2025-09-13 18:30,5.77
2025-09-13 18:36,5.524
2025-09-13 18:42,5.277
2025-09-13 18:48,5.032
2025-09-13 18:54,4.787
2025-09-13 19:00,4.543
2025-09-13 19:06,4.302
2025-09-13 19:12,4.062
2025-09-13 19:18,3.825
2025-09-13 19:24,3.592
2025-09-13 19:30,3.361
2025-09-13 19:36,3.134
2025-09-13 19:42,2.911
2025-09-13 19:48,2.692
2025-09-13 19:54,2.478
2025-09-13 20:00,2.268
2025-09-13 20:06,2.063
2025-09-13 20:12,1.863
2025-09-13 20:18,1.669
2025-09-13 20:24,1.48
2025-09-13 20:30,1.298
2025-09-13 20:36,1.122
2025-09-13 20:42,0.953
2025-09-13 20:48,0.792
2025-09-13 20:54,0.638
2025-09-13 21:00,0.493
2025-09-13 21:06,0.357
2025-09-13 21:12,0.23
2025-09-13 21:18,0.114
2025-09-13 21:24,0.008
2025-09-13 21:30,-0.087
2025-09-13 21:36,-0.17
2025-09-13 21:42,-0.241
2025-09-13 21:48,-0.299
2025-09-13 21:54,-0.344
2025-09-13 22:00,-0.375
2025-09-13 22:06,-0.393
2025-09-13 22:12,-0.397
2025-09-13 22:18,-0.386
2025-09-13 22:24,-0.362
2025-09-13 22:30,-0.323
2025-09-13 22:36,-0.27
2025-09-13 22:42,-0.204
2025-09-13 22:48,-0.125
2025-09-13 22:54,-0.033
2025-09-13 23:00,0.072
2025-09-13 23:06,0.188
2025-09-13 23:12,0.315
2025-09-13 23:18,0.452
2025-09-13 23:24,0.599
2025-09-13 23:30,0.755
2025-09-13 23:36,0.919
2025-09-13 23:42,1.09
2025-09-13 23:48,1.267
2025-09-13 23:54,1.45
2025-09-14 00:00,1.639
2025-09-14 00:06,1.831
2025-09-14 00:12,2.028
2025-09-14 00:18,2.227
2025-09-14 00:24,2.43
2025-09-14 00:30,2.635
2025-09-14 00:36,2.842
2025-09-14 00:42,3.05
2025-09-14 00:48,3.26
2025-09-14 00:54,3.472
2025-09-14 01:00,3.684
2025-09-14 01:06,3.897
2025-09-14 01:12,4.111
2025-09-14 01:18,4.326
2025-09-14 01:24,4.54
2025-09-14 01:30,4.755
2025-09-14 01:36,4.969
2025-09-14 01:42,5.183
2025-09-14 01:48,5.396
2025-09-14 01:54,5.607
2025-09-14 02:00,5.817
2025-09-14 02:06,6.024
2025-09-14 02:12,6.229
2025-09-14 02:18,6.43
2025-09-14 02:24,6.626
2025-09-14 02:30,6.818
2025-09-14 02:36,7.004
2025-09-14 02:42,7.184
2025-09-14 02:48,7.356
2025-09-14 02:54,7.521
2025-09-14 03:00,7.676
2025-09-14 03:06,7.823
2025-09-14 03:12,7.959
2025-09-14 03:18,8.085
2025-09-14 03:24,8.2
2025-09-14 03:30,8.302
2025-09-14 03:36,8.393
2025-09-14 03:42,8.471
2025-09-14 03:48,8.536
2025-09-14 03:54,8.588
2025-09-14 04:00,8.627
2025-09-14 04:06,8.653
2025-09-14 04:12,8.666
2025-09-14 04:18,8.665
2025-09-14 04:24,8.652
2025-09-14 04:30,8.626
2025-09-14 04:36,8.587
2025-09-14 04:42,8.537
2025-09-14 04:48,8.475
2025-09-14 04:54,8.401
2025-09-14 05:00,8.316
2025-09-14 05:06,8.221
2025-09-14 05:12,8.116
2025-09-14 05:18,8.002
2025-09-14 05:24,7.878
2025-09-14 05:30,7.746
2025-09-14 05:36,7.606
2025-09-14 05:42,7.458
2025-09-14 05:48,7.304
2025-09-14 05:54,7.143
2025-09-14 06:00,6.976
2025-09-14 06:06,6.804
2025-09-14 06:12,6.627
2025-09-14 06:18,6.445
2025-09-14 06:24,6.26
2025-09-14 06:30,6.072
2025-09-14 06:36,5.881
2025-09-14 06:42,5.688
2025-09-14 06:48,5.494
2025-09-14 06:54,5.298
2025-09-14 07:00,5.102
2025-09-14 07:06,4.905
2025-09-14 07:12,4.709
2025-09-14 07:18,4.514
2025-09-14 07:24,4.32
2025-09-14 07:30,4.127
2025-09-14 07:36,3.936
2025-09-14 07:42,3.748
2025-09-14 07:48,3.562
2025-09-14 07:54,3.379
2025-09-14 08:00,3.199
2025-09-14 08:06,3.022
2025-09-14 08:12,2.849
2025-09-14 08:18,2.679
2025-09-14 08:24,2.514
2025-09-14 08:30,2.353
2025-09-14 08:36,2.196
2025-09-14 08:42,2.044
2025-09-14 08:48,1.898
2025-09-14 08:54,1.756
2025-09-14 09:00,1.621
2025-09-14 09:06,1.491
2025-09-14 09:12,1.368
2025-09-14 09:18,1.252
2025-09-14 09:24,1.144
2025-09-14 09:30,1.043
2025-09-14 09:36,0.951
2025-09-14 09:42,0.868
2025-09-14 09:48,0.795
2025-09-14 09:54,0.732
2025-09-14 10:00,0.679
2025-09-14 10:06,0.638
2025-09-14 10:12,0.608
2025-09-14 10:18,0.591
2025-09-14 10:24,0.586
2025-09-14 10:30,0.593
2025-09-14 10:36,0.614
2025-09-14 10:42,0.648
2025-09-14 10:48,0.694
2025-09-14 10:54,0.754
2025-09-14 11:00,0.827
2025-09-14 11:06,0.913
2025-09-14 11:12,1.011
2025-09-14 11:18,1.121
2025-09-14 11:24,1.243
2025-09-14 11:30,1.375
2025-09-14 11:36,1.518
2025-09-14 11:42,1.671
2025-09-14 11:48,1.832
2025-09-14 11:54,2.002
2025-09-14 12:00,2.179
2025-09-14 12:06,2.362
2025-09-14 12:12,2.552
2025-09-14 12:18,2.746
2025-09-14 12:24,2.946
2025-09-14 12:30,3.149
2025-09-14 12:36,3.355
2025-09-14 12:42,3.565
2025-09-14 12:48,3.777
2025-09-14 12:54,3.99
2025-09-14 13:00,4.205
2025-09-14 13:06,4.422
2025-09-14 13:12,4.639
2025-09-14 13:18,4.858
2025-09-14 13:24,5.077
2025-09-14 13:30,5.296
2025-09-14 13:36,5.515
2025-09-14 13:42,5.735
2025-09-14 13:48,5.954
2025-09-14 13:54,6.173
2025-09-14 14:00,6.392
2025-09-14 14:06,6.609
2025-09-14 14:12,6.826
2025-09-14 14:18,7.04
2025-09-14 14:24,7.252
2025-09-14 14:30,7.462
2025-09-14 14:36,7.669
2025-09-14 14:42,7.871
2025-09-14 14:48,8.069
2025-09-14 14:54,8.262
2025-09-14 15:00,8.449
2025-09-14 15:06,8.63
2025-09-14 15:12,8.802
2025-09-14 15:18,8.967
2025-09-14 15:24,9.123
2025-09-14 15:30,9.269
2025-09-14 15:36,9.405
2025-09-14 15:42,9.529
2025-09-14 15:48,9.643
2025-09-14 15:54,9.744
2025-09-14 16:00,9.832
2025-09-14 16:06,9.908
2025-09-14 16:12,9.971
2025-09-14 16:18,10.02
2025-09-14 16:24,10.055
2025-09-14 16:30,10.077
2025-09-14 16:36,10.085
2025-09-14 16:42,10.08
2025-09-14 16:48,10.061
2025-09-14 16:54,10.029
2025-09-14 17:00,9.984
2025-09-14 17:06,9.926
2025-09-14 17:12,9.856
2025-09-14 17:18,9.773
2025-09-14 17:24,9.679
2025-09-14 17:30,9.574
2025-09-14 17:36,9.458
2025-09-14 17:42,9.332
2025-09-14 17:48,9.195
2025-09-14 17:54,9.05
2025-09-14 18:00,8.895
2025-09-14 18:06,8.732
2025-09-14 18:12,8.561
2025-09-14 18:18,8.383
2025-09-14 18:24,8.197
2025-09-14 18:30,8.006
2025-09-14 18:36,7.808
2025-09-14 18:42,7.605
2025-09-14 18:48,7.397
2025-09-14 18:54,7.185
2025-09-14 19:00,6.969
2025-09-14 19:06,6.75
2025-09-14 19:12,6.529
2025-09-14 19:18,6.305
2025-09-14 19:24,6.079
2025-09-14 19:30,5.852
2025-09-14 19:36,5.624
2025-09-14 19:42,5.396
2025-09-14 19:48,5.168
2025-09-14 19:54,4.941
2025-09-14 20:00,4.714
2025-09-14 20:06,4.489
2025-09-14 20:12,4.265
2025-09-14 20:18,4.043
2025-09-14 20:24,3.823
2025-09-14 20:30,3.606
2025-09-14 20:36,3.391
2025-09-14 20:42,3.179
2025-09-14 20:48,2.97
2025-09-14 20:54,2.765
2025-09-14 21:00,2.563
2025-09-14 21:06,2.366
2025-09-14 21:12,2.172
2025-09-14 21:18,1.983
2025-09-14 21:24,1.8
2025-09-14 21:30,1.621
2025-09-14 21:36,1.449
2025-09-14 21:42,1.283
2025-09-14 21:48,1.123
2025-09-14 21:54,0.971
2025-09-14 22:00,0.827
2025-09-14 22:06,0.692
2025-09-14 22:12,0.565
2025-09-14 22:18,0.448
2025-09-14 22:24,0.342
2025-09-14 22:30,0.246
2025-09-14 22:36,0.161
2025-09-14 22:42,0.089
2025-09-14 22:48,0.029
2025-09-14 22:54,-0.019
2025-09-14 23:00,-0.054
2025-09-14 23:06,-0.076
2025-09-14 23:12,-0.084
2025-09-14 23:18,-0.079
2025-09-14 23:24,-0.061
2025-09-14 23:30,-0.029
2025-09-14 23:36,0.015
2025-09-14 23:42,0.072
2025-09-14 23:48,0.141
2025-09-14 23:54,0.221
2025-09-15 00:00,0.313
2025-09-15 00:06,0.415
2025-09-15 00:12,0.527
2025-09-15 00:18,0.649
2025-09-15 00:24,0.778
2025-09-15 00:30,0.916
2025-09-15 00:36,1.061
2025-09-15 00:42,1.212
2025-09-15 00:48,1.369
2025-09-15 00:54,1.531
2025-09-15 01:00,1.698
2025-09-15 01:06,1.869
2025-09-15 01:12,2.044
2025-09-15 01:18,2.223
2025-09-15 01:24,2.405
2025-09-15 01:30,2.589
2025-09-15 01:36,2.776
2025-09-15 01:42,2.966
2025-09-15 01:48,3.157
2025-09-15 01:54,3.351
2025-09-15 02:00,3.546
2025-09-15 02:06,3.744
2025-09-15 02:12,3.943
2025-09-15 02:18,4.143
2025-09-15 02:24,4.345
2025-09-15 02:30,4.547
2025-09-15 02:36,4.75
2025-09-15 02:42,4.953
2025-09-15 02:48,5.156
2025-09-15 02:54,5.359
2025-09-15 03:00,5.56
2025-09-15 03:06,5.759
2025-09-15 03:12,5.955
2025-09-15 03:18,6.149
2025-09-15 03:24,6.338
2025-09-15 03:30,6.523
2025-09-15 03:36,6.702
2025-09-15 03:42,6.875
2025-09-15 03:48,7.042
2025-09-15 03:54,7.2
2025-09-15 04:00,7.35
2025-09-15 04:06,7.492
2025-09-15 04:12,7.623
2025-09-15 04:18,7.745
2025-09-15 04:24,7.856
2025-09-15 04:30,7.955
2025-09-15 04:36,8.044
2025-09-15 04:42,8.12
2025-09-15 04:48,8.185
2025-09-15 04:54,8.237
2025-09-15 05:00,8.278
2025-09-15 05:06,8.307
2025-09-15 05:12,8.323
2025-09-15 05:18,8.328
2025-09-15 05:24,8.32
2025-09-15 05:30,8.302
2025-09-15 05:36,8.272
2025-09-15 05:42,8.231
2025-09-15 05:48,8.18
2025-09-15 05:54,8.118
2025-09-15 06:00,8.047
2025-09-15 06:06,7.966
2025-09-15 06:12,7.875
2025-09-15 06:18,7.777
2025-09-15 06:24,7.669
2025-09-15 06:30,7.554
2025-09-15 06:36,7.432
2025-09-15 06:42,7.303
2025-09-15 06:48,7.167
2025-09-15 06:54,7.025
2025-09-15 07:00,6.877
2025-09-15 07:06,6.725
2025-09-15 07:12,6.568
2025-09-15 07:18,6.406
2025-09-15 07:24,6.241
2025-09-15 07:30,6.073
2025-09-15 07:36,5.901
2025-09-15 07:42,5.728
2025-09-15 07:48,5.553
2025-09-15 07:54,5.376
2025-09-15 08:00,5.198
2025-09-15 08:06,5.02
2025-09-15 08:12,4.842
2025-09-15 08:18,4.663
2025-09-15 08:24,4.486
2025-09-15 08:30,4.309
2025-09-15 08:36,4.133
2025-09-15 08:42,3.958
2025-09-15 08:48,3.785
2025-09-15 08:54,3.614
2025-09-15 09:00,3.445
2025-09-15 09:06,3.279
2025-09-15 09:12,3.114
2025-09-15 09:18,2.953
2025-09-15 09:24,2.795
2025-09-15 09:30,2.639
2025-09-15 09:36,2.488
2025-09-15 09:42,2.34
2025-09-15 09:48,2.196
2025-09-15 09:54,2.057
2025-09-15 10:00,1.922
2025-09-15 10:06,1.793
2025-09-15 10:12,1.67
2025-09-15 10:18,1.553
2025-09-15 10:24,1.443
2025-09-15 10:30,1.341
2025-09-15 10:36,1.246
2025-09-15 10:42,1.16
2025-09-15 10:48,1.083
2025-09-15 10:54,1.016
2025-09-15 11:00,0.96
2025-09-15 11:06,0.914
2025-09-15 11:12,0.879
2025-09-15 11:18,0.856
2025-09-15 11:24,0.845
2025-09-15 11:30,0.846
2025-09-15 11:36,0.86
2025-09-15 11:42,0.886
2025-09-15 11:48,0.925
2025-09-15 11:54,0.976
2025-09-15 12:00,1.039
2025-09-15 12:06,1.114
2025-09-15 12:12,1.2
2025-09-15 12:18,1.298
2025-09-15 12:24,1.406
2025-09-15 12:30,1.524
2025-09-15 12:36,1.652
2025-09-15 12:42,1.788
2025-09-15 12:48,1.932
2025-09-15 12:54,2.084
2025-09-15 13:00,2.242
2025-09-15 13:06,2.407
2025-09-15 13:12,2.577
2025-09-15 13:18,2.751
2025-09-15 13:24,2.931
2025-09-15 13:30,3.114
2025-09-15 13:36,3.3
2025-09-15 13:42,3.49
2025-09-15 13:48,3.682
2025-09-15 13:54,3.876
2025-09-15 14:00,4.073
2025-09-15 14:06,4.272
2025-09-15 14:12,4.473
2025-09-15 14:18,4.676
2025-09-15 14:24,4.88
2025-09-15 14:30,5.085
2025-09-15 14:36,5.292
2025-09-15 14:42,5.5
2025-09-15 14:48,5.708
2025-09-15 14:54,5.917
2025-09-15 15:00,6.127
2025-09-15 15:06,6.336
2025-09-15 15:12,6.545
2025-09-15 15:18,6.753
2025-09-15 15:24,6.96
2025-09-15 15:30,7.164
2025-09-15 15:36,7.366
2025-09-15 15:42,7.564
2025-09-15 15:48,7.758
2025-09-15 15:54,7.948
2025-09-15 16:00,8.132
2025-09-15 16:06,8.309
2025-09-15 16:12,8.48
2025-09-15 16:18,8.642
2025-09-15 16:24,8.796
2025-09-15 16:30,8.941
2025-09-15 16:36,9.076
2025-09-15 16:42,9.201
2025-09-15 16:48,9.315
2025-09-15 16:54,9.417
2025-09-15 17:00,9.507
2025-09-15 17:06,9.586
2025-09-15 17:12,9.652
2025-09-15 17:18,9.705
2025-09-15 17:24,9.746
2025-09-15 17:30,9.774
2025-09-15 17:36,9.79
2025-09-15 17:42,9.793
2025-09-15 17:48,9.783
2025-09-15 17:54,9.762
2025-09-15 18:00,9.728
2025-09-15 18:06,9.683
2025-09-15 18:12,9.626
2025-09-15 18:18,9.558
2025-09-15 18:24,9.479
2025-09-15 18:30,9.39
2025-09-15 18:36,9.29
2025-09-15 18:42,9.181
2025-09-15 18:48,9.062
2025-09-15 18:54,8.935
2025-09-15 19:00,8.799
2025-09-15 19:06,8.655
2025-09-15 19:12,8.503
2025-09-15 19:18,8.344
2025-09-15 19:24,8.179
2025-09-15 19:30,8.007
2025-09-15 19:36,7.829
2025-09-15 19:42,7.646
2025-09-15 19:48,7.458
2025-09-15 19:54,7.266
2025-09-15 20:00,7.069
2025-09-15 20:06,6.869
2025-09-15 20:12,6.666
2025-09-15 20:18,6.461
2025-09-15 20:24,6.253
2025-09-15 20:30,6.044
2025-09-15 20:36,5.833
2025-09-15 20:42,5.622
2025-09-15 20:48,5.409
2025-09-15 20:54,5.197
2025-09-15 21:00,4.984
2025-09-15 21:06,4.772
2025-09-15 21:12,4.56
2025-09-15 21:18,4.349
2025-09-15 21:24,4.139
2025-09-15 21:30,3.931
2025-09-15 21:36,3.723
2025-09-15 21:42,3.518
2025-09-15 21:48,3.315
2025-09-15 21:54,3.113
2025-09-15 22:00,2.915
2025-09-15 22:06,2.719
2025-09-15 22:12,2.527
2025-09-15 22:18,2.338
2025-09-15 22:24,2.153
2025-09-15 22:30,1.973
2025-09-15 22:36,1.798
2025-09-15 22:42,1.628
2025-09-15 22:48,1.465
2025-09-15 22:54,1.308
2025-09-15 23:00,1.159
2025-09-15 23:06,1.018
2025-09-15 23:12,0.885
2025-09-15 23:18,0.762
2025-09-15 23:24,0.649
2025-09-15 23:30,0.547
2025-09-15 23:36,0.455
2025-09-15 23:42,0.375
2025-09-15 23:48,0.307
2025-09-15 23:54,0.252
2025-09-16 00:00,0.208
2025-09-16 00:06,0.178
2025-09-16 00:12,0.16
2025-09-16 00:18,0.155
2025-09-16 00:24,0.163
2025-09-16 00:30,0.183
2025-09-16 00:36,0.216
2025-09-16 00:42,0.26
2025-09-16 00:48,0.316
2025-09-16 00:54,0.382
2025-09-16 01:00,0.459
2025-09-16 01:06,0.545
2025-09-16 01:12,0.641
2025-09-16 01:18,0.745
2025-09-16 01:24,0.858
2025-09-16 01:30,0.977
2025-09-16 01:36,1.103
2025-09-16 01:42,1.236
2025-09-16 01:48,1.374
2025-09-16 01:54,1.517
2025-09-16 02:00,1.665
2025-09-16 02:06,1.818
2025-09-16 02:12,1.975
2025-09-16 02:18,2.136
2025-09-16 02:24,2.3
2025-09-16 02:30,2.468
2025-09-16 02:36,2.64
2025-09-16 02:42,2.815
2025-09-16 02:48,2.993
2025-09-16 02:54,3.174
2025-09-16 03:00,3.358
2025-09-16 03:06,3.545
2025-09-16 03:12,3.735
2025-09-16 03:18,3.927
2025-09-16 03:24,4.121
2025-09-16 03:30,4.317
2025-09-16 03:36,4.515
2025-09-16 03:42,4.713
2025-09-16 03:48,4.912
2025-09-16 03:54,5.111
2025-09-16 04:00,5.309
2025-09-16 04:06,5.506
2025-09-16 04:12,5.7
2025-09-16 04:18,5.892
2025-09-16 04:24,6.081
2025-09-16 04:30,6.265
2025-09-16 04:36,6.444
2025-09-16 04:42,6.617
2025-09-16 04:48,6.784
2025-09-16 04:54,6.943
2025-09-16 05:00,7.095
2025-09-16 05:06,7.238
2025-09-16 05:12,7.371
2025-09-16 05:18,7.495
2025-09-16 05:24,7.609
2025-09-16 05:30,7.713
2025-09-16 05:36,7.806
2025-09-16 05:42,7.888
2025-09-16 05:48,7.958
2025-09-16 05:54,8.018
2025-09-16 06:00,8.066
2025-09-16 06:06,8.103
2025-09-16 06:12,8.129
2025-09-16 06:18,8.143
2025-09-16 06:24,8.147
2025-09-16 06:30,8.14
2025-09-16 06:36,8.122
2025-09-16 06:42,8.094
2025-09-16 06:48,8.056
2025-09-16 06:54,8.008
2025-09-16 07:00,7.951
2025-09-16 07:06,7.885
2025-09-16 07:12,7.811
2025-09-16 07:18,7.727
2025-09-16 07:24,7.636
2025-09-16 07:30,7.537
2025-09-16 07:36,7.431
2025-09-16 07:42,7.318
2025-09-16 07:48,7.199
2025-09-16 07:54,7.074
2025-09-16 08:00,6.943
2025-09-16 08:06,6.806
2025-09-16 08:12,6.665
2025-09-16 08:18,6.52
2025-09-16 08:24,6.371
2025-09-16 08:30,6.218
2025-09-16 08:36,6.062
2025-09-16 08:42,5.903
2025-09-16 08:48,5.742
2025-09-16 08:54,5.579
2025-09-16 09:00,5.415
2025-09-16 09:06,5.249
2025-09-16 09:12,5.082
2025-09-16 09:18,4.915
2025-09-16 09:24,4.747
2025-09-16 09:30,4.579
2025-09-16 09:36,4.411
2025-09-16 09:42,4.243
2025-09-16 09:48,4.076
2025-09-16 09:54,3.909
2025-09-16 10:00,3.744
2025-09-16 10:06,3.579
2025-09-16 10:12,3.416
2025-09-16 10:18,3.254
2025-09-16 10:24,3.094
2025-09-16 10:30,2.936
2025-09-16 10:36,2.781
2025-09-16 10:42,2.628
2025-09-16 10:48,2.478
2025-09-16 10:54,2.333
2025-09-16 11:00,2.191
2025-09-16 11:06,2.054
2025-09-16 11:12,1.922
2025-09-16 11:18,1.796
2025-09-16 11:24,1.677
2025-09-16 11:30,1.565
2025-09-16 11:36,1.46
2025-09-16 11:42,1.364
2025-09-16 11:48,1.278
2025-09-16 11:54,1.201
2025-09-16 12:00,1.134
2025-09-16 12:06,1.077
2025-09-16 12:12,1.033
2025-09-16 12:18,0.999
2025-09-16 12:24,0.978
2025-09-16 12:30,0.968
2025-09-16 12:36,0.971
2025-09-16 12:42,0.986
2025-09-16 12:48,1.013
2025-09-16 12:54,1.052
2025-09-16 13:00,1.103
2025-09-16 13:06,1.165
2025-09-16 13:12,1.238
2025-09-16 13:18,1.321
2025-09-16 13:24,1.415
2025-09-16 13:30,1.518
2025-09-16 13:36,1.629
2025-09-16 13:42,1.749
2025-09-16 13:48,1.877
2025-09-16 13:54,2.011
2025-09-16 14:00,2.152
2025-09-16 14:06,2.299
2025-09-16 14:12,2.451
2025-09-16 14:18,2.608
2025-09-16 14:24,2.77
2025-09-16 14:30,2.935
2025-09-16 14:36,3.105
2025-09-16 14:42,3.278
2025-09-16 14:48,3.455
2025-09-16 14:54,3.635
2025-09-16 15:00,3.818
2025-09-16 15:06,4.004
2025-09-16 15:12,4.193
2025-09-16 15:18,4.385
2025-09-16 15:24,4.58
2025-09-16 15:30,4.777
2025-09-16 15:36,4.976
2025-09-16 15:42,5.178
2025-09-16 15:48,5.382
2025-09-16 15:54,5.587
2025-09-16 16:00,5.793
2025-09-16 16:06,6.001
2025-09-16 16:12,6.209
2025-09-16 16:18,6.416
2025-09-16 16:24,6.623
2025-09-16 16:30,6.828
2025-09-16 16:36,7.031
2025-09-16 16:42,7.232
2025-09-16 16:48,7.428
2025-09-16 16:54,7.621
2025-09-16 17:00,7.808
2025-09-16 17:06,7.988
2025-09-16 17:12,8.163
2025-09-16 17:18,8.329
2025-09-16 17:24,8.488
2025-09-16 17:30,8.637
2025-09-16 17:36,8.778
2025-09-16 17:42,8.908
2025-09-16 17:48,9.027
2025-09-16 17:54,9.136
2025-09-16 18:00,9.233
2025-09-16 18:06,9.319
2025-09-16 18:12,9.393
2025-09-16 18:18,9.455
2025-09-16 18:24,9.505
2025-09-16 18:30,9.544
2025-09-16 18:36,9.57
2025-09-16 18:42,9.584
2025-09-16 18:48,9.586
2025-09-16 18:54,9.577
2025-09-16 19:00,9.556
2025-09-16 19:06,9.524
2025-09-16 19:12,9.481
2025-09-16 19:18,9.428
2025-09-16 19:24,9.364
2025-09-16 19:30,9.289
2025-09-16 19:36,9.206
2025-09-16 19:42,9.112
2025-09-16 19:48,9.01
2025-09-16 19:54,8.899
2025-09-16 20:00,8.779
2025-09-16 20:06,8.652
2025-09-16 20:12,8.516
2025-09-16 20:18,8.374
2025-09-16 20:24,8.225
2025-09-16 20:30,8.07
2025-09-16 20:36,7.908
2025-09-16 20:42,7.741
2025-09-16 20:48,7.569
2025-09-16 20:54,7.393
2025-09-16 21:00,7.212
2025-09-16 21:06,7.027
2025-09-16 21:12,6.839
2025-09-16 21:18,6.647
2025-09-16 21:24,6.453
2025-09-16 21:30,6.256
2025-09-16 21:36,6.058
2025-09-16 21:42,5.857
2025-09-16 21:48,5.655
2025-09-16 21:54,5.452
2025-09-16 22:00,5.247
2025-09-16 22:06,5.042
2025-09-16 22:12,4.836
2025-09-16 22:18,4.63
2025-09-16 22:24,4.424
2025-09-16 22:30,4.217
2025-09-16 22:36,4.011
2025-09-16 22:42,3.806
2025-09-16 22:48,3.601
2025-09-16 22:54,3.398
2025-09-16 23:00,3.196
2025-09-16 23:06,2.996
2025-09-16 23:12,2.799
2025-09-16 23:18,2.604
2025-09-16 23:24,2.413
2025-09-16 23:30,2.226
2025-09-16 23:36,2.043
2025-09-16 23:42,1.866
2025-09-16 23:48,1.695
2025-09-16 23:54,1.53
2025-09-17 00:00,1.373
2025-09-17 00:06,1.224
2025-09-17 00:12,1.084
2025-09-17 00:18,0.953
2025-09-17 00:24,0.833
2025-09-17 00:30,0.723
2025-09-17 00:36,0.624
2025-09-17 00:42,0.537
2025-09-17 00:48,0.462
2025-09-17 00:54,0.4
2025-09-17 01:00,0.35
2025-09-17 01:06,0.312
2025-09-17 01:12,0.287
2025-09-17 01:18,0.275
2025-09-17 01:24,0.275
2025-09-17 01:30,0.287
2025-09-17 01:36,0.31
2025-09-17 01:42,0.345
2025-09-17 01:48,0.391
2025-09-17 01:54,0.447
2025-09-17 02:00,0.513
2025-09-17 02:06,0.588
2025-09-17 02:12,0.672
2025-09-17 02:18,0.764
2025-09-17 02:24,0.863
2025-09-17 02:30,0.97
2025-09-17 02:36,1.083
2025-09-17 02:42,1.202
2025-09-17 02:48,1.327
2025-09-17 02:54,1.457
2025-09-17 03:00,1.593
2025-09-17 03:06,1.734
2025-09-17 03:12,1.879
2025-09-17 03:18,2.03
2025-09-17 03:24,2.185
2025-09-17 03:30,2.344
2025-09-17 03:36,2.508
2025-09-17 03:42,2.676
2025-09-17 03:48,2.848
2025-09-17 03:54,3.025
2025-09-17 04:00,3.206
2025-09-17 04:06,3.39
2025-09-17 04:12,3.579
2025-09-17 04:18,3.77
2025-09-17 04:24,3.965
2025-09-17 04:30,4.162
2025-09-17 04:36,4.362
2025-09-17 04:42,4.563
2025-09-17 04:48,4.765
2025-09-17 04:54,4.968
2025-09-17 05:00,5.17
2025-09-17 05:06,5.372
2025-09-17 05:12,5.571
2025-09-17 05:18,5.768
2025-09-17 05:24,5.961
2025-09-17 05:30,6.151
2025-09-17 05:36,6.335
2025-09-17 05:42,6.513
2025-09-17 05:48,6.685
2025-09-17 05:54,6.849
2025-09-17 06:00,7.006
2025-09-17 06:06,7.154
2025-09-17 06:12,7.293
2025-09-17 06:18,7.423
2025-09-17 06:24,7.542
2025-09-17 06:30,7.652
2025-09-17 06:36,7.751
2025-09-17 06:42,7.839
2025-09-17 06:48,7.916
2025-09-17 06:54,7.982
2025-09-17 07:00,8.038
2025-09-17 07:06,8.082
2025-09-17 07:12,8.116
2025-09-17 07:18,8.139
2025-09-17 07:24,8.151
2025-09-17 07:30,8.153
2025-09-17 07:36,8.144
2025-09-17 07:42,8.126
2025-09-17 07:48,8.097
2025-09-17 07:54,8.06
2025-09-17 08:00,8.013
2025-09-17 08:06,7.957
2025-09-17 08:12,7.893
2025-09-17 08:18,7.82
2025-09-17 08:24,7.739
2025-09-17 08:30,7.651
2025-09-17 08:36,7.556
2025-09-17 08:42,7.453
2025-09-17 08:48,7.344
2025-09-17 08:54,7.229
2025-09-17 09:00,7.108
2025-09-17 09:06,6.982
2025-09-17 09:12,6.85
2025-09-17 09:18,6.714
2025-09-17 09:24,6.574
2025-09-17 09:30,6.429
2025-09-17 09:36,6.281
2025-09-17 09:42,6.13
2025-09-17 09:48,5.975
2025-09-17 09:54,5.818
2025-09-17 10:00,5.659
2025-09-17 10:06,5.497
2025-09-17 10:12,5.334
2025-09-17 10:18,5.169
2025-09-17 10:24,5.002
2025-09-17 10:30,4.834
2025-09-17 10:36,4.665
2025-09-17 10:42,4.495
2025-09-17 10:48,4.325
2025-09-17 10:54,4.154
2025-09-17 11:00,3.983
2025-09-17 11:06,3.811
2025-09-17 11:12,3.64
2025-09-17 11:18,3.47
2025-09-17 11:24,3.301
2025-09-17 11:30,3.132
2025-09-17 11:36,2.966
2025-09-17 11:42,2.802
2025-09-17 11:48,2.641
2025-09-17 11:54,2.483
2025-09-17 12:00,2.329
2025-09-17 12:06,2.179
2025-09-17 12:12,2.035
2025-09-17 12:18,1.897
2025-09-17 12:24,1.766
2025-09-17 12:30,1.642
2025-09-17 12:36,1.527
2025-09-17 12:42,1.42
2025-09-17 12:48,1.323
2025-09-17 12:54,1.236
2025-09-17 13:00,1.16
2025-09-17 13:06,1.095
2025-09-17 13:12,1.041
2025-09-17 13:18,0.999
2025-09-17 13:24,0.969
2025-09-17 13:30,0.952
2025-09-17 13:36,0.946
2025-09-17 13:42,0.953
2025-09-17 13:48,0.972
2025-09-17 13:54,1.002
2025-09-17 14:00,1.044
2025-09-17 14:06,1.096
2025-09-17 14:12,1.159
2025-09-17 14:18,1.233
2025-09-17 14:24,1.315
2025-09-17 14:30,1.407
2025-09-17 14:36,1.507
2025-09-17 14:42,1.615
2025-09-17 14:48,1.73
2025-09-17 14:54,1.852
2025-09-17 15:00,1.98
2025-09-17 15:06,2.115
2025-09-17 15:12,2.254
2025-09-17 15:18,2.399
2025-09-17 15:24,2.55
2025-09-17 15:30,2.704
2025-09-17 15:36,2.864
2025-09-17 15:42,3.028
2025-09-17 15:48,3.196
2025-09-17 15:54,3.368
2025-09-17 16:00,3.545
2025-09-17 16:06,3.726
2025-09-17 16:12,3.911
2025-09-17 16:18,4.1
2025-09-17 16:24,4.292
2025-09-17 16:30,4.489
2025-09-17 16:36,4.689
2025-09-17 16:42,4.892
2025-09-17 16:48,5.098
2025-09-17 16:54,5.307
2025-09-17 17:00,5.517
2025-09-17 17:06,5.73
2025-09-17 17:12,5.943
2025-09-17 17:18,6.156
2025-09-17 17:24,6.369
2025-09-17 17:30,6.58
2025-09-17 17:36,6.79
2025-09-17 17:42,6.996
2025-09-17 17:48,7.199
2025-09-17 17:54,7.398
2025-09-17 18:00,7.591
2025-09-17 18:06,7.778
2025-09-17 18:12,7.958
2025-09-17 18:18,8.13
2025-09-17 18:24,8.294
2025-09-17 18:30,8.449
2025-09-17 18:36,8.595
2025-09-17 18:42,8.73
2025-09-17 18:48,8.855
2025-09-17 18:54,8.969
2025-09-17 19:00,9.072
2025-09-17 19:06,9.163
2025-09-17 19:12,9.243
2025-09-17 19:18,9.311
2025-09-17 19:24,9.367
2025-09-17 19:30,9.412
2025-09-17 19:36,9.445
2025-09-17 19:42,9.466
2025-09-17 19:48,9.476
2025-09-17 19:54,9.474
2025-09-17 20:00,9.461
2025-09-17 20:06,9.438
2025-09-17 20:12,9.404
2025-09-17 20:18,9.359
2025-09-17 20:24,9.304
2025-09-17 20:30,9.239
2025-09-17 20:36,9.165
2025-09-17 20:42,9.082
2025-09-17 20:48,8.989
2025-09-17 20:54,8.888
2025-09-17 21:00,8.778
2025-09-17 21:06,8.661
2025-09-17 21:12,8.536
2025-09-17 21:18,8.404
2025-09-17 21:24,8.265
2025-09-17 21:30,8.119
2025-09-17 21:36,7.967
2025-09-17 21:42,7.81
2025-09-17 21:48,7.647
2025-09-17 21:54,7.479
2025-09-17 22:00,7.306
2025-09-17 22:06,7.129
2025-09-17 22:12,6.948
2025-09-17 22:18,6.763
2025-09-17 22:24,6.574
2025-09-17 22:30,6.383
2025-09-17 22:36,6.188
2025-09-17 22:42,5.991
2025-09-17 22:48,5.792
2025-09-17 22:54,5.59
2025-09-17 23:00,5.386
2025-09-17 23:06,5.181
2025-09-17 23:12,4.974
2025-09-17 23:18,4.765
2025-09-17 23:24,4.556
2025-09-17 23:30,4.345
2025-09-17 23:36,4.135
2025-09-17 23:42,3.924
2025-09-17 23:48,3.713
2025-09-17 23:54,3.504
2025-09-18 00:00,3.295
2025-09-18 00:06,3.088
2025-09-18 00:12,2.883
2025-09-18 00:18,2.682
2025-09-18 00:24,2.483
2025-09-18 00:30,2.289
2025-09-18 00:36,2.1
2025-09-18 00:42,1.917
2025-09-18 00:48,1.74
2025-09-18 00:54,1.571
2025-09-18 01:00,1.41
2025-09-18 01:06,1.257
2025-09-18 01:12,1.114
2025-09-18 01:18,0.981
2025-09-18 01:24,0.858
2025-09-18 01:30,0.747
2025-09-18 01:36,0.648
2025-09-18 01:42,0.561
2025-09-18 01:48,0.486
2025-09-18 01:54,0.423
2025-09-18 02:00,0.373
2025-09-18 02:06,0.336
2025-09-18 02:12,0.311
2025-09-18 02:18,0.298
2025-09-18 02:24,0.298
2025-09-18 02:30,0.308
2025-09-18 02:36,0.331
2025-09-18 02:42,0.364
2025-09-18 02:48,0.407
2025-09-18 02:54,0.46
2025-09-18 03:00,0.523
2025-09-18 03:06,0.594
2025-09-18 03:12,0.674
2025-09-18 03:18,0.761
2025-09-18 03:24,0.856
2025-09-18 03:30,0.958
2025-09-18 03:36,1.066
2025-09-18 03:42,1.181
2025-09-18 03:48,1.302
2025-09-18 03:54,1.429
2025-09-18 04:00,1.562
2025-09-18 04:06,1.701
2025-09-18 04:12,1.845
2025-09-18 04:18,1.995
2025-09-18 04:24,2.15
2025-09-18 04:30,2.31
2025-09-18 04:36,2.476
2025-09-18 04:42,2.648
2025-09-18 04:48,2.825
2025-09-18 04:54,3.007
2025-09-18 05:00,3.193
2025-09-18 05:06,3.385
2025-09-18 05:12,3.58
2025-09-18 05:18,3.78
2025-09-18 05:24,3.983
2025-09-18 05:30,4.189
2025-09-18 05:36,4.398
2025-09-18 05:42,4.608
2025-09-18 05:48,4.819
2025-09-18 05:54,5.03
2025-09-18 06:00,5.241
2025-09-18 06:06,5.451
2025-09-18 06:12,5.658
2025-09-18 06:18,5.861
2025-09-18 06:24,6.061
2025-09-18 06:30,6.256
2025-09-18 06:36,6.446
2025-09-18 06:42,6.629
2025-09-18 06:48,6.805
2025-09-18 06:54,6.973
2025-09-18 07:00,7.132
2025-09-18 07:06,7.283
2025-09-18 07:12,7.424
2025-09-18 07:18,7.556
2025-09-18 07:24,7.677
2025-09-18 07:30,7.788
2025-09-18 07:36,7.888
2025-09-18 07:42,7.977
2025-09-18 07:48,8.056
2025-09-18 07:54,8.123
2025-09-18 08:00,8.179
2025-09-18 08:06,8.225
2025-09-18 08:12,8.26
2025-09-18 08:18,8.284
2025-09-18 08:24,8.298
2025-09-18 08:30,8.302
2025-09-18 08:36,8.295
2025-09-18 08:42,8.279
2025-09-18 08:48,8.252
2025-09-18 08:54,8.217
2025-09-18 09:00,8.172
2025-09-18 09:06,8.119
2025-09-18 09:12,8.056
2025-09-18 09:18,7.986
2025-09-18 09:24,7.908
2025-09-18 09:30,7.821
2025-09-18 09:36,7.728
2025-09-18 09:42,7.627
2025-09-18 09:48,7.519
2025-09-18 09:54,7.405
2025-09-18 10:00,7.285
2025-09-18 10:06,7.16
2025-09-18 10:12,7.028
2025-09-18 10:18,6.892
2025-09-18 10:24,6.751
2025-09-18 10:30,6.605
2025-09-18 10:36,6.455
2025-09-18 10:42,6.301
2025-09-18 10:48,6.144
2025-09-18 10:54,5.983
2025-09-18 11:00,5.819
2025-09-18 11:06,5.652
2025-09-18 11:12,5.482
2025-09-18 11:18,5.31
2025-09-18 11:24,5.136
2025-09-18 11:30,4.96
2025-09-18 11:36,4.782
2025-09-18 11:42,4.602
2025-09-18 11:48,4.421
2025-09-18 11:54,4.239
2025-09-18 12:00,4.056
2025-09-18 12:06,3.873
2025-09-18 12:12,3.689
2025-09-18 12:18,3.506
2025-09-18 12:24,3.324
2025-09-18 12:30,3.144
2025-09-18 12:36,2.965
2025-09-18 12:42,2.788
2025-09-18 12:48,2.615
2025-09-18 12:54,2.446
2025-09-18 13:00,2.281
2025-09-18 13:06,2.122
2025-09-18 13:12,1.969
2025-09-18 13:18,1.822
2025-09-18 13:24,1.684
2025-09-18 13:30,1.553
2025-09-18 13:36,1.432
2025-09-18 13:42,1.32
2025-09-18 13:48,1.219
2025-09-18 13:54,1.128
2025-09-18 14:00,1.049
2025-09-18 14:06,0.982
2025-09-18 14:12,0.926
2025-09-18 14:18,0.883
2025-09-18 14:24,0.851
2025-09-18 14:30,0.833
2025-09-18 14:36,0.826
2025-09-18 14:42,0.831
2025-09-18 14:48,0.848
2025-09-18 14:54,0.877
2025-09-18 15:00,0.916
2025-09-18 15:06,0.966
2025-09-18 15:12,1.027
2025-09-18 15:18,1.096
2025-09-18 15:24,1.175
2025-09-18 15:30,1.263
2025-09-18 15:36,1.359
2025-09-18 15:42,1.462
2025-09-18 15:48,1.573
2025-09-18 15:54,1.69
2025-09-18 16:00,1.814
2025-09-18 16:06,1.945
2025-09-18 16:12,2.081
2025-09-18 16:18,2.223
2025-09-18 16:24,2.37
2025-09-18 16:30,2.523
2025-09-18 16:36,2.682
2025-09-18 16:42,2.845
2025-09-18 16:48,3.014
2025-09-18 16:54,3.189
2025-09-18 17:00,3.368
2025-09-18 17:06,3.553
2025-09-18 17:12,3.742
2025-09-18 17:18,3.937
2025-09-18 17:24,4.136
2025-09-18 17:30,4.339
2025-09-18 17:36,4.547
2025-09-18 17:42,4.758
2025-09-18 17:48,4.972
2025-09-18 17:54,5.189
2025-09-18 18:00,5.408
2025-09-18 18:06,5.629
2025-09-18 18:12,5.85
2025-09-18 18:18,6.071
2025-09-18 18:24,6.291
2025-09-18 18:30,6.509
2025-09-18 18:36,6.724
2025-09-18 18:42,6.936
2025-09-18 18:48,7.144
2025-09-18 18:54,7.346
2025-09-18 19:00,7.543
2025-09-18 19:06,7.732
2025-09-18 19:12,7.914
2025-09-18 19:18,8.087
2025-09-18 19:24,8.252
2025-09-18 19:30,8.406
2025-09-18 19:36,8.551
2025-09-18 19:42,8.686
2025-09-18 19:48,8.809
2025-09-18 19:54,8.922
2025-09-18 20:00,9.023
2025-09-18 20:06,9.113
2025-09-18 20:12,9.191
2025-09-18 20:18,9.257
2025-09-18 20:24,9.312
2025-09-18 20:30,9.355
2025-09-18 20:36,9.387
2025-09-18 20:42,9.408
2025-09-18 20:48,9.417
2025-09-18 20:54,9.415
2025-09-18 21:00,9.402
2025-09-18 21:06,9.378
2025-09-18 21:12,9.344
2025-09-18 21:18,9.3
2025-09-18 21:24,9.245
2025-09-18 21:30,9.181
2025-09-18 21:36,9.108
2025-09-18 21:42,9.025
2025-09-18 21:48,8.933
2025-09-18 21:54,8.833
2025-09-18 22:00,8.725
2025-09-18 22:06,8.608
2025-09-18 22:12,8.484
2025-09-18 22:18,8.352
2025-09-18 22:24,8.214
2025-09-18 22:30,8.069
2025-09-18 22:36,7.917
2025-09-18 22:42,7.759
2025-09-18 22:48,7.596
2025-09-18 22:54,7.428
2025-09-18 23:00,7.254
2025-09-18 23:06,7.076
2025-09-18 23:12,6.893
2025-09-18 23:18,6.706
2025-09-18 23:24,6.515
2025-09-18 23:30,6.321
2025-09-18 23:36,6.124
2025-09-18 23:42,5.923
2025-09-18 23:48,5.719
2025-09-18 23:54,5.513
2025-09-19 00:00,5.305
2025-09-19 00:06,5.094
2025-09-19 00:12,4.882
2025-09-19 00:18,4.668
2025-09-19 00:24,4.453
2025-09-19 00:30,4.238
2025-09-19 00:36,4.022
2025-09-19 00:42,3.805
2025-09-19 00:48,3.59
2025-09-19 00:54,3.375
2025-09-19 01:00,3.163
2025-09-19 01:06,2.952
2025-09-19 01:12,2.744
2025-09-19 01:18,2.54
2025-09-19 01:24,2.341
2025-09-19 01:30,2.147
2025-09-19 01:36,1.958
2025-09-19 01:42,1.777
2025-09-19 01:48,1.603
2025-09-19 01:54,1.437
2025-09-19 02:00,1.28
2025-09-19 02:06,1.133
2025-09-19 02:12,0.996
2025-09-19 02:18,0.871
2025-09-19 02:24,0.757
2025-09-19 02:30,0.654
2025-09-19 02:36,0.564
2025-09-19 02:42,0.486
2025-09-19 02:48,0.421
2025-09-19 02:54,0.369
2025-09-19 03:00,0.329
2025-09-19 03:06,0.302
2025-09-19 03:12,0.287
2025-09-19 03:18,0.284
2025-09-19 03:24,0.292
2025-09-19 03:30,0.312
2025-09-19 03:36,0.343
2025-09-19 03:42,0.384
2025-09-19 03:48,0.435
2025-09-19 03:54,0.495
2025-09-19 04:00,0.565
2025-09-19 04:06,0.643
2025-09-19 04:12,0.729
2025-09-19 04:18,0.822
2025-09-19 04:24,0.924
2025-09-19 04:30,1.032
2025-09-19 04:36,1.147
2025-09-19 04:42,1.269
2025-09-19 04:48,1.397
2025-09-19 04:54,1.532
2025-09-19 05:00,1.673
2025-09-19 05:06,1.82
2025-09-19 05:12,1.974
2025-09-19 05:18,2.133
2025-09-19 05:24,2.299
2025-09-19 05:30,2.471
2025-09-19 05:36,2.649
2025-09-19 05:42,2.832
2025-09-19 05:48,3.022
2025-09-19 05:54,3.216
2025-09-19 06:00,3.416
2025-09-19 06:06,3.62
2025-09-19 06:12,3.828
2025-09-19 06:18,4.04
2025-09-19 06:24,4.255
2025-09-19 06:30,4.472
2025-09-19 06:36,4.691
2025-09-19 06:42,4.91
2025-09-19 06:48,5.13
2025-09-19 06:54,5.349
2025-09-19 07:00,5.566
2025-09-19 07:06,5.78
2025-09-19 07:12,5.991
2025-09-19 07:18,6.198
2025-09-19 07:24,6.399
2025-09-19 07:30,6.595
2025-09-19 07:36,6.784
2025-09-19 07:42,6.965
2025-09-19 07:48,7.138
2025-09-19 07:54,7.302
2025-09-19 08:00,7.458
2025-09-19 08:06,7.603
2025-09-19 08:12,7.738
2025-09-19 08:18,7.863
2025-09-19 08:24,7.978
2025-09-19 08:30,8.081
2025-09-19 08:36,8.174
2025-09-19 08:42,8.255
2025-09-19 08:48,8.326
2025-09-19 08:54,8.385
2025-09-19 09:00,8.434
2025-09-19 09:06,8.471
2025-09-19 09:12,8.498
2025-09-19 09:18,8.514
2025-09-19 09:24,8.519
2025-09-19 09:30,8.515
2025-09-19 09:36,8.5
2025-09-19 09:42,8.475
2025-09-19 09:48,8.441
2025-09-19 09:54,8.397
2025-09-19 10:00,8.343
2025-09-19 10:06,8.281
2025-09-19 10:12,8.21
2025-09-19 10:18,8.131
2025-09-19 10:24,8.043
2025-09-19 10:30,7.948
2025-09-19 10:36,7.845
2025-09-19 10:42,7.735
2025-09-19 10:48,7.618
2025-09-19 10:54,7.494
2025-09-19 11:00,7.364
2025-09-19 11:06,7.228
2025-09-19 11:12,7.086
2025-09-19 11:18,6.939
2025-09-19 11:24,6.787
2025-09-19 11:30,6.631
2025-09-19 11:36,6.47
2025-09-19 11:42,6.305
2025-09-19 11:48,6.136
2025-09-19 11:54,5.963
2025-09-19 12:00,5.787
2025-09-19 12:06,5.608
2025-09-19 12:12,5.427
2025-09-19 12:18,5.242
2025-09-19 12:24,5.056
2025-09-19 12:30,4.867
2025-09-19 12:36,4.677
2025-09-19 12:42,4.485
2025-09-19 12:48,4.292
2025-09-19 12:54,4.098
2025-09-19 13:00,3.903
2025-09-19 13:06,3.709
2025-09-19 13:12,3.515
2025-09-19 13:18,3.322
2025-09-19 13:24,3.131
2025-09-19 13:30,2.941
2025-09-19 13:36,2.755
2025-09-19 13:42,2.572
2025-09-19 13:48,2.393
2025-09-19 13:54,2.219
2025-09-19 14:00,2.051
2025-09-19 14:06,1.889
2025-09-19 14:12,1.735
2025-09-19 14:18,1.588
2025-09-19 14:24,1.451
2025-09-19 14:30,1.322
2025-09-19 14:36,1.204
2025-09-19 14:42,1.097
2025-09-19 14:48,1.001
2025-09-19 14:54,0.916
2025-09-19 15:00,0.844
2025-09-19 15:06,0.784
2025-09-19 15:12,0.736
2025-09-19 15:18,0.7
2025-09-19 15:24,0.677
2025-09-19 15:30,0.667
2025-09-19 15:36,0.668
2025-09-19 15:42,0.682
2025-09-19 15:48,0.707
2025-09-19 15:54,0.743
2025-09-19 16:00,0.79
2025-09-19 16:06,0.847
2025-09-19 16:12,0.914
2025-09-19 16:18,0.99
2025-09-19 16:24,1.075
2025-09-19 16:30,1.169
2025-09-19 16:36,1.27
2025-09-19 16:42,1.38
2025-09-19 16:48,1.496
2025-09-19 16:54,1.619
2025-09-19 17:00,1.749
2025-09-19 17:06,1.886
2025-09-19 17:12,2.028
2025-09-19 17:18,2.177
2025-09-19 17:24,2.332
2025-09-19 17:30,2.493
2025-09-19 17:36,2.66
2025-09-19 17:42,2.832
2025-09-19 17:48,3.01
2025-09-19 17:54,3.194
2025-09-19 18:00,3.384
2025-09-19 18:06,3.578
2025-09-19 18:12,3.778
2025-09-19 18:18,3.983
2025-09-19 18:24,4.192
2025-09-19 18:30,4.406
2025-09-19 18:36,4.623
2025-09-19 18:42,4.843
2025-09-19 18:48,5.066
2025-09-19 18:54,5.291
2025-09-19 19:00,5.517
2025-09-19 19:06,5.744
2025-09-19 19:12,5.97
2025-09-19 19:18,6.194
2025-09-19 19:24,6.417
2025-09-19 19:30,6.637
2025-09-19 19:36,6.852
2025-09-19 19:42,7.063
2025-09-19 19:48,7.268
2025-09-19 19:54,7.467
2025-09-19 20:00,7.659
2025-09-19 20:06,7.842
2025-09-19 20:12,8.017
2025-09-19 20:18,8.183
2025-09-19 20:24,8.339
2025-09-19 20:30,8.485
2025-09-19 20:36,8.62
2025-09-19 20:42,8.745
2025-09-19 20:48,8.858
2025-09-19 20:54,8.959
2025-09-19 21:00,9.049
2025-09-19 21:06,9.128
2025-09-19 21:12,9.195
2025-09-19 21:18,9.25
2025-09-19 21:24,9.293
2025-09-19 21:30,9.325
2025-09-19 21:36,9.346
2025-09-19 21:42,9.355
2025-09-19 21:48,9.353
2025-09-19 21:54,9.34
2025-09-19 22:00,9.317
2025-09-19 22:06,9.282
2025-09-19 22:12,9.238
2025-09-19 22:18,9.183
2025-09-19 22:24,9.118
2025-09-19 22:30,9.044
2025-09-19 22:36,8.96
2025-09-19 22:42,8.867
2025-09-19 22:48,8.766
2025-09-19 22:54,8.656
2025-09-19 23:00,8.538
2025-09-19 23:06,8.411
2025-09-19 23:12,8.278
2025-09-19 23:18,8.137
2025-09-19 23:24,7.99
2025-09-19 23:30,7.835
2025-09-19 23:36,7.675
2025-09-19 23:42,7.509
2025-09-19 23:48,7.338
2025-09-19 23:54,7.162
2025-09-20 00:00,6.98
2025-09-20 00:06,6.795
2025-09-20 00:12,6.605
2025-09-20 00:18,6.412
2025-09-20 00:24,6.215
2025-09-20 00:30,6.014
2025-09-20 00:36,5.811
2025-09-20 00:42,5.605
2025-09-20 00:48,5.396
2025-09-20 00:54,5.186
2025-09-20 01:00,4.973
2025-09-20 01:06,4.759
2025-09-20 01:12,4.543
2025-09-20 01:18,4.327
2025-09-20 01:24,4.11
2025-09-20 01:30,3.893
2025-09-20 01:36,3.677
2025-09-20 01:42,3.461
2025-09-20 01:48,3.247
2025-09-20 01:54,3.035
2025-09-20 02:00,2.825
2025-09-20 02:06,2.62
2025-09-20 02:12,2.418
2025-09-20 02:18,2.221
2025-09-20 02:24,2.03
2025-09-20 02:30,1.846
2025-09-20 02:36,1.668
2025-09-20 02:42,1.499
2025-09-20 02:48,1.339
2025-09-20 02:54,1.188
2025-09-20 03:00,1.047
2025-09-20 03:06,0.917
2025-09-20 03:12,0.799
2025-09-20 03:18,0.692
2025-09-20 03:24,0.598
2025-09-20 03:30,0.516
2025-09-20 03:36,0.447
2025-09-20 03:42,0.391
2025-09-20 03:48,0.347
2025-09-20 03:54,0.317
2025-09-20 04:00,0.298
2025-09-20 04:06,0.293
2025-09-20 04:12,0.299
2025-09-20 04:18,0.317
2025-09-20 04:24,0.347
2025-09-20 04:30,0.387
2025-09-20 04:36,0.438
2025-09-20 04:42,0.498
2025-09-20 04:48,0.568
2025-09-20 04:54,0.647
2025-09-20 05:00,0.735
2025-09-20 05:06,0.831
2025-09-20 05:12,0.934
2025-09-20 05:18,1.045
2025-09-20 05:24,1.163
2025-09-20 05:30,1.289
2025-09-20 05:36,1.421
2025-09-20 05:42,1.559
2025-09-20 05:48,1.704
2025-09-20 05:54,1.856
2025-09-20 06:00,2.013
2025-09-20 06:06,2.177
2025-09-20 06:12,2.348
2025-09-20 06:18,2.524
2025-09-20 06:24,2.706
2025-09-20 06:30,2.894
2025-09-20 06:36,3.087
2025-09-20 06:42,3.286
2025-09-20 06:48,3.49
2025-09-20 06:54,3.698
2025-09-20 07:00,3.911
2025-09-20 07:06,4.127
2025-09-20 07:12,4.346
2025-09-20 07:18,4.567
2025-09-20 07:24,4.791
2025-09-20 07:30,5.015
2025-09-20 07:36,5.239
2025-09-20 07:42,5.462
2025-09-20 07:48,5.684
2025-09-20 07:54,5.903
2025-09-20 08:00,6.119
2025-09-20 08:06,6.331
2025-09-20 08:12,6.538
2025-09-20 08:18,6.738
2025-09-20 08:24,6.932
2025-09-20 08:30,7.119
2025-09-20 08:36,7.297
2025-09-20 08:42,7.467
2025-09-20 08:48,7.627
2025-09-20 08:54,7.777
2025-09-20 09:00,7.918
2025-09-20 09:06,8.048
2025-09-20 09:12,8.167
2025-09-20 09:18,8.274
2025-09-20 09:24,8.371
2025-09-20 09:30,8.456
2025-09-20 09:36,8.53
2025-09-20 09:42,8.593
2025-09-20 09:48,8.644
2025-09-20 09:54,8.684
2025-09-20 10:00,8.713
2025-09-20 10:06,8.73
2025-09-20 10:12,8.737
2025-09-20 10:18,8.733
2025-09-20 10:24,8.718
2025-09-20 10:30,8.693
2025-09-20 10:36,8.658
2025-09-20 10:42,8.612
2025-09-20 10:48,8.557
2025-09-20 10:54,8.493
2025-09-20 11:00,8.419
2025-09-20 11:06,8.336
2025-09-20 11:12,8.245
2025-09-20 11:18,8.145
2025-09-20 11:24,8.037
2025-09-20 11:30,7.922
2025-09-20 11:36,7.799
2025-09-20 11:42,7.669
2025-09-20 11:48,7.533
2025-09-20 11:54,7.391
2025-09-20 12:00,7.242
2025-09-20 12:06,7.088
2025-09-20 12:12,6.929
2025-09-20 12:18,6.765
2025-09-20 12:24,6.596
2025-09-20 12:30,6.423
2025-09-20 12:36,6.247
2025-09-20 12:42,6.067
2025-09-20 12:48,5.883
2025-09-20 12:54,5.697
2025-09-20 13:00,5.508
2025-09-20 13:06,5.316
2025-09-20 13:12,5.122
2025-09-20 13:18,4.926
2025-09-20 13:24,4.729
2025-09-20 13:30,4.53
2025-09-20 13:36,4.33
2025-09-20 13:42,4.129
2025-09-20 13:48,3.928
2025-09-20 13:54,3.727
2025-09-20 14:00,3.526
2025-09-20 14:06,3.327
2025-09-20 14:12,3.128
2025-09-20 14:18,2.932
2025-09-20 14:24,2.739
2025-09-20 14:30,2.55
2025-09-20 14:36,2.364
2025-09-20 14:42,2.183
2025-09-20 14:48,2.008
2025-09-20 14:54,1.839
2025-09-20 15:00,1.678
2025-09-20 15:06,1.524
2025-09-20 15:12,1.379
2025-09-20 15:18,1.244
2025-09-20 15:24,1.119
2025-09-20 15:30,1.004
2025-09-20 15:36,0.901
2025-09-20 15:42,0.809
2025-09-20 15:48,0.73
2025-09-20 15:54,0.663
2025-09-20 16:00,0.609
2025-09-20 16:06,0.567
2025-09-20 16:12,0.538
2025-09-20 16:18,0.522
2025-09-20 16:24,0.519
2025-09-20 16:30,0.528
2025-09-20 16:36,0.549
2025-09-20 16:42,0.582
2025-09-20 16:48,0.626
2025-09-20 16:54,0.681
2025-09-20 17:00,0.746
2025-09-20 17:06,0.821
2025-09-20 17:12,0.906
2025-09-20 17:18,0.999
2025-09-20 17:24,1.101
2025-09-20 17:30,1.21
2025-09-20 17:36,1.328
2025-09-20 17:42,1.452
2025-09-20 17:48,1.583
2025-09-20 17:54,1.721
2025-09-20 18:00,1.866
2025-09-20 18:06,2.016
2025-09-20 18:12,2.173
2025-09-20 18:18,2.335
2025-09-20 18:24,2.504
2025-09-20 18:30,2.678
2025-09-20 18:36,2.858
2025-09-20 18:42,3.043
2025-09-20 18:48,3.234
2025-09-20 18:54,3.43
2025-09-20 19:00,3.631
2025-09-20 19:06,3.836
2025-09-20 19:12,4.046
2025-09-20 19:18,4.261
2025-09-20 19:24,4.479
2025-09-20 19:30,4.7
2025-09-20 19:36,4.923
2025-09-20 19:42,5.149
2025-09-20 19:48,5.376
2025-09-20 19:54,5.603
2025-09-20 20:00,5.83
2025-09-20 20:06,6.055
2025-09-20 20:12,6.279
2025-09-20 20:18,6.5
2025-09-20 20:24,6.717
2025-09-20 20:30,6.929
2025-09-20 20:36,7.136
2025-09-20 20:42,7.337
2025-09-20 20:48,7.531
2025-09-20 20:54,7.716
2025-09-20 21:00,7.893
2025-09-20 21:06,8.061
2025-09-20 21:12,8.22
2025-09-20 21:18,8.368
2025-09-20 21:24,8.505
2025-09-20 21:30,8.632
2025-09-20 21:36,8.747
2025-09-20 21:42,8.85
2025-09-20 21:48,8.942
2025-09-20 21:54,9.022
2025-09-20 22:00,9.091
2025-09-20 22:06,9.147
2025-09-20 22:12,9.191
2025-09-20 22:18,9.224
2025-09-20 22:24,9.245
2025-09-20 22:30,9.255
2025-09-20 22:36,9.253
2025-09-20 22:42,9.239
2025-09-20 22:48,9.215
2025-09-20 22:54,9.18
2025-09-20 23:00,9.134
2025-09-20 23:06,9.078
2025-09-20 23:12,9.012
2025-09-20 23:18,8.936
2025-09-20 23:24,8.851
2025-09-20 23:30,8.756
2025-09-20 23:36,8.652
2025-09-20 23:42,8.54
2025-09-20 23:48,8.42
2025-09-20 23:54,8.292
2025-09-21 00:00,8.156
2025-09-21 00:06,8.013
2025-09-21 00:12,7.864
2025-09-21 00:18,7.708
2025-09-21 00:24,7.546
2025-09-21 00:30,7.379
2025-09-21 00:36,7.206
2025-09-21 00:42,7.029
2025-09-21 00:48,6.847
2025-09-21 00:54,6.661
2025-09-21 01:00,6.472
2025-09-21 01:06,6.279
2025-09-21 01:12,6.082
2025-09-21 01:18,5.883
2025-09-21 01:24,5.681
2025-09-21 01:30,5.477
2025-09-21 01:36,5.271
2025-09-21 01:42,5.063
2025-09-21 01:48,4.854
2025-09-21 01:54,4.643
2025-09-21 02:00,4.432
2025-09-21 02:06,4.22
2025-09-21 02:12,4.008
2025-09-21 02:18,3.796
2025-09-21 02:24,3.584
2025-09-21 02:30,3.374
2025-09-21 02:36,3.165
2025-09-21 02:42,2.959
2025-09-21 02:48,2.755
2025-09-21 02:54,2.555
2025-09-21 03:00,2.36
2025-09-21 03:06,2.169
2025-09-21 03:12,1.984
2025-09-21 03:18,1.805
2025-09-21 03:24,1.634
2025-09-21 03:30,1.471
2025-09-21 03:36,1.317
2025-09-21 03:42,1.172
2025-09-21 03:48,1.038
2025-09-21 03:54,0.915
2025-09-21 04:00,0.803
2025-09-21 04:06,0.703
2025-09-21 04:12,0.615
2025-09-21 04:18,0.541
2025-09-21 04:24,0.479
2025-09-21 04:30,0.43
2025-09-21 04:36,0.394
2025-09-21 04:42,0.371
2025-09-21 04:48,0.362
2025-09-21 04:54,0.365
2025-09-21 05:00,0.38
2025-09-21 05:06,0.407
2025-09-21 05:12,0.446
2025-09-21 05:18,0.496
2025-09-21 05:24,0.557
2025-09-21 05:30,0.628
2025-09-21 05:36,0.708
2025-09-21 05:42,0.797
2025-09-21 05:48,0.895
2025-09-21 05:54,1.002
2025-09-21 06:00,1.116
2025-09-21 06:06,1.237
2025-09-21 06:12,1.365
2025-09-21 06:18,1.5
2025-09-21 06:24,1.641
2025-09-21 06:30,1.789
2025-09-21 06:36,1.942
2025-09-21 06:42,2.102
2025-09-21 06:48,2.267
2025-09-21 06:54,2.438
2025-09-21 07:00,2.614
2025-09-21 07:06,2.796
2025-09-21 07:12,2.983
2025-09-21 07:18,3.176
2025-09-21 07:24,3.373
2025-09-21 07:30,3.575
2025-09-21 07:36,3.782
2025-09-21 07:42,3.993
2025-09-21 07:48,4.207
2025-09-21 07:54,4.424
2025-09-21 08:00,4.644
2025-09-21 08:06,4.866
2025-09-21 08:12,5.09
2025-09-21 08:18,5.314
2025-09-21 08:24,5.537
2025-09-21 08:30,5.76
2025-09-21 08:36,5.98
2025-09-21 08:42,6.198
2025-09-21 08:48,6.413
2025-09-21 08:54,6.622
2025-09-21 09:00,6.827
2025-09-21 09:06,7.025
2025-09-21 09:12,7.216
2025-09-21 09:18,7.4
2025-09-21 09:24,7.575
2025-09-21 09:30,7.741
2025-09-21 09:36,7.897
2025-09-21 09:42,8.044
2025-09-21 09:48,8.179
2025-09-21 09:54,8.304
2025-09-21 10:00,8.417
2025-09-21 10:06,8.519
2025-09-21 10:12,8.61
2025-09-21 10:18,8.688
2025-09-21 10:24,8.755
2025-09-21 10:30,8.809
2025-09-21 10:36,8.852
2025-09-21 10:42,8.883
2025-09-21 10:48,8.903
2025-09-21 10:54,8.911
2025-09-21 11:00,8.907
2025-09-21 11:06,8.893
2025-09-21 11:12,8.867
2025-09-21 11:18,8.831
2025-09-21 11:24,8.784
2025-09-21 11:30,8.727
2025-09-21 11:36,8.66
2025-09-21 11:42,8.584
2025-09-21 11:48,8.498
2025-09-21 11:54,8.403
2025-09-21 12:00,8.299
2025-09-21 12:06,8.187
2025-09-21 12:12,8.067
2025-09-21 12:18,7.94
2025-09-21 12:24,7.806
2025-09-21 12:30,7.664
2025-09-21 12:36,7.517
2025-09-21 12:42,7.363
2025-09-21 12:48,7.204
2025-09-21 12:54,7.039
2025-09-21 13:00,6.87
2025-09-21 13:06,6.696
2025-09-21 13:12,6.519
2025-09-21 13:18,6.337
2025-09-21 13:24,6.152
2025-09-21 13:30,5.964
2025-09-21 13:36,5.774
2025-09-21 13:42,5.581
2025-09-21 13:48,5.385
2025-09-21 13:54,5.188
2025-09-21 14:00,4.989
2025-09-21 14:06,4.789
2025-09-21 14:12,4.587
2025-09-21 14:18,4.385
2025-09-21 14:24,4.182
2025-09-21 14:30,3.979
2025-09-21 14:36,3.776
2025-09-21 14:42,3.573
2025-09-21 14:48,3.371
2025-09-21 14:54,3.171
2025-09-21 15:00,2.972
2025-09-21 15:06,2.776
2025-09-21 15:12,2.583
2025-09-21 15:18,2.394
2025-09-21 15:24,2.209
2025-09-21 15:30,2.029
2025-09-21 15:36,1.855
2025-09-21 15:42,1.688
2025-09-21 15:48,1.528
2025-09-21 15:54,1.376
2025-09-21 16:00,1.234
2025-09-21 16:06,1.101
2025-09-21 16:12,0.978
2025-09-21 16:18,0.866
2025-09-21 16:24,0.766
2025-09-21 16:30,0.678
2025-09-21 16:36,0.602
2025-09-21 16:42,0.539
2025-09-21 16:48,0.489
2025-09-21 16:54,0.452
2025-09-21 17:00,0.429
2025-09-21 17:06,0.418
2025-09-21 17:12,0.42
2025-09-21 17:18,0.435
2025-09-21 17:24,0.463
2025-09-21 17:30,0.502
2025-09-21 17:36,0.553
2025-09-21 17:42,0.615
2025-09-21 17:48,0.687
2025-09-21 17:54,0.77
2025-09-21 18:00,0.861
2025-09-21 18:06,0.962
2025-09-21 18:12,1.071
2025-09-21 18:18,1.188
2025-09-21 18:24,1.313
2025-09-21 18:30,1.444
2025-09-21 18:36,1.582
2025-09-21 18:42,1.726
2025-09-21 18:48,1.876
2025-09-21 18:54,2.032
2025-09-21 19:00,2.194
2025-09-21 19:06,2.361
2025-09-21 19:12,2.533
2025-09-21 19:18,2.711
2025-09-21 19:24,2.893
2025-09-21 19:30,3.08
2025-09-21 19:36,3.273
2025-09-21 19:42,3.469
2025-09-21 19:48,3.671
2025-09-21 19:54,3.876
2025-09-21 20:00,4.085
2025-09-21 20:06,4.298
2025-09-21 20:12,4.515
2025-09-21 20:18,4.733
2025-09-21 20:24,4.954
2025-09-21 20:30,5.177
2025-09-21 20:36,5.401
2025-09-21 20:42,5.624
2025-09-21 20:48,5.847
2025-09-21 20:54,6.069
2025-09-21 21:00,6.289
2025-09-21 21:06,6.505
2025-09-21 21:12,6.718
2025-09-21 21:18,6.925
2025-09-21 21:24,7.127
2025-09-21 21:30,7.323
2025-09-21 21:36,7.511
2025-09-21 21:42,7.691
2025-09-21 21:48,7.862
2025-09-21 21:54,8.024
2025-09-21 22:00,8.176
2025-09-21 22:06,8.318
2025-09-21 22:12,8.448
2025-09-21 22:18,8.568
2025-09-21 22:24,8.675
2025-09-21 22:30,8.771
2025-09-21 22:36,8.855
2025-09-21 22:42,8.927
2025-09-21 22:48,8.987
2025-09-21 22:54,9.034
2025-09-21 23:00,9.069
2025-09-21 23:06,9.093
2025-09-21 23:12,9.104
2025-09-21 23:18,9.104
2025-09-21 23:24,9.092
2025-09-21 23:30,9.07
2025-09-21 23:36,9.035
2025-09-21 23:42,8.991
2025-09-21 23:48,8.935
2025-09-21 23:54,8.87
2025-09-22 00:00,8.794
2025-09-22 00:06,8.709
2025-09-22 00:12,8.614
2025-09-22 00:18,8.511
2025-09-22 00:24,8.399
2025-09-22 00:30,8.28
2025-09-22 00:36,8.152
2025-09-22 00:42,8.017
2025-09-22 00:48,7.875
2025-09-22 00:54,7.726
2025-09-22 01:00,7.572
2025-09-22 01:06,7.412
2025-09-22 01:12,7.246
2025-09-22 01:18,7.076
2025-09-22 01:24,6.901
2025-09-22 01:30,6.722
2025-09-22 01:36,6.539
2025-09-22 01:42,6.353
2025-09-22 01:48,6.164
2025-09-22 01:54,5.973
2025-09-22 02:00,5.778
2025-09-22 02:06,5.582
2025-09-22 02:12,5.384
2025-09-22 02:18,5.185
2025-09-22 02:24,4.984
2025-09-22 02:30,4.782
2025-09-22 02:36,4.579
2025-09-22 02:42,4.376
2025-09-22 02:48,4.173
2025-09-22 02:54,3.969
2025-09-22 03:00,3.766
2025-09-22 03:06,3.564
2025-09-22 03:12,3.364
2025-09-22 03:18,3.164
2025-09-22 03:24,2.968
2025-09-22 03:30,2.773
2025-09-22 03:36,2.582
2025-09-22 03:42,2.395
2025-09-22 03:48,2.213
2025-09-22 03:54,2.036
2025-09-22 04:00,1.865
2025-09-22 04:06,1.702
2025-09-22 04:12,1.545
2025-09-22 04:18,1.397
2025-09-22 04:24,1.258
2025-09-22 04:30,1.129
2025-09-22 04:36,1.011
2025-09-22 04:42,0.903
2025-09-22 04:48,0.808
2025-09-22 04:54,0.724
2025-09-22 05:00,0.653
2025-09-22 05:06,0.595
2025-09-22 05:12,0.55
2025-09-22 05:18,0.518
2025-09-22 05:24,0.5
2025-09-22 05:30,0.494
2025-09-22 05:36,0.502
2025-09-22 05:42,0.522
2025-09-22 05:48,0.555
2025-09-22 05:54,0.6
2025-09-22 06:00,0.656
2025-09-22 06:06,0.723
2025-09-22 06:12,0.801
2025-09-22 06:18,0.888
2025-09-22 06:24,0.985
2025-09-22 06:30,1.091
2025-09-22 06:36,1.204
2025-09-22 06:42,1.326
2025-09-22 06:48,1.454
2025-09-22 06:54,1.589
2025-09-22 07:00,1.731
2025-09-22 07:06,1.878
2025-09-22 07:12,2.031
2025-09-22 07:18,2.189
2025-09-22 07:24,2.353
2025-09-22 07:30,2.521
2025-09-22 07:36,2.695
2025-09-22 07:42,2.873
2025-09-22 07:48,3.055
2025-09-22 07:54,3.242
2025-09-22 08:00,3.434
2025-09-22 08:06,3.629
2025-09-22 08:12,3.829
2025-09-22 08:18,4.032
2025-09-22 08:24,4.239
2025-09-22 08:30,4.45
2025-09-22 08:36,4.663
2025-09-22 08:42,4.878
2025-09-22 08:48,5.095
2025-09-22 08:54,5.313
2025-09-22 09:00,5.532
2025-09-22 09:06,5.751
2025-09-22 09:12,5.969
2025-09-22 09:18,6.185
2025-09-22 09:24,6.399
2025-09-22 09:30,6.609
2025-09-22 09:36,6.815
2025-09-22 09:42,7.016
2025-09-22 09:48,7.211
2025-09-22 09:54,7.4
2025-09-22 10:00,7.581
2025-09-22 10:06,7.753
2025-09-22 10:12,7.917
2025-09-22 10:18,8.07
2025-09-22 10:24,8.214
2025-09-22 10:30,8.347
2025-09-22 10:36,8.469
2025-09-22 10:42,8.579
2025-09-22 10:48,8.677
2025-09-22 10:54,8.764
2025-09-22 11:00,8.838
2025-09-22 11:06,8.9
2025-09-22 11:12,8.95
2025-09-22 11:18,8.987
2025-09-22 11:24,9.012
2025-09-22 11:30,9.025
2025-09-22 11:36,9.026
2025-09-22 11:42,9.016
2025-09-22 11:48,8.994
2025-09-22 11:54,8.96
2025-09-22 12:00,8.916
2025-09-22 12:06,8.861
2025-09-22 12:12,8.795
2025-09-22 12:18,8.72
2025-09-22 12:24,8.634
2025-09-22 12:30,8.54
2025-09-22 12:36,8.436
2025-09-22 12:42,8.324
2025-09-22 12:48,8.203
2025-09-22 12:54,8.075
2025-09-22 13:00,7.939
2025-09-22 13:06,7.797
2025-09-22 13:12,7.647
2025-09-22 13:18,7.492
2025-09-22 13:24,7.331
2025-09-22 13:30,7.164
2025-09-22 13:36,6.993
2025-09-22 13:42,6.817
2025-09-22 13:48,6.638
2025-09-22 13:54,6.454
2025-09-22 14:00,6.268
2025-09-22 14:06,6.078
2025-09-22 14:12,5.886
2025-09-22 14:18,5.692
2025-09-22 14:24,5.495
2025-09-22 14:30,5.297
2025-09-22 14:36,5.098
2025-09-22 14:42,4.898
2025-09-22 14:48,4.697
2025-09-22 14:54,4.495
2025-09-22 15:00,4.293
2025-09-22 15:06,4.091
2025-09-22 15:12,3.889
2025-09-22 15:18,3.688
2025-09-22 15:24,3.487
2025-09-22 15:30,3.288
2025-09-22 15:36,3.091
2025-09-22 15:42,2.895
2025-09-22 15:48,2.702
2025-09-22 15:54,2.513
2025-09-22 16:00,2.327
2025-09-22 16:06,2.145
2025-09-22 16:12,1.968
2025-09-22 16:18,1.797
2025-09-22 16:24,1.632
2025-09-22 16:30,1.475
2025-09-22 16:36,1.325
2025-09-22 16:42,1.184
2025-09-22 16:48,1.052
2025-09-22 16:54,0.93
2025-09-22 17:00,0.819
2025-09-22 17:06,0.719
2025-09-22 17:12,0.631
2025-09-22 17:18,0.556
2025-09-22 17:24,0.492
2025-09-22 17:30,0.442
2025-09-22 17:36,0.405
2025-09-22 17:42,0.382
2025-09-22 17:48,0.371
2025-09-22 17:54,0.374
2025-09-22 18:00,0.39
2025-09-22 18:06,0.418
2025-09-22 18:12,0.459
2025-09-22 18:18,0.511
2025-09-22 18:24,0.576
2025-09-22 18:30,0.65
2025-09-22 18:36,0.736
2025-09-22 18:42,0.831
2025-09-22 18:48,0.935
2025-09-22 18:54,1.047
2025-09-22 19:00,1.168
2025-09-22 19:06,1.296
2025-09-22 19:12,1.431
2025-09-22 19:18,1.572
2025-09-22 19:24,1.719
2025-09-22 19:30,1.871
2025-09-22 19:36,2.029
2025-09-22 19:42,2.192
2025-09-22 19:48,2.36
2025-09-22 19:54,2.532
2025-09-22 20:00,2.709
2025-09-22 20:06,2.89
2025-09-22 20:12,3.075
2025-09-22 20:18,3.264
2025-09-22 20:24,3.457
2025-09-22 20:30,3.653
2025-09-22 20:36,3.854
2025-09-22 20:42,4.057
2025-09-22 20:48,4.264
2025-09-22 20:54,4.474
2025-09-22 21:00,4.686
2025-09-22 21:06,4.9
2025-09-22 21:12,5.115
2025-09-22 21:18,5.332
2025-09-22 21:24,5.548
2025-09-22 21:30,5.765
2025-09-22 21:36,5.98
2025-09-22 21:42,6.193
2025-09-22 21:48,6.403
2025-09-22 21:54,6.61
2025-09-22 22:00,6.812
2025-09-22 22:06,7.009
2025-09-22 22:12,7.2
2025-09-22 22:18,7.384
2025-09-22 22:24,7.56
2025-09-22 22:30,7.728
2025-09-22 22:36,7.886
2025-09-22 22:42,8.035
2025-09-22 22:48,8.173
2025-09-22 22:54,8.3
2025-09-22 23:00,8.417
2025-09-22 23:06,8.521
2025-09-22 23:12,8.614
2025-09-22 23:18,8.694
2025-09-22 23:24,8.762
2025-09-22 23:30,8.818
2025-09-22 23:36,8.862
2025-09-22 23:42,8.893
2025-09-22 23:48,8.913
2025-09-22 23:54,8.92
2025-09-23 00:00,8.915
2025-09-23 00:06,8.899
2025-09-23 00:12,8.872
2025-09-23 00:18,8.833
2025-09-23 00:24,8.784
2025-09-23 00:30,8.724
2025-09-23 00:36,8.654
2025-09-23 00:42,8.575
2025-09-23 00:48,8.486
2025-09-23 00:54,8.388
2025-09-23 01:00,8.281
2025-09-23 01:06,8.167
2025-09-23 01:12,8.044
2025-09-23 01:18,7.914
2025-09-23 01:24,7.777
2025-09-23 01:30,7.634
2025-09-23 01:36,7.485
2025-09-23 01:42,7.33
2025-09-23 01:48,7.169
2025-09-23 01:54,7.004
2025-09-23 02:00,6.835
2025-09-23 02:06,6.661
2025-09-23 02:12,6.484
2025-09-23 02:18,6.304
2025-09-23 02:24,6.121
2025-09-23 02:30,5.936
2025-09-23 02:36,5.749
2025-09-23 02:42,5.56
2025-09-23 02:48,5.37
2025-09-23 02:54,5.179
2025-09-23 03:00,4.987
2025-09-23 03:06,4.794
2025-09-23 03:12,4.601
2025-09-23 03:18,4.408
2025-09-23 03:24,4.215
2025-09-23 03:30,4.023
2025-09-23 03:36,3.832
2025-09-23 03:42,3.641
2025-09-23 03:48,3.452
2025-09-23 03:54,3.265
2025-09-23 04:00,3.079
2025-09-23 04:06,2.897
2025-09-23 04:12,2.717
2025-09-23 04:18,2.54
2025-09-23 04:24,2.368
2025-09-23 04:30,2.201
2025-09-23 04:36,2.038
2025-09-23 04:42,1.882
2025-09-23 04:48,1.732
2025-09-23 04:54,1.589
2025-09-23 05:00,1.455
2025-09-23 05:06,1.329
2025-09-23 05:12,1.212
2025-09-23 05:18,1.106
2025-09-23 05:24,1.01
2025-09-23 05:30,0.925
2025-09-23 05:36,0.852
2025-09-23 05:42,0.792
2025-09-23 05:48,0.744
2025-09-23 05:54,0.709
2025-09-23 06:00,0.686
2025-09-23 06:06,0.677
2025-09-23 06:12,0.681
2025-09-23 06:18,0.698
2025-09-23 06:24,0.728
2025-09-23 06:30,0.769
2025-09-23 06:36,0.823
2025-09-23 06:42,0.889
2025-09-23 06:48,0.966
2025-09-23 06:54,1.053
2025-09-23 07:00,1.15
2025-09-23 07:06,1.256
2025-09-23 07:12,1.371
2025-09-23 07:18,1.494
2025-09-23 07:24,1.625
2025-09-23 07:30,1.762
2025-09-23 07:36,1.906
2025-09-23 07:42,2.055
2025-09-23 07:48,2.21
2025-09-23 07:54,2.37
2025-09-23 08:00,2.534
2025-09-23 08:06,2.703
2025-09-23 08:12,2.875
2025-09-23 08:18,3.052
2025-09-23 08:24,3.232
2025-09-23 08:30,3.416
2025-09-23 08:36,3.603
2025-09-23 08:42,3.793
2025-09-23 08:48,3.987
2025-09-23 08:54,4.183
2025-09-23 09:00,4.382
2025-09-23 09:06,4.584
2025-09-23 09:12,4.789
2025-09-23 09:18,4.995
2025-09-23 09:24,5.203
2025-09-23 09:30,5.412
2025-09-23 09:36,5.623
2025-09-23 09:42,5.833
2025-09-23 09:48,6.043
2025-09-23 09:54,6.252
2025-09-23 10:00,6.459
2025-09-23 10:06,6.663
2025-09-23 10:12,6.864
2025-09-23 10:18,7.061
2025-09-23 10:24,7.253
2025-09-23 10:30,7.439
2025-09-23 10:36,7.618
2025-09-23 10:42,7.79
2025-09-23 10:48,7.953
2025-09-23 10:54,8.108
2025-09-23 11:00,8.253
2025-09-23 11:06,8.387
2025-09-23 11:12,8.511
2025-09-23 11:18,8.624
2025-09-23 11:24,8.725
2025-09-23 11:30,8.814
2025-09-23 11:36,8.89
2025-09-23 11:42,8.955
2025-09-23 11:48,9.006
2025-09-23 11:54,9.046
2025-09-23 12:00,9.072
2025-09-23 12:06,9.087
2025-09-23 12:12,9.089
2025-09-23 12:18,9.079
2025-09-23 12:24,9.057
2025-09-23 12:30,9.023
2025-09-23 12:36,8.978
2025-09-23 12:42,8.922
2025-09-23 12:48,8.856
2025-09-23 12:54,8.779
2025-09-23 13:00,8.692
2025-09-23 13:06,8.596
2025-09-23 13:12,8.49
2025-09-23 13:18,8.375
2025-09-23 13:24,8.253
2025-09-23 13:30,8.122
2025-09-23 13:36,7.983
2025-09-23 13:42,7.838
2025-09-23 13:48,7.686
2025-09-23 13:54,7.528
2025-09-23 14:00,7.364
2025-09-23 14:06,7.195
2025-09-23 14:12,7.02
2025-09-23 14:18,6.842
2025-09-23 14:24,6.66
2025-09-23 14:30,6.474
2025-09-23 14:36,6.285
2025-09-23 14:42,6.093
2025-09-23 14:48,5.899
2025-09-23 14:54,5.703
2025-09-23 15:00,5.506
2025-09-23 15:06,5.307
2025-09-23 15:12,5.108
2025-09-23 15:18,4.908
2025-09-23 15:24,4.707
2025-09-23 15:30,4.507
2025-09-23 15:36,4.307
2025-09-23 15:42,4.108
2025-09-23 15:48,3.909
2025-09-23 15:54,3.712
2025-09-23 16:00,3.516
2025-09-23 16:06,3.321
2025-09-23 16:12,3.129
2025-09-23 16:18,2.938
2025-09-23 16:24,2.751
2025-09-23 16:30,2.566
2025-09-23 16:36,2.385
2025-09-23 16:42,2.208
2025-09-23 16:48,2.035
2025-09-23 16:54,1.867
2025-09-23 17:00,1.705
2025-09-23 17:06,1.55
2025-09-23 17:12,1.401
2025-09-23 17:18,1.26
2025-09-23 17:24,1.126
2025-09-23 17:30,1.002
2025-09-23 17:36,0.888
2025-09-23 17:42,0.784
2025-09-23 17:48,0.69
2025-09-23 17:54,0.608
2025-09-23 18:00,0.538
2025-09-23 18:06,0.48
2025-09-23 18:12,0.435
2025-09-23 18:18,0.403
2025-09-23 18:24,0.383
2025-09-23 18:30,0.377
2025-09-23 18:36,0.384
2025-09-23 18:42,0.404
2025-09-23 18:48,0.436
2025-09-23 18:54,0.481
2025-09-23 19:00,0.538
2025-09-23 19:06,0.606
2025-09-23 19:12,0.686
2025-09-23 19:18,0.776
2025-09-23 19:24,0.875
2025-09-23 19:30,0.984
2025-09-23 19:36,1.102
2025-09-23 19:42,1.227
2025-09-23 19:48,1.36
2025-09-23 19:54,1.5
2025-09-23 20:00,1.645
2025-09-23 20:06,1.796
2025-09-23 20:12,1.953
2025-09-23 20:18,2.114
2025-09-23 20:24,2.279
2025-09-23 20:30,2.449
2025-09-23 20:36,2.622
2025-09-23 20:42,2.799
2025-09-23 20:48,2.979
2025-09-23 20:54,3.162
2025-09-23 21:00,3.349
2025-09-23 21:06,3.538
2025-09-23 21:12,3.731
2025-09-23 21:18,3.926
2025-09-23 21:24,4.123
2025-09-23 21:30,4.323
2025-09-23 21:36,4.525
2025-09-23 21:42,4.729
2025-09-23 21:48,4.934
2025-09-23 21:54,5.14
2025-09-23 22:00,5.347
2025-09-23 22:06,5.553
2025-09-23 22:12,5.759
2025-09-23 22:18,5.964
2025-09-23 22:24,6.167
2025-09-23 22:30,6.367
2025-09-23 22:36,6.563
2025-09-23 22:42,6.756
2025-09-23 22:48,6.943
2025-09-23 22:54,7.124
2025-09-23 23:00,7.299
2025-09-23 23:06,7.466
2025-09-23 23:12,7.625
2025-09-23 23:18,7.775
2025-09-23 23:24,7.915
2025-09-23 23:30,8.046
2025-09-23 23:36,8.165
2025-09-23 23:42,8.274
2025-09-23 23:48,8.371
2025-09-23 23:54,8.456
2025-09-24 00:00,8.529
2025-09-24 00:06,8.59
2025-09-24 00:12,8.639
2025-09-24 00:18,8.676
2025-09-24 00:24,8.7
2025-09-24 00:30,8.713
2025-09-24 00:36,8.713
2025-09-24 00:42,8.702
2025-09-24 00:48,8.679
2025-09-24 00:54,8.645
2025-09-24 01:00,8.6
2025-09-24 01:06,8.545
2025-09-24 01:12,8.479
2025-09-24 01:18,8.404
2025-09-24 01:24,8.319
2025-09-24 01:30,8.225
2025-09-24 01:36,8.122
2025-09-24 01:42,8.011
2025-09-24 01:48,7.893
2025-09-24 01:54,7.767
2025-09-24 02:00,7.634
2025-09-24 02:06,7.494
2025-09-24 02:12,7.349
2025-09-24 02:18,7.198
2025-09-24 02:24,7.042
2025-09-24 02:30,6.881
2025-09-24 02:36,6.716
2025-09-24 02:42,6.547
2025-09-24 02:48,6.374
2025-09-24 02:54,6.199
2025-09-24 03:00,6.022
2025-09-24 03:06,5.842
2025-09-24 03:12,5.661
2025-09-24 03:18,5.478
2025-09-24 03:24,5.295
2025-09-24 03:30,5.111
2025-09-24 03:36,4.927
2025-09-24 03:42,4.743
2025-09-24 03:48,4.559
2025-09-24 03:54,4.376
2025-09-24 04:00,4.194
2025-09-24 04:06,4.013
2025-09-24 04:12,3.834
2025-09-24 04:18,3.656
2025-09-24 04:24,3.48
2025-09-24 04:30,3.306
2025-09-24 04:36,3.135
2025-09-24 04:42,2.966
2025-09-24 04:48,2.8
2025-09-24 04:54,2.638
2025-09-24 05:00,2.48
2025-09-24 05:06,2.326
2025-09-24 05:12,2.176
2025-09-24 05:18,2.032
2025-09-24 05:24,1.894
2025-09-24 05:30,1.762
2025-09-24 05:36,1.637
2025-09-24 05:42,1.519
2025-09-24 05:48,1.41
2025-09-24 05:54,1.31
2025-09-24 06:00,1.218
2025-09-24 06:06,1.137
2025-09-24 06:12,1.067
2025-09-24 06:18,1.008
2025-09-24 06:24,0.96
2025-09-24 06:30,0.924
2025-09-24 06:36,0.9
2025-09-24 06:42,0.889
2025-09-24 06:48,0.891
2025-09-24 06:54,0.905
2025-09-24 07:00,0.931
2025-09-24 07:06,0.97
2025-09-24 07:12,1.022
2025-09-24 07:18,1.085
2025-09-24 07:24,1.16
2025-09-24 07:30,1.245
2025-09-24 07:36,1.341
2025-09-24 07:42,1.447
2025-09-24 07:48,1.562
2025-09-24 07:54,1.686
2025-09-24 08:00,1.818
2025-09-24 08:06,1.957
2025-09-24 08:12,2.102
2025-09-24 08:18,2.254
2025-09-24 08:24,2.41
2025-09-24 08:30,2.572
2025-09-24 08:36,2.738
2025-09-24 08:42,2.908
2025-09-24 08:48,3.081
2025-09-24 08:54,3.258
2025-09-24 09:00,3.437
2025-09-24 09:06,3.619
2025-09-24 09:12,3.803
2025-09-24 09:18,3.99
2025-09-24 09:24,4.178
2025-09-24 09:30,4.369
2025-09-24 09:36,4.562
2025-09-24 09:42,4.756
2025-09-24 09:48,4.951
2025-09-24 09:54,5.148
2025-09-24 10:00,5.346
2025-09-24 10:06,5.545
2025-09-24 10:12,5.744
2025-09-24 10:18,5.943
2025-09-24 10:24,6.142
2025-09-24 10:30,6.339
2025-09-24 10:36,6.536
2025-09-24 10:42,6.73
2025-09-24 10:48,6.921
2025-09-24 10:54,7.109
2025-09-24 11:00,7.293
2025-09-24 11:06,7.471
2025-09-24 11:12,7.644
2025-09-24 11:18,7.81
2025-09-24 11:24,7.969
2025-09-24 11:30,8.12
2025-09-24 11:36,8.262
2025-09-24 11:42,8.394
2025-09-24 11:48,8.517
2025-09-24 11:54,8.629
2025-09-24 12:00,8.729
2025-09-24 12:06,8.819
2025-09-24 12:12,8.896
2025-09-24 12:18,8.961
2025-09-24 12:24,9.014
2025-09-24 12:30,9.054
2025-09-24 12:36,9.082
2025-09-24 12:42,9.098
2025-09-24 12:48,9.1
2025-09-24 12:54,9.091
2025-09-24 13:00,9.07
2025-09-24 13:06,9.037
2025-09-24 13:12,8.992
2025-09-24 13:18,8.936
2025-09-24 13:24,8.869
2025-09-24 13:30,8.791
2025-09-24 13:36,8.704
2025-09-24 13:42,8.606
2025-09-24 13:48,8.499
2025-09-24 13:54,8.383
2025-09-24 14:00,8.259
2025-09-24 14:06,8.126
2025-09-24 14:12,7.986
2025-09-24 14:18,7.839
2025-09-24 14:24,7.685
2025-09-24 14:30,7.525
2025-09-24 14:36,7.359
2025-09-24 14:42,7.187
2025-09-24 14:48,7.011
2025-09-24 14:54,6.83
2025-09-24 15:00,6.646
2025-09-24 15:06,6.458
2025-09-24 15:12,6.267
2025-09-24 15:18,6.074
2025-09-24 15:24,5.879
2025-09-24 15:30,5.682
2025-09-24 15:36,5.484
2025-09-24 15:42,5.285
2025-09-24 15:48,5.086
2025-09-24 15:54,4.887
2025-09-24 16:00,4.688
2025-09-24 16:06,4.49
2025-09-24 16:12,4.293
2025-09-24 16:18,4.097
2025-09-24 16:24,3.903
2025-09-24 16:30,3.71
2025-09-24 16:36,3.52
2025-09-24 16:42,3.332
2025-09-24 16:48,3.146
2025-09-24 16:54,2.963
2025-09-24 17:00,2.783
2025-09-24 17:06,2.606
2025-09-24 17:12,2.433
2025-09-24 17:18,2.264
2025-09-24 17:24,2.099
2025-09-24 17:30,1.939
2025-09-24 17:36,1.784
2025-09-24 17:42,1.634
2025-09-24 17:48,1.491
2025-09-24 17:54,1.354
2025-09-24 18:00,1.225
2025-09-24 18:06,1.103
2025-09-24 18:12,0.99
2025-09-24 18:18,0.885
2025-09-24 18:24,0.791
2025-09-24 18:30,0.706
2025-09-24 18:36,0.632
2025-09-24 18:42,0.569
2025-09-24 18:48,0.518
2025-09-24 18:54,0.479
2025-09-24 19:00,0.452
2025-09-24 19:06,0.438
2025-09-24 19:12,0.436
2025-09-24 19:18,0.448
2025-09-24 19:24,0.471
2025-09-24 19:30,0.507
2025-09-24 19:36,0.556
2025-09-24 19:42,0.616
2025-09-24 19:48,0.688
2025-09-24 19:54,0.771
2025-09-24 20:00,0.865
2025-09-24 20:06,0.968
2025-09-24 20:12,1.081
2025-09-24 20:18,1.202
2025-09-24 20:24,1.332
2025-09-24 20:30,1.468
2025-09-24 20:36,1.612
2025-09-24 20:42,1.761
2025-09-24 20:48,1.916
2025-09-24 20:54,2.075
2025-09-24 21:00,2.239
2025-09-24 21:06,2.406
2025-09-24 21:12,2.577
2025-09-24 21:18,2.751
2025-09-24 21:24,2.928
2025-09-24 21:30,3.107
2025-09-24 21:36,3.288
2025-09-24 21:42,3.472
2025-09-24 21:48,3.657
2025-09-24 21:54,3.844
2025-09-24 22:00,4.033
2025-09-24 22:06,4.223
2025-09-24 22:12,4.415
2025-09-24 22:18,4.608
2025-09-24 22:24,4.801
2025-09-24 22:30,4.996
2025-09-24 22:36,5.19
2025-09-24 22:42,5.385
2025-09-24 22:48,5.579
2025-09-24 22:54,5.772
2025-09-24 23:00,5.964
2025-09-24 23:06,6.153
2025-09-24 23:12,6.34
2025-09-24 23:18,6.524
2025-09-24 23:24,6.703
2025-09-24 23:30,6.878
2025-09-24 23:36,7.047
2025-09-24 23:42,7.21
2025-09-24 23:48,7.365
2025-09-24 23:54,7.513
2025-09-25 00:00,7.652
2025-09-25 00:06,7.783
2025-09-25 00:12,7.904
2025-09-25 00:18,8.014
2025-09-25 00:24,8.114
2025-09-25 00:30,8.203
2025-09-25 00:36,8.28
2025-09-25 00:42,8.346
2025-09-25 00:48,8.4
2025-09-25 00:54,8.442
2025-09-25 01:00,8.472
2025-09-25 01:06,8.49
2025-09-25 01:12,8.496
2025-09-25 01:18,8.49
2025-09-25 01:24,8.473
2025-09-25 01:30,8.445
2025-09-25 01:36,8.406
2025-09-25 01:42,8.356
2025-09-25 01:48,8.295
2025-09-25 01:54,8.225
2025-09-25 02:00,8.145
2025-09-25 02:06,8.056
2025-09-25 02:12,7.959
2025-09-25 02:18,7.852
2025-09-25 02:24,7.739
2025-09-25 02:30,7.617
2025-09-25 02:36,7.489
2025-09-25 02:42,7.354
2025-09-25 02:48,7.213
2025-09-25 02:54,7.066
2025-09-25 03:00,6.914
2025-09-25 03:06,6.758
2025-09-25 03:12,6.597
2025-09-25 03:18,6.433
2025-09-25 03:24,6.266
2025-09-25 03:30,6.096
2025-09-25 03:36,5.923
2025-09-25 03:42,5.749
2025-09-25 03:48,5.573
2025-09-25 03:54,5.397
2025-09-25 04:00,5.22
2025-09-25 04:06,5.043
2025-09-25 04:12,4.867
2025-09-25 04:18,4.691
2025-09-25 04:24,4.516
2025-09-25 04:30,4.342
2025-09-25 04:36,4.17
2025-09-25 04:42,4
2025-09-25 04:48,3.832
2025-09-25 04:54,3.666
2025-09-25 05:00,3.503
2025-09-25 05:06,3.342
2025-09-25 05:12,3.184
2025-09-25 05:18,3.03
2025-09-25 05:24,2.879
2025-09-25 05:30,2.731
2025-09-25 05:36,2.587
2025-09-25 05:42,2.448
2025-09-25 05:48,2.312
2025-09-25 05:54,2.182
2025-09-25 06:00,2.057
2025-09-25 06:06,1.937
2025-09-25 06:12,1.823
2025-09-25 06:18,1.716
2025-09-25 06:24,1.616
2025-09-25 06:30,1.523
2025-09-25 06:36,1.438
2025-09-25 06:42,1.362
2025-09-25 06:48,1.295
2025-09-25 06:54,1.238
2025-09-25 07:00,1.191
2025-09-25 07:06,1.155
2025-09-25 07:12,1.13
2025-09-25 07:18,1.116
2025-09-25 07:24,1.114
2025-09-25 07:30,1.124
2025-09-25 07:36,1.145
2025-09-25 07:42,1.179
2025-09-25 07:48,1.225
2025-09-25 07:54,1.283
2025-09-25 08:00,1.352
2025-09-25 08:06,1.433
2025-09-25 08:12,1.524
2025-09-25 08:18,1.626
2025-09-25 08:24,1.738
2025-09-25 08:30,1.859
2025-09-25 08:36,1.988
2025-09-25 08:42,2.125
2025-09-25 08:48,2.27
2025-09-25 08:54,2.42
2025-09-25 09:00,2.577
2025-09-25 09:06,2.738
2025-09-25 09:12,2.905
2025-09-25 09:18,3.075
2025-09-25 09:24,3.248
2025-09-25 09:30,3.424
2025-09-25 09:36,3.602
2025-09-25 09:42,3.783
2025-09-25 09:48,3.965
2025-09-25 09:54,4.148
2025-09-25 10:00,4.332
2025-09-25 10:06,4.518
2025-09-25 10:12,4.704
2025-09-25 10:18,4.891
2025-09-25 10:24,5.078
2025-09-25 10:30,5.265
2025-09-25 10:36,5.453
2025-09-25 10:42,5.641
2025-09-25 10:48,5.828
2025-09-25 10:54,6.015
2025-09-25 11:00,6.201
2025-09-25 11:06,6.387
2025-09-25 11:12,6.57
2025-09-25 11:18,6.752
2025-09-25 11:24,6.931
2025-09-25 11:30,7.108
2025-09-25 11:36,7.281
2025-09-25 11:42,7.45
2025-09-25 11:48,7.613
2025-09-25 11:54,7.772
2025-09-25 12:00,7.924
2025-09-25 12:06,8.069
2025-09-25 12:12,8.206
2025-09-25 12:18,8.336
2025-09-25 12:24,8.456
2025-09-25 12:30,8.566
2025-09-25 12:36,8.667
2025-09-25 12:42,8.757
2025-09-25 12:48,8.836
2025-09-25 12:54,8.903
2025-09-25 13:00,8.958
2025-09-25 13:06,9.002
2025-09-25 13:12,9.034
2025-09-25 13:18,9.053
2025-09-25 13:24,9.06
2025-09-25 13:30,9.054
2025-09-25 13:36,9.037
2025-09-25 13:42,9.008
2025-09-25 13:48,8.967
2025-09-25 13:54,8.914
2025-09-25 14:00,8.851
2025-09-25 14:06,8.776
2025-09-25 14:12,8.691
2025-09-25 14:18,8.596
2025-09-25 14:24,8.492
2025-09-25 14:30,8.378
2025-09-25 14:36,8.256
2025-09-25 14:42,8.125
2025-09-25 14:48,7.986
2025-09-25 14:54,7.84
2025-09-25 15:00,7.687
2025-09-25 15:06,7.528
2025-09-25 15:12,7.362
2025-09-25 15:18,7.192
2025-09-25 15:24,7.016
2025-09-25 15:30,6.836
2025-09-25 15:36,6.652
2025-09-25 15:42,6.465
2025-09-25 15:48,6.275
2025-09-25 15:54,6.082
2025-09-25 16:00,5.888
2025-09-25 16:06,5.692
2025-09-25 16:12,5.495
2025-09-25 16:18,5.298
2025-09-25 16:24,5.101
2025-09-25 16:30,4.905
2025-09-25 16:36,4.709
2025-09-25 16:42,4.514
2025-09-25 16:48,4.321
2025-09-25 16:54,4.129
2025-09-25 17:00,3.94
2025-09-25 17:06,3.753
2025-09-25 17:12,3.569
2025-09-25 17:18,3.387
2025-09-25 17:24,3.209
2025-09-25 17:30,3.034
2025-09-25 17:36,2.862
2025-09-25 17:42,2.694
2025-09-25 17:48,2.529
2025-09-25 17:54,2.368
2025-09-25 18:00,2.212
2025-09-25 18:06,2.06
2025-09-25 18:12,1.913
2025-09-25 18:18,1.771
2025-09-25 18:24,1.634
2025-09-25 18:30,1.504
2025-09-25 18:36,1.379
2025-09-25 18:42,1.261
2025-09-25 18:48,1.15
2025-09-25 18:54,1.047
2025-09-25 19:00,0.953
2025-09-25 19:06,0.867
2025-09-25 19:12,0.79
2025-09-25 19:18,0.723
2025-09-25 19:24,0.666
2025-09-25 19:30,0.62
2025-09-25 19:36,0.585
2025-09-25 19:42,0.562
2025-09-25 19:48,0.551
2025-09-25 19:54,0.551
2025-09-25 20:00,0.564
2025-09-25 20:06,0.589
2025-09-25 20:12,0.626
2025-09-25 20:18,0.675
2025-09-25 20:24,0.736
2025-09-25 20:30,0.808
2025-09-25 20:36,0.891
2025-09-25 20:42,0.985
2025-09-25 20:48,1.089
2025-09-25 20:54,1.202
2025-09-25 21:00,1.324
2025-09-25 21:06,1.454
2025-09-25 21:12,1.591
2025-09-25 21:18,1.735
2025-09-25 21:24,1.885
2025-09-25 21:30,2.04
2025-09-25 21:36,2.199
2025-09-25 21:42,2.363
2025-09-25 21:48,2.53
2025-09-25 21:54,2.7
2025-09-25 22:00,2.872
2025-09-25 22:06,3.046
2025-09-25 22:12,3.222
2025-09-25 22:18,3.399
2025-09-25 22:24,3.578
2025-09-25 22:30,3.757
2025-09-25 22:36,3.937
2025-09-25 22:42,4.118
2025-09-25 22:48,4.299
2025-09-25 22:54,4.48
2025-09-25 23:00,4.662
2025-09-25 23:06,4.844
2025-09-25 23:12,5.026
2025-09-25 23:18,5.207
2025-09-25 23:24,5.388
2025-09-25 23:30,5.568
2025-09-25 23:36,5.747
2025-09-25 23:42,5.924
2025-09-25 23:48,6.099
2025-09-25 23:54,6.271
2025-09-26 00:00,6.441
2025-09-26 00:06,6.606
2025-09-26 00:12,6.768
2025-09-26 00:18,6.924
2025-09-26 00:24,7.075
2025-09-26 00:30,7.219
2025-09-26 00:36,7.356
2025-09-26 00:42,7.486
2025-09-26 00:48,7.607
2025-09-26 00:54,7.719
2025-09-26 01:00,7.822
2025-09-26 01:06,7.915
2025-09-26 01:12,7.998
2025-09-26 01:18,8.069
2025-09-26 01:24,8.13
2025-09-26 01:30,8.179
2025-09-26 01:36,8.217
2025-09-26 01:42,8.244
2025-09-26 01:48,8.259
2025-09-26 01:54,8.262
2025-09-26 02:00,8.254
2025-09-26 02:06,8.234
2025-09-26 02:12,8.204
2025-09-26 02:18,8.163
2025-09-26 02:24,8.111
2025-09-26 02:30,8.049
2025-09-26 02:36,7.978
2025-09-26 02:42,7.897
2025-09-26 02:48,7.807
2025-09-26 02:54,7.709
2025-09-26 03:00,7.602
2025-09-26 03:06,7.488
2025-09-26 03:12,7.367
2025-09-26 03:18,7.239
2025-09-26 03:24,7.105
2025-09-26 03:30,6.965
2025-09-26 03:36,6.82
2025-09-26 03:42,6.67
2025-09-26 03:48,6.516
2025-09-26 03:54,6.359
2025-09-26 04:00,6.198
2025-09-26 04:06,6.035
2025-09-26 04:12,5.869
2025-09-26 04:18,5.702
2025-09-26 04:24,5.533
2025-09-26 04:30,5.364
2025-09-26 04:36,5.194
2025-09-26 04:42,5.025
2025-09-26 04:48,4.856
2025-09-26 04:54,4.688
2025-09-26 05:00,4.522
2025-09-26 05:06,4.357
2025-09-26 05:12,4.195
2025-09-26 05:18,4.034
2025-09-26 05:24,3.876
2025-09-26 05:30,3.721
2025-09-26 05:36,3.569
2025-09-26 05:42,3.42
2025-09-26 05:48,3.275
2025-09-26 05:54,3.132
2025-09-26 06:00,2.994
2025-09-26 06:06,2.859
2025-09-26 06:12,2.728
2025-09-26 06:18,2.601
2025-09-26 06:24,2.478
2025-09-26 06:30,2.359
2025-09-26 06:36,2.246
2025-09-26 06:42,2.137
2025-09-26 06:48,2.033
2025-09-26 06:54,1.935
2025-09-26 07:00,1.842
2025-09-26 07:06,1.756
2025-09-26 07:12,1.677
2025-09-26 07:18,1.605
2025-09-26 07:24,1.541
2025-09-26 07:30,1.484
2025-09-26 07:36,1.437
2025-09-26 07:42,1.399
2025-09-26 07:48,1.37
2025-09-26 07:54,1.352
2025-09-26 08:00,1.344
2025-09-26 08:06,1.347
2025-09-26 08:12,1.361
2025-09-26 08:18,1.386
2025-09-26 08:24,1.423
2025-09-26 08:30,1.471
2025-09-26 08:36,1.531
2025-09-26 08:42,1.601
2025-09-26 08:48,1.683
2025-09-26 08:54,1.775
2025-09-26 09:00,1.878
2025-09-26 09:06,1.99
2025-09-26 09:12,2.112
2025-09-26 09:18,2.242
2025-09-26 09:24,2.38
2025-09-26 09:30,2.525
2025-09-26 09:36,2.676
2025-09-26 09:42,2.833
2025-09-26 09:48,2.995
2025-09-26 09:54,3.161
2025-09-26 10:00,3.331
2025-09-26 10:06,3.504
2025-09-26 10:12,3.679
2025-09-26 10:18,3.856
2025-09-26 10:24,4.034
2025-09-26 10:30,4.213
2025-09-26 10:36,4.393
2025-09-26 10:42,4.572
2025-09-26 10:48,4.752
2025-09-26 10:54,4.931
2025-09-26 11:00,5.11
2025-09-26 11:06,5.289
2025-09-26 11:12,5.467
2025-09-26 11:18,5.644
2025-09-26 11:24,5.82
2025-09-26 11:30,5.995
2025-09-26 11:36,6.169
2025-09-26 11:42,6.342
2025-09-26 11:48,6.513
2025-09-26 11:54,6.682
2025-09-26 12:00,6.85
2025-09-26 12:06,7.015
2025-09-26 12:12,7.177
2025-09-26 12:18,7.335
2025-09-26 12:24,7.49
2025-09-26 12:30,7.64
2025-09-26 12:36,7.786
2025-09-26 12:42,7.925
2025-09-26 12:48,8.059
2025-09-26 12:54,8.185
2025-09-26 13:00,8.304
2025-09-26 13:06,8.415
2025-09-26 13:12,8.517
2025-09-26 13:18,8.61
2025-09-26 13:24,8.693
2025-09-26 13:30,8.765
2025-09-26 13:36,8.827
2025-09-26 13:42,8.878
2025-09-26 13:48,8.917
2025-09-26 13:54,8.944
2025-09-26 14:00,8.96
2025-09-26 14:06,8.964
2025-09-26 14:12,8.956
2025-09-26 14:18,8.936
2025-09-26 14:24,8.904
2025-09-26 14:30,8.861
2025-09-26 14:36,8.806
2025-09-26 14:42,8.741
2025-09-26 14:48,8.665
2025-09-26 14:54,8.578
2025-09-26 15:00,8.482
2025-09-26 15:06,8.376
2025-09-26 15:12,8.261
2025-09-26 15:18,8.137
2025-09-26 15:24,8.005
2025-09-26 15:30,7.866
2025-09-26 15:36,7.719
2025-09-26 15:42,7.566
2025-09-26 15:48,7.407
2025-09-26 15:54,7.242
2025-09-26 16:00,7.072
2025-09-26 16:06,6.897
2025-09-26 16:12,6.719
2025-09-26 16:18,6.536
2025-09-26 16:24,6.351
2025-09-26 16:30,6.164
2025-09-26 16:36,5.974
2025-09-26 16:42,5.783
2025-09-26 16:48,5.592
2025-09-26 16:54,5.399
2025-09-26 17:00,5.207
2025-09-26 17:06,5.015
2025-09-26 17:12,4.824
2025-09-26 17:18,4.635
2025-09-26 17:24,4.447
2025-09-26 17:30,4.261
2025-09-26 17:36,4.077
2025-09-26 17:42,3.896
2025-09-26 17:48,3.718
2025-09-26 17:54,3.543
2025-09-26 18:00,3.371
2025-09-26 18:06,3.203
2025-09-26 18:12,3.038
2025-09-26 18:18,2.877
2025-09-26 18:24,2.719
2025-09-26 18:30,2.566
2025-09-26 18:36,2.417
2025-09-26 18:42,2.272
2025-09-26 18:48,2.131
2025-09-26 18:54,1.995
2025-09-26 19:00,1.864
2025-09-26 19:06,1.738
2025-09-26 19:12,1.617
2025-09-26 19:18,1.502
2025-09-26 19:24,1.393
2025-09-26 19:30,1.29
2025-09-26 19:36,1.194
2025-09-26 19:42,1.106
2025-09-26 19:48,1.025
2025-09-26 19:54,0.953
2025-09-26 20:00,0.89
2025-09-26 20:06,0.835
2025-09-26 20:12,0.791
2025-09-26 20:18,0.757
2025-09-26 20:24,0.733
2025-09-26 20:30,0.72
2025-09-26 20:36,0.719
2025-09-26 20:42,0.729
2025-09-26 20:48,0.751
2025-09-26 20:54,0.784
2025-09-26 21:00,0.829
2025-09-26 21:06,0.885
2025-09-26 21:12,0.953
2025-09-26 21:18,1.031
2025-09-26 21:24,1.12
2025-09-26 21:30,1.219
2025-09-26 21:36,1.327
2025-09-26 21:42,1.444
2025-09-26 21:48,1.569
2025-09-26 21:54,1.702
2025-09-26 22:00,1.841
2025-09-26 22:06,1.986
2025-09-26 22:12,2.136
2025-09-26 22:18,2.291
2025-09-26 22:24,2.45
2025-09-26 22:30,2.612
2025-09-26 22:36,2.776
2025-09-26 22:42,2.942
2025-09-26 22:48,3.11
2025-09-26 22:54,3.279
2025-09-26 23:00,3.449
2025-09-26 23:06,3.619
2025-09-26 23:12,3.79
2025-09-26 23:18,3.96
2025-09-26 23:24,4.131
2025-09-26 23:30,4.301
2025-09-26 23:36,4.471
2025-09-26 23:42,4.64
2025-09-26 23:48,4.809
2025-09-26 23:54,4.977
2025-09-27 00:00,5.145
2025-09-27 00:06,5.312
2025-09-27 00:12,5.477
2025-09-27 00:18,5.642
2025-09-27 00:24,5.805
2025-09-27 00:30,5.966
2025-09-27 00:36,6.125
2025-09-27 00:42,6.281
2025-09-27 00:48,6.434
2025-09-27 00:54,6.584
2025-09-27 01:00,6.729
2025-09-27 01:06,6.869
2025-09-27 01:12,7.004
2025-09-27 01:18,7.133
2025-09-27 01:24,7.256
2025-09-27 01:30,7.37
2025-09-27 01:36,7.477
2025-09-27 01:42,7.576
2025-09-27 01:48,7.665
2025-09-27 01:54,7.745
2025-09-27 02:00,7.815
2025-09-27 02:06,7.875
2025-09-27 02:12,7.924
2025-09-27 02:18,7.962
2025-09-27 02:24,7.989
2025-09-27 02:30,8.005
2025-09-27 02:36,8.01
2025-09-27 02:42,8.004
2025-09-27 02:48,7.987
2025-09-27 02:54,7.96
2025-09-27 03:00,7.921
2025-09-27 03:06,7.873
2025-09-27 03:12,7.814
2025-09-27 03:18,7.746
2025-09-27 03:24,7.669
2025-09-27 03:30,7.583
2025-09-27 03:36,7.489
2025-09-27 03:42,7.387
2025-09-27 03:48,7.277
2025-09-27 03:54,7.161
2025-09-27 04:00,7.038
2025-09-27 04:06,6.909
2025-09-27 04:12,6.775
2025-09-27 04:18,6.636
2025-09-27 04:24,6.493
2025-09-27 04:30,6.346
2025-09-27 04:36,6.195
2025-09-27 04:42,6.042
2025-09-27 04:48,5.886
2025-09-27 04:54,5.728
2025-09-27 05:00,5.569
2025-09-27 05:06,5.409
2025-09-27 05:12,5.249
2025-09-27 05:18,5.089
2025-09-27 05:24,4.929
2025-09-27 05:30,4.771
2025-09-27 05:36,4.613
2025-09-27 05:42,4.457
2025-09-27 05:48,4.303
2025-09-27 05:54,4.152
2025-09-27 06:00,4.003
2025-09-27 06:06,3.857
2025-09-27 06:12,3.714
2025-09-27 06:18,3.574
2025-09-27 06:24,3.438
2025-09-27 06:30,3.305
2025-09-27 06:36,3.175
2025-09-27 06:42,3.049
2025-09-27 06:48,2.928
2025-09-27 06:54,2.81
2025-09-27 07:00,2.695
2025-09-27 07:06,2.585
2025-09-27 07:12,2.48
2025-09-27 07:18,2.378
2025-09-27 07:24,2.281
2025-09-27 07:30,2.189
2025-09-27 07:36,2.102
2025-09-27 07:42,2.02
2025-09-27 07:48,1.943
2025-09-27 07:54,1.873
2025-09-27 08:00,1.809
2025-09-27 08:06,1.751
2025-09-27 08:12,1.701
2025-09-27 08:18,1.659
2025-09-27 08:24,1.625
2025-09-27 08:30,1.599
2025-09-27 08:36,1.582
2025-09-27 08:42,1.575
2025-09-27 08:48,1.578
2025-09-27 08:54,1.591
2025-09-27 09:00,1.614
2025-09-27 09:06,1.648
2025-09-27 09:12,1.693
2025-09-27 09:18,1.749
2025-09-27 09:24,1.815
2025-09-27 09:30,1.892
2025-09-27 09:36,1.979
2025-09-27 09:42,2.076
2025-09-27 09:48,2.183
2025-09-27 09:54,2.299
2025-09-27 10:00,2.423
2025-09-27 10:06,2.556
2025-09-27 10:12,2.695
2025-09-27 10:18,2.841
2025-09-27 10:24,2.993
2025-09-27 10:30,3.149
2025-09-27 10:36,3.31
2025-09-27 10:42,3.474
2025-09-27 10:48,3.642
2025-09-27 10:54,3.811
2025-09-27 11:00,3.982
2025-09-27 11:06,4.154
2025-09-27 11:12,4.326
2025-09-27 11:18,4.499
2025-09-27 11:24,4.671
2025-09-27 11:30,4.843
2025-09-27 11:36,5.014
2025-09-27 11:42,5.183
2025-09-27 11:48,5.352
2025-09-27 11:54,5.52
2025-09-27 12:00,5.686
2025-09-27 12:06,5.851
2025-09-27 12:12,6.014
2025-09-27 12:18,6.176
2025-09-27 12:24,6.337
2025-09-27 12:30,6.495
2025-09-27 12:36,6.652
2025-09-27 12:42,6.807
2025-09-27 12:48,6.96
2025-09-27 12:54,7.11
2025-09-27 13:00,7.257
2025-09-27 13:06,7.401
2025-09-27 13:12,7.541
2025-09-27 13:18,7.677
2025-09-27 13:24,7.808
2025-09-27 13:30,7.934
2025-09-27 13:36,8.053
2025-09-27 13:42,8.167
2025-09-27 13:48,8.273
2025-09-27 13:54,8.371
2025-09-27 14:00,8.461
2025-09-27 14:06,8.542
2025-09-27 14:12,8.613
2025-09-27 14:18,8.675
2025-09-27 14:24,8.726
2025-09-27 14:30,8.766
2025-09-27 14:36,8.796
2025-09-27 14:42,8.814
2025-09-27 14:48,8.821
2025-09-27 14:54,8.817
2025-09-27 15:00,8.801
2025-09-27 15:06,8.773
2025-09-27 15:12,8.735
2025-09-27 15:18,8.685
2025-09-27 15:24,8.624
2025-09-27 15:30,8.554
2025-09-27 15:36,8.472
2025-09-27 15:42,8.381
2025-09-27 15:48,8.281
2025-09-27 15:54,8.172
2025-09-27 16:00,8.054
2025-09-27 16:06,7.928
2025-09-27 16:12,7.795
2025-09-27 16:18,7.655
2025-09-27 16:24,7.508
2025-09-27 16:30,7.356
2025-09-27 16:36,7.198
2025-09-27 16:42,7.035
2025-09-27 16:48,6.867
2025-09-27 16:54,6.696
2025-09-27 17:00,6.521
2025-09-27 17:06,6.344
2025-09-27 17:12,6.164
2025-09-27 17:18,5.983
2025-09-27 17:24,5.8
2025-09-27 17:30,5.616
2025-09-27 17:36,5.432
2025-09-27 17:42,5.248
2025-09-27 17:48,5.065
2025-09-27 17:54,4.882
2025-09-27 18:00,4.701
2025-09-27 18:06,4.522
2025-09-27 18:12,4.344
2025-09-27 18:18,4.169
2025-09-27 18:24,3.996
2025-09-27 18:30,3.827
2025-09-27 18:36,3.66
2025-09-27 18:42,3.497
2025-09-27 18:48,3.337
2025-09-27 18:54,3.181
2025-09-27 19:00,3.028
2025-09-27 19:06,2.879
2025-09-27 19:12,2.734
2025-09-27 19:18,2.593
2025-09-27 19:24,2.456
2025-09-27 19:30,2.323
2025-09-27 19:36,2.194
2025-09-27 19:42,2.07
2025-09-27 19:48,1.95
2025-09-27 19:54,1.836
2025-09-27 20:00,1.726
2025-09-27 20:06,1.621
2025-09-27 20:12,1.522
2025-09-27 20:18,1.43
2025-09-27 20:24,1.343
2025-09-27 20:30,1.264
2025-09-27 20:36,1.192
2025-09-27 20:42,1.127
2025-09-27 20:48,1.071
2025-09-27 20:54,1.024
2025-09-27 21:00,0.985
2025-09-27 21:06,0.956
2025-09-27 21:12,0.938
2025-09-27 21:18,0.929
2025-09-27 21:24,0.931
2025-09-27 21:30,0.944
2025-09-27 21:36,0.968
2025-09-27 21:42,1.003
2025-09-27 21:48,1.048
2025-09-27 21:54,1.105
2025-09-27 22:00,1.172
2025-09-27 22:06,1.249
2025-09-27 22:12,1.336
2025-09-27 22:18,1.433
2025-09-27 22:24,1.538
2025-09-27 22:30,1.652
2025-09-27 22:36,1.773
2025-09-27 22:42,1.901
2025-09-27 22:48,2.035
2025-09-27 22:54,2.175
2025-09-27 23:00,2.319
2025-09-27 23:06,2.467
2025-09-27 23:12,2.619
2025-09-27 23:18,2.773
2025-09-27 23:24,2.929
2025-09-27 23:30,3.086
2025-09-27 23:36,3.245
2025-09-27 23:42,3.404
2025-09-27 23:48,3.564
2025-09-27 23:54,3.723
2025-09-28 00:00,3.882
2025-09-28 00:06,4.041
2025-09-28 00:12,4.2
2025-09-28 00:18,4.357
2025-09-28 00:24,4.514
2025-09-28 00:30,4.671
2025-09-28 00:36,4.826
2025-09-28 00:42,4.981
2025-09-28 00:48,5.135
2025-09-28 00:54,5.288
2025-09-28 01:00,5.44
2025-09-28 01:06,5.591
2025-09-28 01:12,5.741
2025-09-28 01:18,5.888
2025-09-28 01:24,6.034
2025-09-28 01:30,6.177
2025-09-28 01:36,6.318
2025-09-28 01:42,6.455
2025-09-28 01:48,6.588
2025-09-28 01:54,6.717
2025-09-28 02:00,6.841
2025-09-28 02:06,6.96
2025-09-28 02:12,7.072
2025-09-28 02:18,7.177
2025-09-28 02:24,7.275
2025-09-28 02:30,7.365
2025-09-28 02:36,7.446
2025-09-28 02:42,7.519
2025-09-28 02:48,7.582
2025-09-28 02:54,7.635
2025-09-28 03:00,7.679
2025-09-28 03:06,7.712
2025-09-28 03:12,7.734
2025-09-28 03:18,7.746
2025-09-28 03:24,7.748
2025-09-28 03:30,7.739
2025-09-28 03:36,7.72
2025-09-28 03:42,7.69
2025-09-28 03:48,7.65
2025-09-28 03:54,7.601
2025-09-28 04:00,7.543
2025-09-28 04:06,7.475
2025-09-28 04:12,7.399
2025-09-28 04:18,7.315
2025-09-28 04:24,7.223
2025-09-28 04:30,7.124
2025-09-28 04:36,7.018
2025-09-28 04:42,6.906
2025-09-28 04:48,6.788
2025-09-28 04:54,6.665
2025-09-28 05:00,6.537
2025-09-28 05:06,6.404
2025-09-28 05:12,6.268
2025-09-28 05:18,6.129
2025-09-28 05:24,5.987
2025-09-28 05:30,5.842
2025-09-28 05:36,5.696
2025-09-28 05:42,5.548
2025-09-28 05:48,5.4
2025-09-28 05:54,5.251
2025-09-28 06:00,5.101
2025-09-28 06:06,4.953
2025-09-28 06:12,4.805
2025-09-28 06:18,4.658
2025-09-28 06:24,4.512
2025-09-28 06:30,4.369
2025-09-28 06:36,4.227
2025-09-28 06:42,4.088
2025-09-28 06:48,3.952
2025-09-28 06:54,3.818
2025-09-28 07:00,3.688
2025-09-28 07:06,3.561
2025-09-28 07:12,3.437
2025-09-28 07:18,3.317
2025-09-28 07:24,3.2
2025-09-28 07:30,3.086
2025-09-28 07:36,2.977
2025-09-28 07:42,2.871
2025-09-28 07:48,2.769
2025-09-28 07:54,2.671
2025-09-28 08:00,2.577
2025-09-28 08:06,2.486
2025-09-28 08:12,2.401
2025-09-28 08:18,2.319
2025-09-28 08:24,2.242
2025-09-28 08:30,2.17
2025-09-28 08:36,2.103
2025-09-28 08:42,2.042
2025-09-28 08:48,1.986
2025-09-28 08:54,1.937
2025-09-28 09:00,1.894
2025-09-28 09:06,1.859
2025-09-28 09:12,1.831
2025-09-28 09:18,1.81
2025-09-28 09:24,1.799
2025-09-28 09:30,1.796
2025-09-28 09:36,1.802
2025-09-28 09:42,1.818
2025-09-28 09:48,1.843
2025-09-28 09:54,1.878
2025-09-28 10:00,1.924
2025-09-28 10:06,1.979
2025-09-28 10:12,2.045
2025-09-28 10:18,2.12
2025-09-28 10:24,2.205
2025-09-28 10:30,2.3
2025-09-28 10:36,2.403
2025-09-28 10:42,2.515
2025-09-28 10:48,2.635
2025-09-28 10:54,2.763
2025-09-28 11:00,2.897
2025-09-28 11:06,3.037
2025-09-28 11:12,3.182
2025-09-28 11:18,3.332
2025-09-28 11:24,3.486
2025-09-28 11:30,3.643
2025-09-28 11:36,3.802
2025-09-28 11:42,3.963
2025-09-28 11:48,4.126
2025-09-28 11:54,4.289
2025-09-28 12:00,4.452
2025-09-28 12:06,4.615
2025-09-28 12:12,4.778
2025-09-28 12:18,4.94
2025-09-28 12:24,5.1
2025-09-28 12:30,5.26
2025-09-28 12:36,5.418
2025-09-28 12:42,5.575
2025-09-28 12:48,5.73
2025-09-28 12:54,5.884
2025-09-28 13:00,6.036
2025-09-28 13:06,6.187
2025-09-28 13:12,6.337
2025-09-28 13:18,6.484
2025-09-28 13:24,6.63
2025-09-28 13:30,6.775
2025-09-28 13:36,6.917
2025-09-28 13:42,7.056
2025-09-28 13:48,7.194
2025-09-28 13:54,7.328
2025-09-28 14:00,7.458
2025-09-28 14:06,7.585
2025-09-28 14:12,7.708
2025-09-28 14:18,7.825
2025-09-28 14:24,7.938
2025-09-28 14:30,8.044
2025-09-28 14:36,8.143
2025-09-28 14:42,8.235
2025-09-28 14:48,8.319
2025-09-28 14:54,8.395
2025-09-28 15:00,8.462
2025-09-28 15:06,8.52
2025-09-28 15:12,8.568
2025-09-28 15:18,8.606
2025-09-28 15:24,8.633
2025-09-28 15:30,8.65
2025-09-28 15:36,8.655
2025-09-28 15:42,8.65
2025-09-28 15:48,8.634
2025-09-28 15:54,8.607
2025-09-28 16:00,8.57
2025-09-28 16:06,8.522
2025-09-28 16:12,8.464
2025-09-28 16:18,8.395
2025-09-28 16:24,8.317
2025-09-28 16:30,8.23
2025-09-28 16:36,8.134
2025-09-28 16:42,8.03
2025-09-28 16:48,7.917
2025-09-28 16:54,7.797
2025-09-28 17:00,7.67
2025-09-28 17:06,7.537
2025-09-28 17:12,7.397
2025-09-28 17:18,7.252
2025-09-28 17:24,7.102
2025-09-28 17:30,6.948
2025-09-28 17:36,6.789
2025-09-28 17:42,6.627
2025-09-28 17:48,6.462
2025-09-28 17:54,6.294
2025-09-28 18:00,6.124
2025-09-28 18:06,5.952
2025-09-28 18:12,5.779
2025-09-28 18:18,5.606
2025-09-28 18:24,5.432
2025-09-28 18:30,5.258
2025-09-28 18:36,5.085
2025-09-28 18:42,4.912
2025-09-28 18:48,4.741
2025-09-28 18:54,4.572
2025-09-28 19:00,4.404
2025-09-28 19:06,4.239
2025-09-28 19:12,4.076
2025-09-28 19:18,3.916
2025-09-28 19:24,3.758
2025-09-28 19:30,3.604
2025-09-28 19:36,3.453
2025-09-28 19:42,3.305
2025-09-28 19:48,3.161
2025-09-28 19:54,3.02
2025-09-28 20:00,2.883
2025-09-28 20:06,2.75
2025-09-28 20:12,2.62
2025-09-28 20:18,2.494
2025-09-28 20:24,2.372
2025-09-28 20:30,2.255
2025-09-28 20:36,2.141
2025-09-28 20:42,2.032
2025-09-28 20:48,1.927
2025-09-28 20:54,1.828
2025-09-28 21:00,1.733
2025-09-28 21:06,1.644
2025-09-28 21:12,1.561
2025-09-28 21:18,1.484
2025-09-28 21:24,1.414
2025-09-28 21:30,1.351
2025-09-28 21:36,1.295
2025-09-28 21:42,1.247
2025-09-28 21:48,1.208
2025-09-28 21:54,1.178
2025-09-28 22:00,1.156
2025-09-28 22:06,1.145
2025-09-28 22:12,1.143
2025-09-28 22:18,1.151
2025-09-28 22:24,1.17
2025-09-28 22:30,1.199
2025-09-28 22:36,1.238
2025-09-28 22:42,1.287
2025-09-28 22:48,1.346
2025-09-28 22:54,1.415
2025-09-28 23:00,1.494
2025-09-28 23:06,1.581
2025-09-28 23:12,1.677
2025-09-28 23:18,1.78
2025-09-28 23:24,1.891
2025-09-28 23:30,2.009
2025-09-28 23:36,2.132
2025-09-28 23:42,2.261
2025-09-28 23:48,2.394
2025-09-28 23:54,2.531
2025-09-29 00:00,2.671
2025-09-29 00:06,2.813
2025-09-29 00:12,2.958
2025-09-29 00:18,3.104
2025-09-29 00:24,3.251
2025-09-29 00:30,3.399
2025-09-29 00:36,3.547
2025-09-29 00:42,3.695
2025-09-29 00:48,3.843
2025-09-29 00:54,3.99
2025-09-29 01:00,4.137
2025-09-29 01:06,4.284
2025-09-29 01:12,4.429
2025-09-29 01:18,4.575
2025-09-29 01:24,4.719
2025-09-29 01:30,4.864
2025-09-29 01:36,5.007
2025-09-29 01:42,5.15
2025-09-29 01:48,5.292
2025-09-29 01:54,5.433
2025-09-29 02:00,5.573
2025-09-29 02:06,5.711
2025-09-29 02:12,5.848
2025-09-29 02:18,5.983
2025-09-29 02:24,6.116
2025-09-29 02:30,6.246
2025-09-29 02:36,6.373
2025-09-29 02:42,6.495
2025-09-29 02:48,6.614
2025-09-29 02:54,6.727
2025-09-29 03:00,6.835
2025-09-29 03:06,6.936
2025-09-29 03:12,7.031
2025-09-29 03:18,7.119
2025-09-29 03:24,7.198
2025-09-29 03:30,7.27
2025-09-29 03:36,7.333
2025-09-29 03:42,7.386
2025-09-29 03:48,7.43
2025-09-29 03:54,7.465
2025-09-29 04:00,7.49
2025-09-29 04:06,7.505
2025-09-29 04:12,7.51
2025-09-29 04:18,7.505
2025-09-29 04:24,7.49
2025-09-29 04:30,7.466
2025-09-29 04:36,7.432
2025-09-29 04:42,7.389
2025-09-29 04:48,7.337
2025-09-29 04:54,7.277
2025-09-29 05:00,7.209
2025-09-29 05:06,7.133
2025-09-29 05:12,7.05
2025-09-29 05:18,6.959
2025-09-29 05:24,6.863
2025-09-29 05:30,6.761
2025-09-29 05:36,6.653
2025-09-29 05:42,6.54
2025-09-29 05:48,6.422
2025-09-29 05:54,6.301
2025-09-29 06:00,6.176
2025-09-29 06:06,6.048
2025-09-29 06:12,5.917
2025-09-29 06:18,5.783
2025-09-29 06:24,5.648
2025-09-29 06:30,5.511
2025-09-29 06:36,5.374
2025-09-29 06:42,5.236
2025-09-29 06:48,5.097
2025-09-29 06:54,4.959
2025-09-29 07:00,4.821
2025-09-29 07:06,4.685
2025-09-29 07:12,4.549
2025-09-29 07:18,4.416
2025-09-29 07:24,4.284
2025-09-29 07:30,4.154
2025-09-29 07:36,4.027
2025-09-29 07:42,3.902
2025-09-29 07:48,3.78
2025-09-29 07:54,3.661
2025-09-29 08:00,3.545
2025-09-29 08:06,3.432
2025-09-29 08:12,3.323
2025-09-29 08:18,3.217
2025-09-29 08:24,3.114
2025-09-29 08:30,3.015
2025-09-29 08:36,2.919
2025-09-29 08:42,2.826
2025-09-29 08:48,2.738
2025-09-29 08:54,2.653
2025-09-29 09:00,2.572
2025-09-29 09:06,2.494
2025-09-29 09:12,2.421
2025-09-29 09:18,2.353
2025-09-29 09:24,2.289
2025-09-29 09:30,2.229
2025-09-29 09:36,2.175
2025-09-29 09:42,2.127
2025-09-29 09:48,2.085
2025-09-29 09:54,2.049
2025-09-29 10:00,2.019
2025-09-29 10:06,1.997
2025-09-29 10:12,1.983
2025-09-29 10:18,1.977
2025-09-29 10:24,1.979
2025-09-29 10:30,1.99
2025-09-29 10:36,2.009
2025-09-29 10:42,2.039
2025-09-29 10:48,2.077
2025-09-29 10:54,2.125
2025-09-29 11:00,2.183
2025-09-29 11:06,2.25
2025-09-29 11:12,2.326
2025-09-29 11:18,2.411
2025-09-29 11:24,2.505
2025-09-29 11:30,2.607
2025-09-29 11:36,2.717
2025-09-29 11:42,2.834
2025-09-29 11:48,2.958
2025-09-29 11:54,3.087
2025-09-29 12:00,3.222
2025-09-29 12:06,3.362
2025-09-29 12:12,3.505
2025-09-29 12:18,3.652
2025-09-29 12:24,3.801
2025-09-29 12:30,3.953
2025-09-29 12:36,4.105
2025-09-29 12:42,4.259
2025-09-29 12:48,4.413
2025-09-29 12:54,4.567
2025-09-29 13:00,4.721
2025-09-29 13:06,4.874
2025-09-29 13:12,5.026
2025-09-29 13:18,5.177
2025-09-29 13:24,5.327
2025-09-29 13:30,5.476
2025-09-29 13:36,5.624
2025-09-29 13:42,5.771
2025-09-29 13:48,5.916
2025-09-29 13:54,6.06
2025-09-29 14:00,6.203
2025-09-29 14:06,6.344
2025-09-29 14:12,6.484
2025-09-29 14:18,6.622
2025-09-29 14:24,6.759
2025-09-29 14:30,6.894
2025-09-29 14:36,7.026
2025-09-29 14:42,7.157
2025-09-29 14:48,7.284
2025-09-29 14:54,7.408
2025-09-29 15:00,7.528
2025-09-29 15:06,7.643
2025-09-29 15:12,7.754
2025-09-29 15:18,7.86
2025-09-29 15:24,7.959
2025-09-29 15:30,8.052
2025-09-29 15:36,8.138
2025-09-29 15:42,8.216
2025-09-29 15:48,8.285
2025-09-29 15:54,8.346
2025-09-29 16:00,8.398
2025-09-29 16:06,8.441
2025-09-29 16:12,8.474
2025-09-29 16:18,8.496
2025-09-29 16:24,8.509
2025-09-29 16:30,8.511
2025-09-29 16:36,8.502
2025-09-29 16:42,8.484
2025-09-29 16:48,8.455
2025-09-29 16:54,8.416
2025-09-29 17:00,8.368
2025-09-29 17:06,8.309
2025-09-29 17:12,8.242
2025-09-29 17:18,8.165
2025-09-29 17:24,8.08
2025-09-29 17:30,7.987
2025-09-29 17:36,7.886
2025-09-29 17:42,7.777
2025-09-29 17:48,7.662
2025-09-29 17:54,7.54
2025-09-29 18:00,7.413
2025-09-29 18:06,7.279
2025-09-29 18:12,7.141
2025-09-29 18:18,6.998
2025-09-29 18:24,6.851
2025-09-29 18:30,6.7
2025-09-29 18:36,6.545
2025-09-29 18:42,6.388
2025-09-29 18:48,6.229
2025-09-29 18:54,6.068
2025-09-29 19:00,5.905
2025-09-29 19:06,5.741
2025-09-29 19:12,5.576
2025-09-29 19:18,5.411
2025-09-29 19:24,5.246
2025-09-29 19:30,5.082
2025-09-29 19:36,4.918
2025-09-29 19:42,4.756
2025-09-29 19:48,4.595
2025-09-29 19:54,4.436
2025-09-29 20:00,4.279
2025-09-29 20:06,4.124
2025-09-29 20:12,3.972
2025-09-29 20:18,3.822
2025-09-29 20:24,3.675
2025-09-29 20:30,3.532
2025-09-29 20:36,3.391
2025-09-29 20:42,3.253
2025-09-29 20:48,3.119
2025-09-29 20:54,2.988
2025-09-29 21:00,2.86
2025-09-29 21:06,2.736
2025-09-29 21:12,2.615
2025-09-29 21:18,2.498
2025-09-29 21:24,2.385
2025-09-29 21:30,2.275
2025-09-29 21:36,2.169
2025-09-29 21:42,2.068
2025-09-29 21:48,1.971
2025-09-29 21:54,1.88
2025-09-29 22:00,1.793
2025-09-29 22:06,1.712
2025-09-29 22:12,1.637
2025-09-29 22:18,1.568
2025-09-29 22:24,1.506
2025-09-29 22:30,1.451
2025-09-29 22:36,1.404
2025-09-29 22:42,1.365
2025-09-29 22:48,1.334
2025-09-29 22:54,1.312
2025-09-29 23:00,1.3
2025-09-29 23:06,1.297
2025-09-29 23:12,1.304
2025-09-29 23:18,1.32
2025-09-29 23:24,1.347
2025-09-29 23:30,1.383
2025-09-29 23:36,1.429
2025-09-29 23:42,1.485
2025-09-29 23:48,1.549
2025-09-29 23:54,1.623
2025-09-30 00:00,1.705
2025-09-30 00:06,1.795
2025-09-30 00:12,1.892
2025-09-30 00:18,1.997
2025-09-30 00:24,2.107
2025-09-30 00:30,2.223
2025-09-30 00:36,2.343
2025-09-30 00:42,2.468
2025-09-30 00:48,2.596
2025-09-30 00:54,2.728
2025-09-30 01:00,2.861
2025-09-30 01:06,2.997
2025-09-30 01:12,3.134
2025-09-30 01:18,3.272
2025-09-30 01:24,3.41
2025-09-30 01:30,3.549
2025-09-30 01:36,3.689
2025-09-30 01:42,3.828
2025-09-30 01:48,3.967
2025-09-30 01:54,4.106
2025-09-30 02:00,4.244
2025-09-30 02:06,4.383
2025-09-30 02:12,4.521
2025-09-30 02:18,4.659
2025-09-30 02:24,4.796
2025-09-30 02:30,4.934
2025-09-30 02:36,5.07
2025-09-30 02:42,5.207
2025-09-30 02:48,5.343
2025-09-30 02:54,5.478
2025-09-30 03:00,5.611
2025-09-30 03:06,5.744
2025-09-30 03:12,5.874
2025-09-30 03:18,6.003
2025-09-30 03:24,6.128
2025-09-30 03:30,6.251
2025-09-30 03:36,6.37
2025-09-30 03:42,6.485
2025-09-30 03:48,6.594
2025-09-30 03:54,6.699
2025-09-30 04:00,6.797
2025-09-30 04:06,6.889
2025-09-30 04:12,6.974
2025-09-30 04:18,7.051
2025-09-30 04:24,7.12
2025-09-30 04:30,7.181
2025-09-30 04:36,7.233
2025-09-30 04:42,7.276
2025-09-30 04:48,7.31
2025-09-30 04:54,7.334
2025-09-30 05:00,7.349
2025-09-30 05:06,7.355
2025-09-30 05:12,7.351
2025-09-30 05:18,7.338
2025-09-30 05:24,7.316
2025-09-30 05:30,7.285
2025-09-30 05:36,7.245
2025-09-30 05:42,7.197
2025-09-30 05:48,7.142
2025-09-30 05:54,7.078
2025-09-30 06:00,7.007
2025-09-30 06:06,6.93
2025-09-30 06:12,6.845
2025-09-30 06:18,6.755
2025-09-30 06:24,6.66
2025-09-30 06:30,6.558
2025-09-30 06:36,6.453
2025-09-30 06:42,6.342
2025-09-30 06:48,6.228
2025-09-30 06:54,6.111
2025-09-30 07:00,5.99
2025-09-30 07:06,5.867
2025-09-30 07:12,5.741
2025-09-30 07:18,5.613
2025-09-30 07:24,5.484
2025-09-30 07:30,5.354
2025-09-30 07:36,5.223
2025-09-30 07:42,5.092
2025-09-30 07:48,4.962
2025-09-30 07:54,4.831
2025-09-30 08:00,4.702
2025-09-30 08:06,4.573
2025-09-30 08:12,4.446
2025-09-30 08:18,4.321
2025-09-30 08:24,4.197
2025-09-30 08:30,4.076
2025-09-30 08:36,3.957
2025-09-30 08:42,3.841
2025-09-30 08:48,3.727
2025-09-30 08:54,3.616
2025-09-30 09:00,3.508
2025-09-30 09:06,3.403
2025-09-30 09:12,3.301
2025-09-30 09:18,3.202
2025-09-30 09:24,3.106
2025-09-30 09:30,3.013
2025-09-30 09:36,2.923
2025-09-30 09:42,2.836
2025-09-30 09:48,2.753
2025-09-30 09:54,2.673
2025-09-30 10:00,2.596
2025-09-30 10:06,2.524
2025-09-30 10:12,2.455
2025-09-30 10:18,2.391
2025-09-30 10:24,2.331
2025-09-30 10:30,2.276
2025-09-30 10:36,2.227
2025-09-30 10:42,2.183
2025-09-30 10:48,2.145
2025-09-30 10:54,2.114
2025-09-30 11:00,2.09
2025-09-30 11:06,2.073
2025-09-30 11:12,2.065
2025-09-30 11:18,2.064
2025-09-30 11:24,2.072
2025-09-30 11:30,2.089
2025-09-30 11:36,2.115
2025-09-30 11:42,2.15
2025-09-30 11:48,2.195
2025-09-30 11:54,2.248
2025-09-30 12:00,2.311
2025-09-30 12:06,2.384
2025-09-30 12:12,2.464
2025-09-30 12:18,2.554
2025-09-30 12:24,2.651
2025-09-30 12:30,2.755
2025-09-30 12:36,2.867
2025-09-30 12:42,2.985
2025-09-30 12:48,3.109
2025-09-30 12:54,3.238
2025-09-30 13:00,3.372
2025-09-30 13:06,3.509
2025-09-30 13:12,3.649
2025-09-30 13:18,3.792
2025-09-30 13:24,3.937
2025-09-30 13:30,4.083
2025-09-30 13:36,4.231
2025-09-30 13:42,4.379
2025-09-30 13:48,4.527
2025-09-30 13:54,4.674
2025-09-30 14:00,4.822
2025-09-30 14:06,4.969
2025-09-30 14:12,5.115
2025-09-30 14:18,5.261
2025-09-30 14:24,5.406
2025-09-30 14:30,5.549
2025-09-30 14:36,5.693
2025-09-30 14:42,5.835
2025-09-30 14:48,5.976
2025-09-30 14:54,6.116
2025-09-30 15:00,6.256
2025-09-30 15:06,6.394
2025-09-30 15:12,6.531
2025-09-30 15:18,6.667
2025-09-30 15:24,6.801
2025-09-30 15:30,6.934
2025-09-30 15:36,7.064
2025-09-30 15:42,7.191
2025-09-30 15:48,7.315
2025-09-30 15:54,7.435
2025-09-30 16:00,7.552
2025-09-30 16:06,7.663
2025-09-30 16:12,7.77
2025-09-30 16:18,7.87
2025-09-30 16:24,7.964
2025-09-30 16:30,8.051
2025-09-30 16:36,8.131
2025-09-30 16:42,8.202
2025-09-30 16:48,8.266
2025-09-30 16:54,8.32
2025-09-30 17:00,8.365
2025-09-30 17:06,8.4
2025-09-30 17:12,8.426
2025-09-30 17:18,8.442
2025-09-30 17:24,8.447
2025-09-30 17:30,8.443
2025-09-30 17:36,8.429
2025-09-30 17:42,8.404
2025-09-30 17:48,8.37
2025-09-30 17:54,8.327
2025-09-30 18:00,8.274
2025-09-30 18:06,8.212
2025-09-30 18:12,8.141
2025-09-30 18:18,8.062
2025-09-30 18:24,7.975
2025-09-30 18:30,7.88
2025-09-30 18:36,7.778
2025-09-30 18:42,7.669
2025-09-30 18:48,7.554
2025-09-30 18:54,7.432
2025-09-30 19:00,7.305
2025-09-30 19:06,7.173
2025-09-30 19:12,7.036
2025-09-30 19:18,6.895
2025-09-30 19:24,6.75
2025-09-30 19:30,6.602
2025-09-30 19:36,6.451
2025-09-30 19:42,6.297
2025-09-30 19:48,6.141
2025-09-30 19:54,5.983
2025-09-30 20:00,5.824
2025-09-30 20:06,5.664
2025-09-30 20:12,5.504
2025-09-30 20:18,5.343
2025-09-30 20:24,5.183
2025-09-30 20:30,5.024
2025-09-30 20:36,4.865
2025-09-30 20:42,4.708
2025-09-30 20:48,4.552
2025-09-30 20:54,4.398
2025-09-30 21:00,4.245
2025-09-30 21:06,4.095
2025-09-30 21:12,3.948
2025-09-30 21:18,3.802
2025-09-30 21:24,3.66
2025-09-30 21:30,3.519
2025-09-30 21:36,3.382
2025-09-30 21:42,3.247
2025-09-30 21:48,3.116
2025-09-30 21:54,2.987
2025-09-30 22:00,2.861
2025-09-30 22:06,2.738
2025-09-30 22:12,2.618
2025-09-30 22:18,2.502
2025-09-30 22:24,2.389
2025-09-30 22:30,2.279
2025-09-30 22:36,2.174
2025-09-30 22:42,2.073
2025-09-30 22:48,1.976
2025-09-30 22:54,1.884
2025-09-30 23:00,1.798
2025-09-30 23:06,1.717
2025-09-30 23:12,1.643
2025-09-30 23:18,1.575
2025-09-30 23:24,1.515
2025-09-30 23:30,1.462
2025-09-30 23:36,1.417
2025-09-30 23:42,1.381
2025-09-30 23:48,1.354
2025-09-30 23:54,1.336
2025-10-01 00:00,1.327
2025-10-01 00:06,1.329
2025-10-01 00:12,1.34
2025-10-01 00:18,1.361
2025-10-01 00:24,1.392
2025-10-01 00:30,1.433
2025-10-01 00:36,1.483
2025-10-01 00:42,1.542
2025-10-01 00:48,1.611
2025-10-01 00:54,1.688
2025-10-01 01:00,1.773
2025-10-01 01:06,1.865
2025-10-01 01:12,1.964
2025-10-01 01:18,2.069
2025-10-01 01:24,2.179
2025-10-01 01:30,2.295
2025-10-01 01:36,2.415
2025-10-01 01:42,2.538
2025-10-01 01:48,2.664
2025-10-01 01:54,2.793
2025-10-01 02:00,2.924
2025-10-01 02:06,3.057
2025-10-01 02:12,3.19
2025-10-01 02:18,3.325
2025-10-01 02:24,3.461
2025-10-01 02:30,3.597
2025-10-01 02:36,3.733
2025-10-01 02:42,3.87
2025-10-01 02:48,4.006
2025-10-01 02:54,4.144
2025-10-01 03:00,4.281
2025-10-01 03:06,4.418
2025-10-01 03:12,4.556
2025-10-01 03:18,4.694
2025-10-01 03:24,4.832
2025-10-01 03:30,4.97
2025-10-01 03:36,5.108
2025-10-01 03:42,5.245
2025-10-01 03:48,5.383
2025-10-01 03:54,5.519
2025-10-01 04:00,5.654
2025-10-01 04:06,5.788
2025-10-01 04:12,5.92
2025-10-01 04:18,6.049
2025-10-01 04:24,6.175
2025-10-01 04:30,6.298
2025-10-01 04:36,6.417
2025-10-01 04:42,6.531
2025-10-01 04:48,6.64
2025-10-01 04:54,6.742
2025-10-01 05:00,6.839
2025-10-01 05:06,6.928
2025-10-01 05:12,7.01
2025-10-01 05:18,7.084
2025-10-01 05:24,7.149
2025-10-01 05:30,7.206
2025-10-01 05:36,7.255
2025-10-01 05:42,7.293
2025-10-01 05:48,7.323
2025-10-01 05:54,7.343
2025-10-01 06:00,7.354
2025-10-01 06:06,7.356
2025-10-01 06:12,7.348
2025-10-01 06:18,7.332
2025-10-01 06:24,7.306
2025-10-01 06:30,7.272
2025-10-01 06:36,7.229
2025-10-01 06:42,7.179
2025-10-01 06:48,7.12
2025-10-01 06:54,7.055
2025-10-01 07:00,6.982
2025-10-01 07:06,6.903
2025-10-01 07:12,6.817
2025-10-01 07:18,6.726
2025-10-01 07:24,6.629
2025-10-01 07:30,6.528
2025-10-01 07:36,6.421
2025-10-01 07:42,6.311
2025-10-01 07:48,6.196
2025-10-01 07:54,6.079
2025-10-01 08:00,5.958
2025-10-01 08:06,5.835
2025-10-01 08:12,5.71
2025-10-01 08:18,5.583
2025-10-01 08:24,5.455
2025-10-01 08:30,5.326
2025-10-01 08:36,5.196
2025-10-01 08:42,5.066
2025-10-01 08:48,4.937
2025-10-01 08:54,4.808
2025-10-01 09:00,4.68
2025-10-01 09:06,4.552
2025-10-01 09:12,4.427
2025-10-01 09:18,4.303
2025-10-01 09:24,4.18
2025-10-01 09:30,4.06
2025-10-01 09:36,3.942
2025-10-01 09:42,3.826
2025-10-01 09:48,3.712
2025-10-01 09:54,3.6
2025-10-01 10:00,3.492
2025-10-01 10:06,3.385
2025-10-01 10:12,3.281
2025-10-01 10:18,3.18
2025-10-01 10:24,3.081
2025-10-01 10:30,2.985
2025-10-01 10:36,2.892
2025-10-01 10:42,2.802
2025-10-01 10:48,2.715
2025-10-01 10:54,2.631
2025-10-01 11:00,2.55
2025-10-01 11:06,2.474
2025-10-01 11:12,2.401
2025-10-01 11:18,2.333
2025-10-01 11:24,2.27
2025-10-01 11:30,2.212
2025-10-01 11:36,2.16
2025-10-01 11:42,2.115
2025-10-01 11:48,2.076
2025-10-01 11:54,2.044
2025-10-01 12:00,2.02
2025-10-01 12:06,2.004
2025-10-01 12:12,1.997
2025-10-01 12:18,1.998
2025-10-01 12:24,2.009
2025-10-01 12:30,2.029
2025-10-01 12:36,2.059
2025-10-01 12:42,2.098
2025-10-01 12:48,2.147
2025-10-01 12:54,2.205
2025-10-01 13:00,2.273
2025-10-01 13:06,2.35
2025-10-01 13:12,2.435
2025-10-01 13:18,2.529
2025-10-01 13:24,2.63
2025-10-01 13:30,2.739
2025-10-01 13:36,2.854
2025-10-01 13:42,2.975
2025-10-01 13:48,3.101
2025-10-01 13:54,3.232
2025-10-01 14:00,3.367
2025-10-01 14:06,3.505
2025-10-01 14:12,3.646
2025-10-01 14:18,3.789
2025-10-01 14:24,3.934
2025-10-01 14:30,4.08
2025-10-01 14:36,4.227
2025-10-01 14:42,4.374
2025-10-01 14:48,4.522
2025-10-01 14:54,4.669
2025-10-01 15:00,4.817
2025-10-01 15:06,4.965
2025-10-01 15:12,5.112
2025-10-01 15:18,5.259
2025-10-01 15:24,5.405
2025-10-01 15:30,5.552
2025-10-01 15:36,5.697
2025-10-01 15:42,5.843
2025-10-01 15:48,5.988
2025-10-01 15:54,6.133
2025-10-01 16:00,6.277
2025-10-01 16:06,6.42
2025-10-01 16:12,6.563
2025-10-01 16:18,6.704
2025-10-01 16:24,6.843
2025-10-01 16:30,6.981
2025-10-01 16:36,7.115
2025-10-01 16:42,7.248
2025-10-01 16:48,7.376
2025-10-01 16:54,7.501
2025-10-01 17:00,7.62
2025-10-01 17:06,7.735
2025-10-01 17:12,7.844
2025-10-01 17:18,7.946
2025-10-01 17:24,8.041
2025-10-01 17:30,8.129
2025-10-01 17:36,8.209
2025-10-01 17:42,8.28
2025-10-01 17:48,8.342
2025-10-01 17:54,8.394
2025-10-01 18:00,8.437
2025-10-01 18:06,8.47
2025-10-01 18:12,8.493
2025-10-01 18:18,8.505
2025-10-01 18:24,8.508
2025-10-01 18:30,8.5
2025-10-01 18:36,8.482
2025-10-01 18:42,8.454
2025-10-01 18:48,8.416
2025-10-01 18:54,8.369
2025-10-01 19:00,8.312
2025-10-01 19:06,8.247
2025-10-01 19:12,8.172
2025-10-01 19:18,8.09
2025-10-01 19:24,7.999
2025-10-01 19:30,7.901
2025-10-01 19:36,7.795
2025-10-01 19:42,7.683
2025-10-01 19:48,7.565
2025-10-01 19:54,7.44
2025-10-01 20:00,7.311
2025-10-01 20:06,7.176
2025-10-01 20:12,7.036
2025-10-01 20:18,6.893
2025-10-01 20:24,6.745
2025-10-01 20:30,6.595
2025-10-01 20:36,6.441
2025-10-01 20:42,6.285
2025-10-01 20:48,6.127
2025-10-01 20:54,5.968
2025-10-01 21:00,5.807
2025-10-01 21:06,5.646
2025-10-01 21:12,5.484
2025-10-01 21:18,5.321
2025-10-01 21:24,5.16
2025-10-01 21:30,4.998
2025-10-01 21:36,4.838
2025-10-01 21:42,4.679
2025-10-01 21:48,4.521
2025-10-01 21:54,4.364
2025-10-01 22:00,4.21
2025-10-01 22:06,4.057
2025-10-01 22:12,3.906
2025-10-01 22:18,3.757
2025-10-01 22:24,3.61
2025-10-01 22:30,3.466
2025-10-01 22:36,3.324
2025-10-01 22:42,3.184
2025-10-01 22:48,3.047
2025-10-01 22:54,2.912
2025-10-01 23:00,2.78
2025-10-01 23:06,2.651
2025-10-01 23:12,2.525
2025-10-01 23:18,2.402
2025-10-01 23:24,2.283
2025-10-01 23:30,2.167
2025-10-01 23:36,2.056
2025-10-01 23:42,1.95
2025-10-01 23:48,1.848
2025-10-01 23:54,1.753
2025-10-02 00:00,1.663
2025-10-02 00:06,1.58
2025-10-02 00:12,1.504
2025-10-02 00:18,1.436
2025-10-02 00:24,1.376
2025-10-02 00:30,1.324
2025-10-02 00:36,1.282
2025-10-02 00:42,1.249
2025-10-02 00:48,1.226
2025-10-02 00:54,1.213
2025-10-02 01:00,1.21
2025-10-02 01:06,1.218
2025-10-02 01:12,1.236
2025-10-02 01:18,1.264
2025-10-02 01:24,1.303
2025-10-02 01:30,1.352
2025-10-02 01:36,1.41
2025-10-02 01:42,1.478
2025-10-02 01:48,1.554
2025-10-02 01:54,1.639
2025-10-02 02:00,1.731
2025-10-02 02:06,1.83
2025-10-02 02:12,1.935
2025-10-02 02:18,2.047
2025-10-02 02:24,2.163
2025-10-02 02:30,2.284
2025-10-02 02:36,2.409
2025-10-02 02:42,2.537
2025-10-02 02:48,2.668
2025-10-02 02:54,2.801
2025-10-02 03:00,2.936
2025-10-02 03:06,3.073
2025-10-02 03:12,3.211
2025-10-02 03:18,3.35
2025-10-02 03:24,3.49
2025-10-02 03:30,3.631
2025-10-02 03:36,3.773
2025-10-02 03:42,3.916
2025-10-02 03:48,4.06
2025-10-02 03:54,4.204
2025-10-02 04:00,4.349
2025-10-02 04:06,4.495
2025-10-02 04:12,4.641
2025-10-02 04:18,4.788
2025-10-02 04:24,4.936
2025-10-02 04:30,5.083
2025-10-02 04:36,5.231
2025-10-02 04:42,5.379
2025-10-02 04:48,5.526
2025-10-02 04:54,5.672
2025-10-02 05:00,5.817
2025-10-02 05:06,5.96
2025-10-02 05:12,6.1
2025-10-02 05:18,6.237
2025-10-02 05:24,6.371
2025-10-02 05:30,6.5
2025-10-02 05:36,6.625
2025-10-02 05:42,6.743
2025-10-02 05:48,6.856
2025-10-02 05:54,6.962
2025-10-02 06:00,7.06
2025-10-02 06:06,7.151
2025-10-02 06:12,7.233
2025-10-02 06:18,7.306
2025-10-02 06:24,7.371
2025-10-02 06:30,7.426
2025-10-02 06:36,7.471
2025-10-02 06:42,7.507
2025-10-02 06:48,7.532
2025-10-02 06:54,7.548
2025-10-02 07:00,7.554
2025-10-02 07:06,7.551
2025-10-02 07:12,7.537
2025-10-02 07:18,7.515
2025-10-02 07:24,7.483
2025-10-02 07:30,7.442
2025-10-02 07:36,7.393
2025-10-02 07:42,7.336
2025-10-02 07:48,7.271
2025-10-02 07:54,7.199
2025-10-02 08:00,7.119
2025-10-02 08:06,7.033
2025-10-02 08:12,6.94
2025-10-02 08:18,6.842
2025-10-02 08:24,6.738
2025-10-02 08:30,6.629
2025-10-02 08:36,6.516
2025-10-02 08:42,6.398
2025-10-02 08:48,6.277
2025-10-02 08:54,6.152
2025-10-02 09:00,6.024
2025-10-02 09:06,5.894
2025-10-02 09:12,5.762
2025-10-02 09:18,5.628
2025-10-02 09:24,5.493
2025-10-02 09:30,5.357
2025-10-02 09:36,5.22
2025-10-02 09:42,5.083
2025-10-02 09:48,4.946
2025-10-02 09:54,4.81
2025-10-02 10:00,4.674
2025-10-02 10:06,4.539
2025-10-02 10:12,4.405
2025-10-02 10:18,4.273
2025-10-02 10:24,4.142
2025-10-02 10:30,4.012
2025-10-02 10:36,3.885
2025-10-02 10:42,3.759
2025-10-02 10:48,3.636
2025-10-02 10:54,3.514
2025-10-02 11:00,3.394
2025-10-02 11:06,3.277
2025-10-02 11:12,3.162
2025-10-02 11:18,3.049
2025-10-02 11:24,2.939
2025-10-02 11:30,2.832
2025-10-02 11:36,2.727
2025-10-02 11:42,2.626
2025-10-02 11:48,2.528
2025-10-02 11:54,2.433
2025-10-02 12:00,2.343
2025-10-02 12:06,2.257
2025-10-02 12:12,2.176
2025-10-02 12:18,2.101
2025-10-02 12:24,2.031
2025-10-02 12:30,1.968
2025-10-02 12:36,1.912
2025-10-02 12:42,1.863
2025-10-02 12:48,1.822
2025-10-02 12:54,1.79
2025-10-02 13:00,1.767
2025-10-02 13:06,1.753
2025-10-02 13:12,1.749
2025-10-02 13:18,1.755
2025-10-02 13:24,1.771
2025-10-02 13:30,1.797
2025-10-02 13:36,1.834
2025-10-02 13:42,1.88
2025-10-02 13:48,1.937
2025-10-02 13:54,2.004
2025-10-02 14:00,2.081
2025-10-02 14:06,2.166
2025-10-02 14:12,2.261
2025-10-02 14:18,2.363
2025-10-02 14:24,2.473
2025-10-02 14:30,2.59
2025-10-02 14:36,2.713
2025-10-02 14:42,2.842
2025-10-02 14:48,2.975
2025-10-02 14:54,3.113
2025-10-02 15:00,3.255
2025-10-02 15:06,3.4
2025-10-02 15:12,3.547
2025-10-02 15:18,3.697
2025-10-02 15:24,3.848
2025-10-02 15:30,4.001
2025-10-02 15:36,4.154
2025-10-02 15:42,4.309
2025-10-02 15:48,4.464
2025-10-02 15:54,4.619
2025-10-02 16:00,4.775
2025-10-02 16:06,4.932
2025-10-02 16:12,5.088
2025-10-02 16:18,5.245
2025-10-02 16:24,5.403
2025-10-02 16:30,5.56
2025-10-02 16:36,5.718
2025-10-02 16:42,5.876
2025-10-02 16:48,6.034
2025-10-02 16:54,6.191
2025-10-02 17:00,6.348
2025-10-02 17:06,6.505
2025-10-02 17:12,6.66
2025-10-02 17:18,6.814
2025-10-02 17:24,6.966
2025-10-02 17:30,7.115
2025-10-02 17:36,7.261
2025-10-02 17:42,7.404
2025-10-02 17:48,7.542
2025-10-02 17:54,7.675
2025-10-02 18:00,7.803
2025-10-02 18:06,7.924
2025-10-02 18:12,8.038
2025-10-02 18:18,8.145
2025-10-02 18:24,8.243
2025-10-02 18:30,8.333
2025-10-02 18:36,8.414
2025-10-02 18:42,8.485
2025-10-02 18:48,8.545
2025-10-02 18:54,8.596
2025-10-02 19:00,8.636
2025-10-02 19:06,8.665
2025-10-02 19:12,8.683
2025-10-02 19:18,8.691
2025-10-02 19:24,8.687
2025-10-02 19:30,8.673
2025-10-02 19:36,8.648
2025-10-02 19:42,8.613
2025-10-02 19:48,8.568
2025-10-02 19:54,8.513
2025-10-02 20:00,8.448
2025-10-02 20:06,8.374
2025-10-02 20:12,8.291
2025-10-02 20:18,8.2
2025-10-02 20:24,8.101
2025-10-02 20:30,7.994
2025-10-02 20:36,7.88
2025-10-02 20:42,7.759
2025-10-02 20:48,7.632
2025-10-02 20:54,7.499
2025-10-02 21:00,7.36
2025-10-02 21:06,7.217
2025-10-02 21:12,7.068
2025-10-02 21:18,6.916
2025-10-02 21:24,6.76
2025-10-02 21:30,6.6
2025-10-02 21:36,6.438
2025-10-02 21:42,6.273
2025-10-02 21:48,6.107
2025-10-02 21:54,5.938
2025-10-02 22:00,5.769
2025-10-02 22:06,5.598
2025-10-02 22:12,5.427
2025-10-02 22:18,5.256
2025-10-02 22:24,5.085
2025-10-02 22:30,4.914
2025-10-02 22:36,4.745
2025-10-02 22:42,4.576
2025-10-02 22:48,4.408
2025-10-02 22:54,4.241
2025-10-02 23:00,4.076
2025-10-02 23:06,3.913
2025-10-02 23:12,3.751
2025-10-02 23:18,3.592
2025-10-02 23:24,3.434
2025-10-02 23:30,3.278
2025-10-02 23:36,3.125
2025-10-02 23:42,2.974
2025-10-02 23:48,2.826
2025-10-02 23:54,2.681
2025-10-03 00:00,2.539
2025-10-03 00:06,2.4
2025-10-03 00:12,2.265
2025-10-03 00:18,2.134
2025-10-03 00:24,2.007
2025-10-03 00:30,1.885
2025-10-03 00:36,1.768
2025-10-03 00:42,1.657
2025-10-03 00:48,1.553
2025-10-03 00:54,1.456
2025-10-03 01:00,1.366
2025-10-03 01:06,1.284
2025-10-03 01:12,1.211
2025-10-03 01:18,1.146
2025-10-03 01:24,1.092
2025-10-03 01:30,1.047
2025-10-03 01:36,1.013
2025-10-03 01:42,0.99
2025-10-03 01:48,0.978
2025-10-03 01:54,0.977
2025-10-03 02:00,0.987
2025-10-03 02:06,1.008
2025-10-03 02:12,1.04
2025-10-03 02:18,1.084
2025-10-03 02:24,1.137
2025-10-03 02:30,1.201
2025-10-03 02:36,1.275
2025-10-03 02:42,1.358
2025-10-03 02:48,1.449
2025-10-03 02:54,1.548
2025-10-03 03:00,1.655
2025-10-03 03:06,1.769
2025-10-03 03:12,1.888
2025-10-03 03:18,2.013
2025-10-03 03:24,2.143
2025-10-03 03:30,2.277
2025-10-03 03:36,2.415
2025-10-03 03:42,2.556
2025-10-03 03:48,2.7
2025-10-03 03:54,2.846
2025-10-03 04:00,2.994
2025-10-03 04:06,3.144
2025-10-03 04:12,3.296
2025-10-03 04:18,3.45
2025-10-03 04:24,3.605
2025-10-03 04:30,3.761
2025-10-03 04:36,3.918
2025-10-03 04:42,4.077
2025-10-03 04:48,4.237
2025-10-03 04:54,4.399
2025-10-03 05:00,4.561
2025-10-03 05:06,4.724
2025-10-03 05:12,4.888
2025-10-03 05:18,5.053
2025-10-03 05:24,5.218
2025-10-03 05:30,5.384
2025-10-03 05:36,5.549
2025-10-03 05:42,5.713
2025-10-03 05:48,5.876
2025-10-03 05:54,6.037
2025-10-03 06:00,6.196
2025-10-03 06:06,6.352
2025-10-03 06:12,6.504
2025-10-03 06:18,6.652
2025-10-03 06:24,6.794
2025-10-03 06:30,6.931
2025-10-03 06:36,7.062
2025-10-03 06:42,7.185
2025-10-03 06:48,7.301
2025-10-03 06:54,7.408
2025-10-03 07:00,7.506
2025-10-03 07:06,7.595
2025-10-03 07:12,7.675
2025-10-03 07:18,7.744
2025-10-03 07:24,7.803
2025-10-03 07:30,7.851
2025-10-03 07:36,7.889
2025-10-03 07:42,7.916
2025-10-03 07:48,7.932
2025-10-03 07:54,7.938
2025-10-03 08:00,7.933
2025-10-03 08:06,7.918
2025-10-03 08:12,7.892
2025-10-03 08:18,7.857
2025-10-03 08:24,7.812
2025-10-03 08:30,7.758
2025-10-03 08:36,7.696
2025-10-03 08:42,7.624
2025-10-03 08:48,7.545
2025-10-03 08:54,7.458
2025-10-03 09:00,7.363
2025-10-03 09:06,7.262
2025-10-03 09:12,7.154
2025-10-03 09:18,7.04
2025-10-03 09:24,6.921
2025-10-03 09:30,6.796
2025-10-03 09:36,6.667
2025-10-03 09:42,6.533
2025-10-03 09:48,6.396
2025-10-03 09:54,6.255
2025-10-03 10:00,6.111
2025-10-03 10:06,5.964
2025-10-03 10:12,5.815
2025-10-03 10:18,5.664
2025-10-03 10:24,5.512
2025-10-03 10:30,5.358
2025-10-03 10:36,5.204
2025-10-03 10:42,5.05
2025-10-03 10:48,4.896
2025-10-03 10:54,4.742
2025-10-03 11:00,4.588
2025-10-03 11:06,4.435
2025-10-03 11:12,4.283
2025-10-03 11:18,4.133
2025-10-03 11:24,3.984
2025-10-03 11:30,3.836
2025-10-03 11:36,3.69
2025-10-03 11:42,3.546
2025-10-03 11:48,3.405
2025-10-03 11:54,3.265
2025-10-03 12:00,3.128
2025-10-03 12:06,2.993
2025-10-03 12:12,2.86
2025-10-03 12:18,2.731
2025-10-03 12:24,2.605
2025-10-03 12:30,2.482
2025-10-03 12:36,2.363
2025-10-03 12:42,2.248
2025-10-03 12:48,2.138
2025-10-03 12:54,2.032
2025-10-03 13:00,1.932
2025-10-03 13:06,1.838
2025-10-03 13:12,1.75
2025-10-03 13:18,1.669
2025-10-03 13:24,1.596
2025-10-03 13:30,1.531
2025-10-03 13:36,1.475
2025-10-03 13:42,1.427
2025-10-03 13:48,1.39
2025-10-03 13:54,1.362
2025-10-03 14:00,1.345
2025-10-03 14:06,1.339
2025-10-03 14:12,1.343
2025-10-03 14:18,1.359
2025-10-03 14:24,1.386
2025-10-03 14:30,1.425
2025-10-03 14:36,1.474
2025-10-03 14:42,1.535
2025-10-03 14:48,1.606
2025-10-03 14:54,1.687
2025-10-03 15:00,1.778
2025-10-03 15:06,1.879
2025-10-03 15:12,1.988
2025-10-03 15:18,2.105
2025-10-03 15:24,2.23
2025-10-03 15:30,2.361
2025-10-03 15:36,2.499
2025-10-03 15:42,2.642
2025-10-03 15:48,2.79
2025-10-03 15:54,2.942
2025-10-03 16:00,3.097
2025-10-03 16:06,3.256
2025-10-03 16:12,3.418
2025-10-03 16:18,3.582
2025-10-03 16:24,3.748
2025-10-03 16:30,3.915
2025-10-03 16:36,4.084
2025-10-03 16:42,4.255
2025-10-03 16:48,4.426
2025-10-03 16:54,4.598
2025-10-03 17:00,4.772
2025-10-03 17:06,4.946
2025-10-03 17:12,5.121
2025-10-03 17:18,5.297
2025-10-03 17:24,5.474
2025-10-03 17:30,5.65
2025-10-03 17:36,5.828
2025-10-03 17:42,6.005
2025-10-03 17:48,6.182
2025-10-03 17:54,6.359
2025-10-03 18:00,6.534
2025-10-03 18:06,6.708
2025-10-03 18:12,6.881
2025-10-03 18:18,7.051
2025-10-03 18:24,7.217
2025-10-03 18:30,7.38
2025-10-03 18:36,7.539
2025-10-03 18:42,7.692
2025-10-03 18:48,7.84
2025-10-03 18:54,7.981
2025-10-03 19:00,8.115
2025-10-03 19:06,8.24
2025-10-03 19:12,8.358
2025-10-03 19:18,8.466
2025-10-03 19:24,8.564
2025-10-03 19:30,8.652
2025-10-03 19:36,8.729
2025-10-03 19:42,8.795
2025-10-03 19:48,8.85
2025-10-03 19:54,8.893
2025-10-03 20:00,8.925
2025-10-03 20:06,8.945
2025-10-03 20:12,8.954
2025-10-03 20:18,8.95
2025-10-03 20:24,8.935
2025-10-03 20:30,8.909
2025-10-03 20:36,8.872
2025-10-03 20:42,8.824
2025-10-03 20:48,8.765
2025-10-03 20:54,8.696
2025-10-03 21:00,8.617
2025-10-03 21:06,8.529
2025-10-03 21:12,8.432
2025-10-03 21:18,8.326
2025-10-03 21:24,8.212
2025-10-03 21:30,8.09
2025-10-03 21:36,7.961
2025-10-03 21:42,7.824
2025-10-03 21:48,7.682
2025-10-03 21:54,7.533
2025-10-03 22:00,7.378
2025-10-03 22:06,7.219
2025-10-03 22:12,7.055
2025-10-03 22:18,6.886
2025-10-03 22:24,6.714
2025-10-03 22:30,6.538
2025-10-03 22:36,6.36
2025-10-03 22:42,6.179
2025-10-03 22:48,5.996
2025-10-03 22:54,5.811
2025-10-03 23:00,5.626
2025-10-03 23:06,5.439
2025-10-03 23:12,5.252
2025-10-03 23:18,5.065
2025-10-03 23:24,4.878
2025-10-03 23:30,4.692
2025-10-03 23:36,4.506
2025-10-03 23:42,4.322
2025-10-03 23:48,4.139
2025-10-03 23:54,3.957
2025-10-04 00:00,3.778
2025-10-04 00:06,3.6
2025-10-04 00:12,3.424
2025-10-04 00:18,3.251
2025-10-04 00:24,3.081
2025-10-04 00:30,2.913
2025-10-04 00:36,2.748
2025-10-04 00:42,2.586
2025-10-04 00:48,2.428
2025-10-04 00:54,2.274
2025-10-04 01:00,2.124
2025-10-04 01:06,1.978
2025-10-04 01:12,1.837
2025-10-04 01:18,1.702
2025-10-04 01:24,1.573
2025-10-04 01:30,1.45
2025-10-04 01:36,1.334
2025-10-04 01:42,1.226
2025-10-04 01:48,1.126
2025-10-04 01:54,1.034
2025-10-04 02:00,0.952
2025-10-04 02:06,0.88
2025-10-04 02:12,0.818
2025-10-04 02:18,0.767
2025-10-04 02:24,0.727
2025-10-04 02:30,0.698
2025-10-04 02:36,0.682
2025-10-04 02:42,0.677
2025-10-04 02:48,0.685
2025-10-04 02:54,0.704
2025-10-04 03:00,0.736
2025-10-04 03:06,0.78
2025-10-04 03:12,0.835
2025-10-04 03:18,0.901
2025-10-04 03:24,0.978
2025-10-04 03:30,1.066
2025-10-04 03:36,1.163
2025-10-04 03:42,1.269
2025-10-04 03:48,1.384
2025-10-04 03:54,1.507
2025-10-04 04:00,1.637
2025-10-04 04:06,1.773
2025-10-04 04:12,1.915
2025-10-04 04:18,2.063
2025-10-04 04:24,2.215
2025-10-04 04:30,2.372
2025-10-04 04:36,2.532
2025-10-04 04:42,2.695
2025-10-04 04:48,2.861
2025-10-04 04:54,3.03
2025-10-04 05:00,3.201
2025-10-04 05:06,3.374
2025-10-04 05:12,3.549
2025-10-04 05:18,3.726
2025-10-04 05:24,3.904
2025-10-04 05:30,4.085
2025-10-04 05:36,4.266
2025-10-04 05:42,4.449
2025-10-04 05:48,4.633
2025-10-04 05:54,4.818
2025-10-04 06:00,5.003
2025-10-04 06:06,5.19
2025-10-04 06:12,5.376
2025-10-04 06:18,5.563
2025-10-04 06:24,5.749
2025-10-04 06:30,5.934
2025-10-04 06:36,6.117
2025-10-04 06:42,6.299
2025-10-04 06:48,6.477
2025-10-04 06:54,6.652
2025-10-04 07:00,6.823
2025-10-04 07:06,6.989
2025-10-04 07:12,7.15
2025-10-04 07:18,7.304
2025-10-04 07:24,7.451
2025-10-04 07:30,7.59
2025-10-04 07:36,7.721
2025-10-04 07:42,7.843
2025-10-04 07:48,7.955
2025-10-04 07:54,8.057
2025-10-04 08:00,8.148
2025-10-04 08:06,8.228
2025-10-04 08:12,8.297
2025-10-04 08:18,8.355
2025-10-04 08:24,8.4
2025-10-04 08:30,8.434
2025-10-04 08:36,8.456
2025-10-04 08:42,8.467
2025-10-04 08:48,8.465
2025-10-04 08:54,8.453
2025-10-04 09:00,8.428
2025-10-04 09:06,8.393
2025-10-04 09:12,8.347
2025-10-04 09:18,8.291
2025-10-04 09:24,8.224
2025-10-04 09:30,8.148
2025-10-04 09:36,8.063
2025-10-04 09:42,7.968
2025-10-04 09:48,7.865
2025-10-04 09:54,7.754
2025-10-04 10:00,7.635
2025-10-04 10:06,7.509
2025-10-04 10:12,7.376
2025-10-04 10:18,7.237
2025-10-04 10:24,7.092
2025-10-04 10:30,6.941
2025-10-04 10:36,6.786
2025-10-04 10:42,6.626
2025-10-04 10:48,6.462
2025-10-04 10:54,6.294
2025-10-04 11:00,6.123
2025-10-04 11:06,5.95
2025-10-04 11:12,5.774
2025-10-04 11:18,5.597
2025-10-04 11:24,5.418
2025-10-04 11:30,5.238
2025-10-04 11:36,5.058
2025-10-04 11:42,4.878
2025-10-04 11:48,4.697
2025-10-04 11:54,4.518
2025-10-04 12:00,4.339
2025-10-04 12:06,4.162
2025-10-04 12:12,3.985
2025-10-04 12:18,3.811
2025-10-04 12:24,3.638
2025-10-04 12:30,3.468
2025-10-04 12:36,3.3
2025-10-04 12:42,3.134
2025-10-04 12:48,2.972
2025-10-04 12:54,2.812
2025-10-04 13:00,2.656
2025-10-04 13:06,2.503
2025-10-04 13:12,2.353
2025-10-04 13:18,2.208
2025-10-04 13:24,2.067
2025-10-04 13:30,1.931
2025-10-04 13:36,1.801
2025-10-04 13:42,1.676
2025-10-04 13:48,1.557
2025-10-04 13:54,1.444
2025-10-04 14:00,1.339
2025-10-04 14:06,1.242
2025-10-04 14:12,1.153
2025-10-04 14:18,1.073
2025-10-04 14:24,1.002
2025-10-04 14:30,0.942
2025-10-04 14:36,0.892
2025-10-04 14:42,0.853
2025-10-04 14:48,0.825
2025-10-04 14:54,0.81
2025-10-04 15:00,0.806
2025-10-04 15:06,0.814
2025-10-04 15:12,0.835
2025-10-04 15:18,0.868
2025-10-04 15:24,0.914
2025-10-04 15:30,0.971
2025-10-04 15:36,1.041
2025-10-04 15:42,1.122
2025-10-04 15:48,1.214
2025-10-04 15:54,1.317
2025-10-04 16:00,1.43
2025-10-04 16:06,1.552
2025-10-04 16:12,1.683
2025-10-04 16:18,1.822
2025-10-04 16:24,1.969
2025-10-04 16:30,2.122
2025-10-04 16:36,2.282
2025-10-04 16:42,2.446
2025-10-04 16:48,2.616
2025-10-04 16:54,2.79
2025-10-04 17:00,2.968
2025-10-04 17:06,3.149
2025-10-04 17:12,3.332
2025-10-04 17:18,3.519
2025-10-04 17:24,3.707
2025-10-04 17:30,3.898
2025-10-04 17:36,4.09
2025-10-04 17:42,4.283
2025-10-04 17:48,4.478
2025-10-04 17:54,4.674
2025-10-04 18:00,4.871
2025-10-04 18:06,5.069
2025-10-04 18:12,5.268
2025-10-04 18:18,5.467
2025-10-04 18:24,5.666
2025-10-04 18:30,5.866
2025-10-04 18:36,6.065
2025-10-04 18:42,6.263
2025-10-04 18:48,6.461
2025-10-04 18:54,6.656
2025-10-04 19:00,6.85
2025-10-04 19:06,7.041
2025-10-04 19:12,7.228
2025-10-04 19:18,7.411
2025-10-04 19:24,7.59
2025-10-04 19:30,7.763
2025-10-04 19:36,7.929
2025-10-04 19:42,8.089
2025-10-04 19:48,8.241
2025-10-04 19:54,8.384
2025-10-04 20:00,8.518
2025-10-04 20:06,8.642
2025-10-04 20:12,8.756
2025-10-04 20:18,8.859
2025-10-04 20:24,8.95
2025-10-04 20:30,9.03
2025-10-04 20:36,9.097
2025-10-04 20:42,9.152
2025-10-04 20:48,9.195
2025-10-04 20:54,9.225
2025-10-04 21:00,9.242
2025-10-04 21:06,9.246
2025-10-04 21:12,9.238
2025-10-04 21:18,9.218
2025-10-04 21:24,9.185
2025-10-04 21:30,9.141
2025-10-04 21:36,9.084
2025-10-04 21:42,9.017
2025-10-04 21:48,8.938
2025-10-04 21:54,8.849
2025-10-04 22:00,8.75
2025-10-04 22:06,8.64
2025-10-04 22:12,8.522
2025-10-04 22:18,8.394
2025-10-04 22:24,8.258
2025-10-04 22:30,8.114
2025-10-04 22:36,7.962
2025-10-04 22:42,7.804
2025-10-04 22:48,7.638
2025-10-04 22:54,7.467
2025-10-04 23:00,7.29
2025-10-04 23:06,7.108
2025-10-04 23:12,6.921
2025-10-04 23:18,6.73
2025-10-04 23:24,6.535
2025-10-04 23:30,6.338
2025-10-04 23:36,6.137
2025-10-04 23:42,5.935
2025-10-04 23:48,5.731
2025-10-04 23:54,5.526
2025-10-05 00:00,5.32
2025-10-05 00:06,5.114
2025-10-05 00:12,4.908
2025-10-05 00:18,4.703
2025-10-05 00:24,4.498
2025-10-05 00:30,4.295
2025-10-05 00:36,4.094
2025-10-05 00:42,3.894
2025-10-05 00:48,3.696
2025-10-05 00:54,3.501
2025-10-05 01:00,3.308
2025-10-05 01:06,3.118
2025-10-05 01:12,2.932
2025-10-05 01:18,2.748
2025-10-05 01:24,2.569
2025-10-05 01:30,2.393
2025-10-05 01:36,2.222
2025-10-05 01:42,2.055
2025-10-05 01:48,1.893
2025-10-05 01:54,1.736
2025-10-05 02:00,1.585
2025-10-05 02:06,1.44
2025-10-05 02:12,1.302
2025-10-05 02:18,1.171
2025-10-05 02:24,1.048
2025-10-05 02:30,0.933
2025-10-05 02:36,0.827
2025-10-05 02:42,0.73
2025-10-05 02:48,0.644
2025-10-05 02:54,0.568
2025-10-05 03:00,0.503
2025-10-05 03:06,0.45
2025-10-05 03:12,0.409
2025-10-05 03:18,0.381
2025-10-05 03:24,0.365
2025-10-05 03:30,0.363
2025-10-05 03:36,0.373
2025-10-05 03:42,0.397
2025-10-05 03:48,0.433
2025-10-05 03:54,0.483
2025-10-05 04:00,0.546
2025-10-05 04:06,0.621
2025-10-05 04:12,0.708
2025-10-05 04:18,0.806
2025-10-05 04:24,0.915
2025-10-05 04:30,1.035
2025-10-05 04:36,1.164
2025-10-05 04:42,1.303
2025-10-05 04:48,1.45
2025-10-05 04:54,1.604
2025-10-05 05:00,1.765
2025-10-05 05:06,1.933
2025-10-05 05:12,2.106
2025-10-05 05:18,2.284
2025-10-05 05:24,2.466
2025-10-05 05:30,2.652
2025-10-05 05:36,2.842
2025-10-05 05:42,3.035
2025-10-05 05:48,3.23
2025-10-05 05:54,3.427
2025-10-05 06:00,3.627
2025-10-05 06:06,3.829
2025-10-05 06:12,4.032
2025-10-05 06:18,4.236
2025-10-05 06:24,4.442
2025-10-05 06:30,4.649
2025-10-05 06:36,4.857
2025-10-05 06:42,5.065
2025-10-05 06:48,5.274
2025-10-05 06:54,5.483
2025-10-05 07:00,5.692
2025-10-05 07:06,5.9
2025-10-05 07:12,6.107
2025-10-05 07:18,6.312
2025-10-05 07:24,6.515
2025-10-05 07:30,6.716
2025-10-05 07:36,6.913
2025-10-05 07:42,7.105
2025-10-05 07:48,7.293
2025-10-05 07:54,7.476
2025-10-05 08:00,7.652
2025-10-05 08:06,7.821
2025-10-05 08:12,7.982
2025-10-05 08:18,8.134
2025-10-05 08:24,8.277
2025-10-05 08:30,8.41
2025-10-05 08:36,8.532
2025-10-05 08:42,8.644
2025-10-05 08:48,8.743
2025-10-05 08:54,8.831
2025-10-05 09:00,8.906
2025-10-05 09:06,8.969
2025-10-05 09:12,9.018
2025-10-05 09:18,9.055
2025-10-05 09:24,9.078
2025-10-05 09:30,9.089
2025-10-05 09:36,9.086
2025-10-05 09:42,9.071
2025-10-05 09:48,9.043
2025-10-05 09:54,9.002
2025-10-05 10:00,8.95
2025-10-05 10:06,8.885
2025-10-05 10:12,8.809
2025-10-05 10:18,8.722
2025-10-05 10:24,8.624
2025-10-05 10:30,8.516
2025-10-05 10:36,8.398
2025-10-05 10:42,8.271
2025-10-05 10:48,8.134
2025-10-05 10:54,7.99
2025-10-05 11:00,7.837
2025-10-05 11:06,7.677
2025-10-05 11:12,7.509
2025-10-05 11:18,7.336
2025-10-05 11:24,7.156
2025-10-05 11:30,6.971
2025-10-05 11:36,6.781
2025-10-05 11:42,6.587
2025-10-05 11:48,6.388
2025-10-05 11:54,6.187
2025-10-05 12:00,5.983
2025-10-05 12:06,5.777
2025-10-05 12:12,5.569
2025-10-05 12:18,5.36
2025-10-05 12:24,5.15
2025-10-05 12:30,4.94
2025-10-05 12:36,4.73
2025-10-05 12:42,4.52
2025-10-05 12:48,4.312
2025-10-05 12:54,4.106
2025-10-05 13:00,3.901
2025-10-05 13:06,3.698
2025-10-05 13:12,3.497
2025-10-05 13:18,3.299
2025-10-05 13:24,3.104
2025-10-05 13:30,2.912
2025-10-05 13:36,2.724
2025-10-05 13:42,2.54
2025-10-05 13:48,2.359
2025-10-05 13:54,2.182
2025-10-05 14:00,2.011
2025-10-05 14:06,1.844
2025-10-05 14:12,1.682
2025-10-05 14:18,1.526
2025-10-05 14:24,1.376
2025-10-05 14:30,1.232
2025-10-05 14:36,1.096
2025-10-05 14:42,0.967
2025-10-05 14:48,0.846
2025-10-05 14:54,0.734
2025-10-05 15:00,0.631
2025-10-05 15:06,0.538
2025-10-05 15:12,0.455
2025-10-05 15:18,0.384
2025-10-05 15:24,0.323
2025-10-05 15:30,0.275
2025-10-05 15:36,0.24
2025-10-05 15:42,0.217
2025-10-05 15:48,0.208
2025-10-05 15:54,0.212
2025-10-05 16:00,0.229
2025-10-05 16:06,0.261
2025-10-05 16:12,0.305
2025-10-05 16:18,0.364
2025-10-05 16:24,0.435
2025-10-05 16:30,0.52
2025-10-05 16:36,0.617
2025-10-05 16:42,0.726
2025-10-05 16:48,0.846
2025-10-05 16:54,0.978
2025-10-05 17:00,1.119
2025-10-05 17:06,1.27
2025-10-05 17:12,1.43
2025-10-05 17:18,1.598
2025-10-05 17:24,1.772
2025-10-05 17:30,1.954
2025-10-05 17:36,2.141
2025-10-05 17:42,2.334
2025-10-05 17:48,2.531
2025-10-05 17:54,2.732
2025-10-05 18:00,2.936
2025-10-05 18:06,3.144
2025-10-05 18:12,3.354
2025-10-05 18:18,3.566
2025-10-05 18:24,3.781
2025-10-05 18:30,3.997
2025-10-05 18:36,4.214
2025-10-05 18:42,4.433
2025-10-05 18:48,4.652
2025-10-05 18:54,4.873
2025-10-05 19:00,5.094
2025-10-05 19:06,5.315
2025-10-05 19:12,5.536
2025-10-05 19:18,5.757
2025-10-05 19:24,5.977
2025-10-05 19:30,6.197
2025-10-05 19:36,6.415
2025-10-05 19:42,6.63
2025-10-05 19:48,6.844
2025-10-05 19:54,7.054
2025-10-05 20:00,7.26
2025-10-05 20:06,7.462
2025-10-05 20:12,7.658
2025-10-05 20:18,7.849
2025-10-05 20:24,8.032
2025-10-05 20:30,8.208
2025-10-05 20:36,8.376
2025-10-05 20:42,8.534
2025-10-05 20:48,8.683
2025-10-05 20:54,8.821
2025-10-05 21:00,8.948
2025-10-05 21:06,9.064
2025-10-05 21:12,9.167
2025-10-05 21:18,9.258
2025-10-05 21:24,9.335
2025-10-05 21:30,9.399
2025-10-05 21:36,9.45
2025-10-05 21:42,9.487
2025-10-05 21:48,9.51
2025-10-05 21:54,9.52
2025-10-05 22:00,9.516
2025-10-05 22:06,9.498
2025-10-05 22:12,9.467
2025-10-05 22:18,9.422
2025-10-05 22:24,9.365
2025-10-05 22:30,9.296
2025-10-05 22:36,9.214
2025-10-05 22:42,9.12
2025-10-05 22:48,9.015
2025-10-05 22:54,8.899
2025-10-05 23:00,8.772
2025-10-05 23:06,8.636
2025-10-05 23:12,8.49
2025-10-05 23:18,8.335
2025-10-05 23:24,8.171
2025-10-05 23:30,8
2025-10-05 23:36,7.821
2025-10-05 23:42,7.635
2025-10-05 23:48,7.443
2025-10-05 23:54,7.245
2025-10-06 00:00,7.042
2025-10-06 00:06,6.834
2025-10-06 00:12,6.623
2025-10-06 00:18,6.408
2025-10-06 00:24,6.19
2025-10-06 00:30,5.969
2025-10-06 00:36,5.747
2025-10-06 00:42,5.524
2025-10-06 00:48,5.301
2025-10-06 00:54,5.077
2025-10-06 01:00,4.853
2025-10-06 01:06,4.63
2025-10-06 01:12,4.409
2025-10-06 01:18,4.189
2025-10-06 01:24,3.971
2025-10-06 01:30,3.755
2025-10-06 01:36,3.542
2025-10-06 01:42,3.332
2025-10-06 01:48,3.125
2025-10-06 01:54,2.922
2025-10-06 02:00,2.723
2025-10-06 02:06,2.527
2025-10-06 02:12,2.336
2025-10-06 02:18,2.15
2025-10-06 02:24,1.969
2025-10-06 02:30,1.793
2025-10-06 02:36,1.623
2025-10-06 02:42,1.458
2025-10-06 02:48,1.301
2025-10-06 02:54,1.15
2025-10-06 03:00,1.006
2025-10-06 03:06,0.871
2025-10-06 03:12,0.744
2025-10-06 03:18,0.627
2025-10-06 03:24,0.519
2025-10-06 03:30,0.421
2025-10-06 03:36,0.335
2025-10-06 03:42,0.26
2025-10-06 03:48,0.197
2025-10-06 03:54,0.146
2025-10-06 04:00,0.109
2025-10-06 04:06,0.085
2025-10-06 04:12,0.075
2025-10-06 04:18,0.079
2025-10-06 04:24,0.097
2025-10-06 04:30,0.13
2025-10-06 04:36,0.176
2025-10-06 04:42,0.237
2025-10-06 04:48,0.312
2025-10-06 04:54,0.4
2025-10-06 05:00,0.501
2025-10-06 05:06,0.615
2025-10-06 05:12,0.741
2025-10-06 05:18,0.878
2025-10-06 05:24,1.027
2025-10-06 05:30,1.185
2025-10-06 05:36,1.352
2025-10-06 05:42,1.528
2025-10-06 05:48,1.711
2025-10-06 05:54,1.902
2025-10-06 06:00,2.098
2025-10-06 06:06,2.3
2025-10-06 06:12,2.507
2025-10-06 06:18,2.718
2025-10-06 06:24,2.933
2025-10-06 06:30,3.15
2025-10-06 06:36,3.371
2025-10-06 06:42,3.594
2025-10-06 06:48,3.818
2025-10-06 06:54,4.044
2025-10-06 07:00,4.272
2025-10-06 07:06,4.5
2025-10-06 07:12,4.73
2025-10-06 07:18,4.959
2025-10-06 07:24,5.19
2025-10-06 07:30,5.42
2025-10-06 07:36,5.65
2025-10-06 07:42,5.88
2025-10-06 07:48,6.108
2025-10-06 07:54,6.335
2025-10-06 08:00,6.561
2025-10-06 08:06,6.784
2025-10-06 08:12,7.004
2025-10-06 08:18,7.221
2025-10-06 08:24,7.434
2025-10-06 08:30,7.642
2025-10-06 08:36,7.844
2025-10-06 08:42,8.039
2025-10-06 08:48,8.228
2025-10-06 08:54,8.409
2025-10-06 09:00,8.58
2025-10-06 09:06,8.743
2025-10-06 09:12,8.895
2025-10-06 09:18,9.036
2025-10-06 09:24,9.166
2025-10-06 09:30,9.283
2025-10-06 09:36,9.387
2025-10-06 09:42,9.479
2025-10-06 09:48,9.556
2025-10-06 09:54,9.62
2025-10-06 10:00,9.67
2025-10-06 10:06,9.705
2025-10-06 10:12,9.726
2025-10-06 10:18,9.733
2025-10-06 10:24,9.725
2025-10-06 10:30,9.703
2025-10-06 10:36,9.666
2025-10-06 10:42,9.616
2025-10-06 10:48,9.553
2025-10-06 10:54,9.476
2025-10-06 11:00,9.386
2025-10-06 11:06,9.284
2025-10-06 11:12,9.17
2025-10-06 11:18,9.044
2025-10-06 11:24,8.907
2025-10-06 11:30,8.76
2025-10-06 11:36,8.602
2025-10-06 11:42,8.435
2025-10-06 11:48,8.26
2025-10-06 11:54,8.075
2025-10-06 12:00,7.883
2025-10-06 12:06,7.684
2025-10-06 12:12,7.478
2025-10-06 12:18,7.266
2025-10-06 12:24,7.049
2025-10-06 12:30,6.827
2025-10-06 12:36,6.6
2025-10-06 12:42,6.37
2025-10-06 12:48,6.138
2025-10-06 12:54,5.902
2025-10-06 13:00,5.665
2025-10-06 13:06,5.427
2025-10-06 13:12,5.188
2025-10-06 13:18,4.949
2025-10-06 13:24,4.711
2025-10-06 13:30,4.473
2025-10-06 13:36,4.237
2025-10-06 13:42,4.002
2025-10-06 13:48,3.77
2025-10-06 13:54,3.54
2025-10-06 14:00,3.313
2025-10-06 14:06,3.089
2025-10-06 14:12,2.869
2025-10-06 14:18,2.653
2025-10-06 14:24,2.441
2025-10-06 14:30,2.233
2025-10-06 14:36,2.03
2025-10-06 14:42,1.832
2025-10-06 14:48,1.64
2025-10-06 14:54,1.453
2025-10-06 15:00,1.272
2025-10-06 15:06,1.098
2025-10-06 15:12,0.93
2025-10-06 15:18,0.771
2025-10-06 15:24,0.619
2025-10-06 15:30,0.475
2025-10-06 15:36,0.341
2025-10-06 15:42,0.216
2025-10-06 15:48,0.101
2025-10-06 15:54,-0.003
2025-10-06 16:00,-0.095
2025-10-06 16:06,-0.175
2025-10-06 16:12,-0.243
2025-10-06 16:18,-0.297
2025-10-06 16:24,-0.338
2025-10-06 16:30,-0.365
2025-10-06 16:36,-0.378
2025-10-06 16:42,-0.375
2025-10-06 16:48,-0.358
2025-10-06 16:54,-0.326
2025-10-06 17:00,-0.28
2025-10-06 17:06,-0.218
2025-10-06 17:12,-0.142
2025-10-06 17:18,-0.052
2025-10-06 17:24,0.052
2025-10-06 17:30,0.17
2025-10-06 17:36,0.3
2025-10-06 17:42,0.442
2025-10-06 17:48,0.595
2025-10-06 17:54,0.759
2025-10-06 18:00,0.932
2025-10-06 18:06,1.115
2025-10-06 18:12,1.305
2025-10-06 18:18,1.503
2025-10-06 18:24,1.708
2025-10-06 18:30,1.918
2025-10-06 18:36,2.134
2025-10-06 18:42,2.354
2025-10-06 18:48,2.578
2025-10-06 18:54,2.805
2025-10-06 19:00,3.035
2025-10-06 19:06,3.268
2025-10-06 19:12,3.502
2025-10-06 19:18,3.738
2025-10-06 19:24,3.976
2025-10-06 19:30,4.214
2025-10-06 19:36,4.454
2025-10-06 19:42,4.694
2025-10-06 19:48,4.934
2025-10-06 19:54,5.174
2025-10-06 20:00,5.414
2025-10-06 20:06,5.654
2025-10-06 20:12,5.892
2025-10-06 20:18,6.129
2025-10-06 20:24,6.365
2025-10-06 20:30,6.598
2025-10-06 20:36,6.828
2025-10-06 20:42,7.054
2025-10-06 20:48,7.276
2025-10-06 20:54,7.494
2025-10-06 21:00,7.705
2025-10-06 21:06,7.91
2025-10-06 21:12,8.108
2025-10-06 21:18,8.298
2025-10-06 21:24,8.478
2025-10-06 21:30,8.65
2025-10-06 21:36,8.81
2025-10-06 21:42,8.96
2025-10-06 21:48,9.098
2025-10-06 21:54,9.223
2025-10-06 22:00,9.335
2025-10-06 22:06,9.434
2025-10-06 22:12,9.519
2025-10-06 22:18,9.589
2025-10-06 22:24,9.645
2025-10-06 22:30,9.687
2025-10-06 22:36,9.713
2025-10-06 22:42,9.725
2025-10-06 22:48,9.722
2025-10-06 22:54,9.705
2025-10-06 23:00,9.673
2025-10-06 23:06,9.626
2025-10-06 23:12,9.566
2025-10-06 23:18,9.492
2025-10-06 23:24,9.405
2025-10-06 23:30,9.306
2025-10-06 23:36,9.193
2025-10-06 23:42,9.07
2025-10-06 23:48,8.934
2025-10-06 23:54,8.788
2025-10-07 00:00,8.632
2025-10-07 00:06,8.466
2025-10-07 00:12,8.291
2025-10-07 00:18,8.107
2025-10-07 00:24,7.916
2025-10-07 00:30,7.717
2025-10-07 00:36,7.511
2025-10-07 00:42,7.3
2025-10-07 00:48,7.083
2025-10-07 00:54,6.861
2025-10-07 01:00,6.635
2025-10-07 01:06,6.405
2025-10-07 01:12,6.173
2025-10-07 01:18,5.938
2025-10-07 01:24,5.702
2025-10-07 01:30,5.465
2025-10-07 01:36,5.227
2025-10-07 01:42,4.989
2025-10-07 01:48,4.751
2025-10-07 01:54,4.515
2025-10-07 02:00,4.28
2025-10-07 02:06,4.048
2025-10-07 02:12,3.817
2025-10-07 02:18,3.59
2025-10-07 02:24,3.366
2025-10-07 02:30,3.145
2025-10-07 02:36,2.928
2025-10-07 02:42,2.715
2025-10-07 02:48,2.507
2025-10-07 02:54,2.303
2025-10-07 03:00,2.105
2025-10-07 03:06,1.912
2025-10-07 03:12,1.724
2025-10-07 03:18,1.543
2025-10-07 03:24,1.368
2025-10-07 03:30,1.199
2025-10-07 03:36,1.039
2025-10-07 03:42,0.885
2025-10-07 03:48,0.741
2025-10-07 03:54,0.605
2025-10-07 04:00,0.478
2025-10-07 04:06,0.361
2025-10-07 04:12,0.255
2025-10-07 04:18,0.16
2025-10-07 04:24,0.077
2025-10-07 04:30,0.006
2025-10-07 04:36,-0.052
2025-10-07 04:42,-0.096
2025-10-07 04:48,-0.127
2025-10-07 04:54,-0.143
2025-10-07 05:00,-0.145
2025-10-07 05:06,-0.131
2025-10-07 05:12,-0.103
2025-10-07 05:18,-0.059
2025-10-07 05:24,0
2025-10-07 05:30,0.074
2025-10-07 05:36,0.162
2025-10-07 05:42,0.265
2025-10-07 05:48,0.382
2025-10-07 05:54,0.512
2025-10-07 06:00,0.655
2025-10-07 06:06,0.811
2025-10-07 06:12,0.978
2025-10-07 06:18,1.155
2025-10-07 06:24,1.342
2025-10-07 06:30,1.538
2025-10-07 06:36,1.742
2025-10-07 06:42,1.954
2025-10-07 06:48,2.172
2025-10-07 06:54,2.396
2025-10-07 07:00,2.624
2025-10-07 07:06,2.857
2025-10-07 07:12,3.094
2025-10-07 07:18,3.334
2025-10-07 07:24,3.576
2025-10-07 07:30,3.82
2025-10-07 07:36,4.066
2025-10-07 07:42,4.313
2025-10-07 07:48,4.561
2025-10-07 07:54,4.809
2025-10-07 08:00,5.058
2025-10-07 08:06,5.307
2025-10-07 08:12,5.556
2025-10-07 08:18,5.804
2025-10-07 08:24,6.051
2025-10-07 08:30,6.298
2025-10-07 08:36,6.542
2025-10-07 08:42,6.785
2025-10-07 08:48,7.026
2025-10-07 08:54,7.263
2025-10-07 09:00,7.497
2025-10-07 09:06,7.726
2025-10-07 09:12,7.951
2025-10-07 09:18,8.17
2025-10-07 09:24,8.383
2025-10-07 09:30,8.589
2025-10-07 09:36,8.786
2025-10-07 09:42,8.975
2025-10-07 09:48,9.155
2025-10-07 09:54,9.324
2025-10-07 10:00,9.482
2025-10-07 10:06,9.628
2025-10-07 10:12,9.761
2025-10-07 10:18,9.881
2025-10-07 10:24,9.987
2025-10-07 10:30,10.079
2025-10-07 10:36,10.157
2025-10-07 10:42,10.219
2025-10-07 10:48,10.266
2025-10-07 10:54,10.297
2025-10-07 11:00,10.313
2025-10-07 11:06,10.313
2025-10-07 11:12,10.298
2025-10-07 11:18,10.267
2025-10-07 11:24,10.22
2025-10-07 11:30,10.159
2025-10-07 11:36,10.083
2025-10-07 11:42,9.993
2025-10-07 11:48,9.889
2025-10-07 11:54,9.771
2025-10-07 12:00,9.641
2025-10-07 12:06,9.498
2025-10-07 12:12,9.343
2025-10-07 12:18,9.176
2025-10-07 12:24,8.999
2025-10-07 12:30,8.812
2025-10-07 12:36,8.615
2025-10-07 12:42,8.409
2025-10-07 12:48,8.195
2025-10-07 12:54,7.973
2025-10-07 13:00,7.744
2025-10-07 13:06,7.509
2025-10-07 13:12,7.268
2025-10-07 13:18,7.021
2025-10-07 13:24,6.771
2025-10-07 13:30,6.516
2025-10-07 13:36,6.259
2025-10-07 13:42,5.999
2025-10-07 13:48,5.738
2025-10-07 13:54,5.475
2025-10-07 14:00,5.211
2025-10-07 14:06,4.948
2025-10-07 14:12,4.685
2025-10-07 14:18,4.424
2025-10-07 14:24,4.163
2025-10-07 14:30,3.905
2025-10-07 14:36,3.65
2025-10-07 14:42,3.397
2025-10-07 14:48,3.148
2025-10-07 14:54,2.903
2025-10-07 15:00,2.661
2025-10-07 15:06,2.425
2025-10-07 15:12,2.192
2025-10-07 15:18,1.965
2025-10-07 15:24,1.744
2025-10-07 15:30,1.528
2025-10-07 15:36,1.318
2025-10-07 15:42,1.115
2025-10-07 15:48,0.918
2025-10-07 15:54,0.729
2025-10-07 16:00,0.548
2025-10-07 16:06,0.375
2025-10-07 16:12,0.21
2025-10-07 16:18,0.055
2025-10-07 16:24,-0.09
2025-10-07 16:30,-0.224
2025-10-07 16:36,-0.348
2025-10-07 16:42,-0.459
2025-10-07 16:48,-0.559
2025-10-07 16:54,-0.645
2025-10-07 17:00,-0.718
2025-10-07 17:06,-0.776
2025-10-07 17:12,-0.821
2025-10-07 17:18,-0.85
2025-10-07 17:24,-0.864
2025-10-07 17:30,-0.862
2025-10-07 17:36,-0.845
2025-10-07 17:42,-0.812
2025-10-07 17:48,-0.763
2025-10-07 17:54,-0.698
2025-10-07 18:00,-0.618
2025-10-07 18:06,-0.523
2025-10-07 18:12,-0.413
2025-10-07 18:18,-0.289
2025-10-07 18:24,-0.152
2025-10-07 18:30,-0.002
2025-10-07 18:36,0.16
2025-10-07 18:42,0.334
2025-10-07 18:48,0.518
2025-10-07 18:54,0.712
2025-10-07 19:00,0.914
2025-10-07 19:06,1.124
2025-10-07 19:12,1.342
2025-10-07 19:18,1.566
2025-10-07 19:24,1.795
2025-10-07 19:30,2.029
2025-10-07 19:36,2.267
2025-10-07 19:42,2.509
2025-10-07 19:48,2.753
2025-10-07 19:54,3.001
2025-10-07 20:00,3.25
2025-10-07 20:06,3.501
2025-10-07 20:12,3.753
2025-10-07 20:18,4.006
2025-10-07 20:24,4.26
2025-10-07 20:30,4.515
2025-10-07 20:36,4.77
2025-10-07 20:42,5.024
2025-10-07 20:48,5.278
2025-10-07 20:54,5.531
2025-10-07 21:00,5.783
2025-10-07 21:06,6.033
2025-10-07 21:12,6.282
2025-10-07 21:18,6.527
2025-10-07 21:24,6.77
2025-10-07 21:30,7.008
2025-10-07 21:36,7.242
2025-10-07 21:42,7.471
2025-10-07 21:48,7.693
2025-10-07 21:54,7.909
2025-10-07 22:00,8.117
2025-10-07 22:06,8.316
2025-10-07 22:12,8.507
2025-10-07 22:18,8.687
2025-10-07 22:24,8.856
2025-10-07 22:30,9.013
2025-10-07 22:36,9.158
2025-10-07 22:42,9.29
2025-10-07 22:48,9.408
2025-10-07 22:54,9.512
2025-10-07 23:00,9.602
2025-10-07 23:06,9.676
2025-10-07 23:12,9.736
2025-10-07 23:18,9.779
2025-10-07 23:24,9.808
2025-10-07 23:30,9.821
2025-10-07 23:36,9.818
2025-10-07 23:42,9.8
2025-10-07 23:48,9.767
2025-10-07 23:54,9.718
2025-10-08 00:00,9.656
2025-10-08 00:06,9.579
2025-10-08 00:12,9.488
2025-10-08 00:18,9.384
2025-10-08 00:24,9.267
2025-10-08 00:30,9.137
2025-10-08 00:36,8.996
2025-10-08 00:42,8.844
2025-10-08 00:48,8.681
2025-10-08 00:54,8.508
2025-10-08 01:00,8.325
2025-10-08 01:06,8.134
2025-10-08 01:12,7.935
2025-10-08 01:18,7.728
2025-10-08 01:24,7.514
2025-10-08 01:30,7.294
2025-10-08 01:36,7.068
2025-10-08 01:42,6.837
2025-10-08 01:48,6.602
2025-10-08 01:54,6.364
2025-10-08 02:00,6.123
2025-10-08 02:06,5.879
2025-10-08 02:12,5.634
2025-10-08 02:18,5.388
2025-10-08 02:24,5.141
2025-10-08 02:30,4.895
2025-10-08 02:36,4.649
2025-10-08 02:42,4.405
2025-10-08 02:48,4.162
2025-10-08 02:54,3.922
2025-10-08 03:00,3.684
2025-10-08 03:06,3.449
2025-10-08 03:12,3.219
2025-10-08 03:18,2.992
2025-10-08 03:24,2.769
2025-10-08 03:30,2.551
2025-10-08 03:36,2.338
2025-10-08 03:42,2.13
2025-10-08 03:48,1.928
2025-10-08 03:54,1.732
2025-10-08 04:00,1.542
2025-10-08 04:06,1.359
2025-10-08 04:12,1.183
2025-10-08 04:18,1.015
2025-10-08 04:24,0.854
2025-10-08 04:30,0.702
2025-10-08 04:36,0.559
2025-10-08 04:42,0.425
2025-10-08 04:48,0.302
2025-10-08 04:54,0.188
2025-10-08 05:00,0.086
2025-10-08 05:06,-0.004
2025-10-08 05:12,-0.082
2025-10-08 05:18,-0.147
2025-10-08 05:24,-0.198
2025-10-08 05:30,-0.236
2025-10-08 05:36,-0.259
2025-10-08 05:42,-0.267
2025-10-08 05:48,-0.26
2025-10-08 05:54,-0.238
2025-10-08 06:00,-0.2
2025-10-08 06:06,-0.146
2025-10-08 06:12,-0.077
2025-10-08 06:18,0.007
2025-10-08 06:24,0.107
2025-10-08 06:30,0.222
2025-10-08 06:36,0.351
2025-10-08 06:42,0.494
2025-10-08 06:48,0.65
2025-10-08 06:54,0.818
2025-10-08 07:00,0.999
2025-10-08 07:06,1.19
2025-10-08 07:12,1.392
2025-10-08 07:18,1.602
2025-10-08 07:24,1.822
2025-10-08 07:30,2.048
2025-10-08 07:36,2.281
2025-10-08 07:42,2.521
2025-10-08 07:48,2.765
2025-10-08 07:54,3.013
2025-10-08 08:00,3.265
2025-10-08 08:06,3.52
2025-10-08 08:12,3.778
2025-10-08 08:18,4.037
2025-10-08 08:24,4.297
2025-10-08 08:30,4.559
2025-10-08 08:36,4.822
2025-10-08 08:42,5.084
2025-10-08 08:48,5.347
2025-10-08 08:54,5.609
2025-10-08 09:00,5.87
2025-10-08 09:06,6.131
2025-10-08 09:12,6.39
2025-10-08 09:18,6.648
2025-10-08 09:24,6.904
2025-10-08 09:30,7.157
2025-10-08 09:36,7.407
2025-10-08 09:42,7.654
2025-10-08 09:48,7.896
2025-10-08 09:54,8.134
2025-10-08 10:00,8.366
2025-10-08 10:06,8.593
2025-10-08 10:12,8.812
2025-10-08 10:18,9.023
2025-10-08 10:24,9.226
2025-10-08 10:30,9.42
2025-10-08 10:36,9.603
2025-10-08 10:42,9.776
2025-10-08 10:48,9.936
2025-10-08 10:54,10.084
2025-10-08 11:00,10.219
2025-10-08 11:06,10.339
2025-10-08 11:12,10.445
2025-10-08 11:18,10.536
2025-10-08 11:24,10.612
2025-10-08 11:30,10.672
2025-10-08 11:36,10.715
2025-10-08 11:42,10.743
2025-10-08 11:48,10.754
2025-10-08 11:54,10.748
2025-10-08 12:00,10.727
2025-10-08 12:06,10.689
2025-10-08 12:12,10.635
2025-10-08 12:18,10.566
2025-10-08 12:24,10.481
2025-10-08 12:30,10.381
2025-10-08 12:36,10.266
2025-10-08 12:42,10.138
2025-10-08 12:48,9.996
2025-10-08 12:54,9.841
2025-10-08 13:00,9.674
2025-10-08 13:06,9.494
2025-10-08 13:12,9.304
2025-10-08 13:18,9.103
2025-10-08 13:24,8.892
2025-10-08 13:30,8.671
2025-10-08 13:36,8.442
2025-10-08 13:42,8.205
2025-10-08 13:48,7.961
2025-10-08 13:54,7.71
2025-10-08 14:00,7.453
2025-10-08 14:06,7.19
2025-10-08 14:12,6.923
2025-10-08 14:18,6.652
2025-10-08 14:24,6.378
2025-10-08 14:30,6.101
2025-10-08 14:36,5.823
2025-10-08 14:42,5.543
2025-10-08 14:48,5.263
2025-10-08 14:54,4.982
2025-10-08 15:00,4.702
2025-10-08 15:06,4.424
2025-10-08 15:12,4.147
2025-10-08 15:18,3.872
2025-10-08 15:24,3.6
2025-10-08 15:30,3.332
2025-10-08 15:36,3.067
2025-10-08 15:42,2.806
2025-10-08 15:48,2.55
2025-10-08 15:54,2.298
2025-10-08 16:00,2.052
2025-10-08 16:06,1.812
2025-10-08 16:12,1.577
2025-10-08 16:18,1.349
2025-10-08 16:24,1.127
2025-10-08 16:30,0.912
2025-10-08 16:36,0.705
2025-10-08 16:42,0.506
2025-10-08 16:48,0.315
2025-10-08 16:54,0.133
2025-10-08 17:00,-0.039
2025-10-08 17:06,-0.202
2025-10-08 17:12,-0.354
2025-10-08 17:18,-0.495
2025-10-08 17:24,-0.625
2025-10-08 17:30,-0.742
2025-10-08 17:36,-0.847
2025-10-08 17:42,-0.938
2025-10-08 17:48,-1.015
2025-10-08 17:54,-1.077
2025-10-08 18:00,-1.125
2025-10-08 18:06,-1.158
2025-10-08 18:12,-1.174
2025-10-08 18:18,-1.175
2025-10-08 18:24,-1.159
2025-10-08 18:30,-1.128
2025-10-08 18:36,-1.08
2025-10-08 18:42,-1.016
2025-10-08 18:48,-0.936
2025-10-08 18:54,-0.841
2025-10-08 19:00,-0.73
2025-10-08 19:06,-0.605
2025-10-08 19:12,-0.466
2025-10-08 19:18,-0.314
2025-10-08 19:24,-0.149
2025-10-08 19:30,0.028
2025-10-08 19:36,0.216
2025-10-08 19:42,0.413
2025-10-08 19:48,0.62
2025-10-08 19:54,0.835
2025-10-08 20:00,1.058
2025-10-08 20:06,1.288
2025-10-08 20:12,1.523
2025-10-08 20:18,1.763
2025-10-08 20:24,2.008
2025-10-08 20:30,2.257
2025-10-08 20:36,2.509
2025-10-08 20:42,2.763
2025-10-08 20:48,3.02
2025-10-08 20:54,3.278
2025-10-08 21:00,3.538
2025-10-08 21:06,3.799
2025-10-08 21:12,4.061
2025-10-08 21:18,4.323
2025-10-08 21:24,4.585
2025-10-08 21:30,4.846
2025-10-08 21:36,5.108
2025-10-08 21:42,5.368
2025-10-08 21:48,5.627
2025-10-08 21:54,5.884
2025-10-08 22:00,6.139
2025-10-08 22:06,6.391
2025-10-08 22:12,6.639
2025-10-08 22:18,6.884
2025-10-08 22:24,7.124
2025-10-08 22:30,7.358
2025-10-08 22:36,7.586
2025-10-08 22:42,7.807
2025-10-08 22:48,8.02
2025-10-08 22:54,8.225
2025-10-08 23:00,8.42
2025-10-08 23:06,8.605
2025-10-08 23:12,8.778
2025-10-08 23:18,8.94
2025-10-08 23:24,9.089
2025-10-08 23:30,9.225
2025-10-08 23:36,9.347
2025-10-08 23:42,9.455
2025-10-08 23:48,9.548
2025-10-08 23:54,9.625
2025-10-09 00:00,9.687
2025-10-09 00:06,9.734
2025-10-09 00:12,9.765
2025-10-09 00:18,9.78
2025-10-09 00:24,9.779
2025-10-09 00:30,9.763
2025-10-09 00:36,9.731
2025-10-09 00:42,9.684
2025-10-09 00:48,9.623
2025-10-09 00:54,9.547
2025-10-09 01:00,9.456
2025-10-09 01:06,9.353
2025-10-09 01:12,9.236
2025-10-09 01:18,9.107
2025-10-09 01:24,8.966
2025-10-09 01:30,8.813
2025-10-09 01:36,8.65
2025-10-09 01:42,8.476
2025-10-09 01:48,8.293
2025-10-09 01:54,8.101
2025-10-09 02:00,7.9
2025-10-09 02:06,7.692
2025-10-09 02:12,7.477
2025-10-09 02:18,7.255
2025-10-09 02:24,7.028
2025-10-09 02:30,6.796
2025-10-09 02:36,6.559
2025-10-09 02:42,6.319
2025-10-09 02:48,6.076
2025-10-09 02:54,5.83
2025-10-09 03:00,5.582
2025-10-09 03:06,5.334
2025-10-09 03:12,5.085
2025-10-09 03:18,4.837
2025-10-09 03:24,4.589
2025-10-09 03:30,4.342
2025-10-09 03:36,4.098
2025-10-09 03:42,3.856
2025-10-09 03:48,3.617
2025-10-09 03:54,3.381
2025-10-09 04:00,3.149
2025-10-09 04:06,2.921
2025-10-09 04:12,2.698
2025-10-09 04:18,2.48
2025-10-09 04:24,2.267
2025-10-09 04:30,2.06
2025-10-09 04:36,1.859
2025-10-09 04:42,1.665
2025-10-09 04:48,1.477
2025-10-09 04:54,1.296
2025-10-09 05:00,1.122
2025-10-09 05:06,0.956
2025-10-09 05:12,0.799
2025-10-09 05:18,0.65
2025-10-09 05:24,0.511
2025-10-09 05:30,0.381
2025-10-09 05:36,0.261
2025-10-09 05:42,0.152
2025-10-09 05:48,0.055
2025-10-09 05:54,-0.031
2025-10-09 06:00,-0.105
2025-10-09 06:06,-0.165
2025-10-09 06:12,-0.212
2025-10-09 06:18,-0.245
2025-10-09 06:24,-0.264
2025-10-09 06:30,-0.268
2025-10-09 06:36,-0.257
2025-10-09 06:42,-0.23
2025-10-09 06:48,-0.188
2025-10-09 06:54,-0.13
2025-10-09 07:00,-0.056
2025-10-09 07:06,0.033
2025-10-09 07:12,0.137
2025-10-09 07:18,0.256
2025-10-09 07:24,0.39
2025-10-09 07:30,0.537
2025-10-09 07:36,0.698
2025-10-09 07:42,0.872
2025-10-09 07:48,1.058
2025-10-09 07:54,1.254
2025-10-09 08:00,1.462
2025-10-09 08:06,1.678
2025-10-09 08:12,1.903
2025-10-09 08:18,2.136
2025-10-09 08:24,2.376
2025-10-09 08:30,2.622
2025-10-09 08:36,2.872
2025-10-09 08:42,3.128
2025-10-09 08:48,3.386
2025-10-09 08:54,3.648
2025-10-09 09:00,3.913
2025-10-09 09:06,4.179
2025-10-09 09:12,4.446
2025-10-09 09:18,4.714
2025-10-09 09:24,4.983
2025-10-09 09:30,5.252
2025-10-09 09:36,5.52
2025-10-09 09:42,5.788
2025-10-09 09:48,6.055
2025-10-09 09:54,6.321
2025-10-09 10:00,6.585
2025-10-09 10:06,6.847
2025-10-09 10:12,7.107
2025-10-09 10:18,7.364
2025-10-09 10:24,7.618
2025-10-09 10:30,7.868
2025-10-09 10:36,8.113
2025-10-09 10:42,8.354
2025-10-09 10:48,8.588
2025-10-09 10:54,8.817
2025-10-09 11:00,9.038
2025-10-09 11:06,9.251
2025-10-09 11:12,9.456
2025-10-09 11:18,9.651
2025-10-09 11:24,9.835
2025-10-09 11:30,10.008
2025-10-09 11:36,10.17
2025-10-09 11:42,10.318
2025-10-09 11:48,10.453
2025-10-09 11:54,10.574
2025-10-09 12:00,10.681
2025-10-09 12:06,10.772
2025-10-09 12:12,10.848
2025-10-09 12:18,10.907
2025-10-09 12:24,10.951
2025-10-09 12:30,10.978
2025-10-09 12:36,10.988
2025-10-09 12:42,10.982
2025-10-09 12:48,10.959
2025-10-09 12:54,10.921
2025-10-09 13:00,10.865
2025-10-09 13:06,10.794
2025-10-09 13:12,10.708
2025-10-09 13:18,10.606
2025-10-09 13:24,10.49
2025-10-09 13:30,10.359
2025-10-09 13:36,10.215
2025-10-09 13:42,10.057
2025-10-09 13:48,9.886
2025-10-09 13:54,9.704
2025-10-09 14:00,9.51
2025-10-09 14:06,9.305
2025-10-09 14:12,9.09
2025-10-09 14:18,8.865
2025-10-09 14:24,8.631
2025-10-09 14:30,8.39
2025-10-09 14:36,8.14
2025-10-09 14:42,7.884
2025-10-09 14:48,7.621
2025-10-09 14:54,7.353
2025-10-09 15:00,7.08
2025-10-09 15:06,6.802
2025-10-09 15:12,6.522
2025-10-09 15:18,6.238
2025-10-09 15:24,5.953
2025-10-09 15:30,5.666
2025-10-09 15:36,5.379
2025-10-09 15:42,5.091
2025-10-09 15:48,4.804
2025-10-09 15:54,4.518
2025-10-09 16:00,4.234
2025-10-09 16:06,3.952
2025-10-09 16:12,3.673
2025-10-09 16:18,3.398
2025-10-09 16:24,3.126
2025-10-09 16:30,2.858
2025-10-09 16:36,2.595
2025-10-09 16:42,2.338
2025-10-09 16:48,2.085
2025-10-09 16:54,1.839
2025-10-09 17:00,1.598
2025-10-09 17:06,1.364
2025-10-09 17:12,1.137
2025-10-09 17:18,0.917
2025-10-09 17:24,0.705
2025-10-09 17:30,0.501
2025-10-09 17:36,0.305
2025-10-09 17:42,0.118
2025-10-09 17:48,-0.059
2025-10-09 17:54,-0.227
2025-10-09 18:00,-0.384
2025-10-09 18:06,-0.531
2025-10-09 18:12,-0.665
2025-10-09 18:18,-0.788
2025-10-09 18:24,-0.898
2025-10-09 18:30,-0.995
2025-10-09 18:36,-1.078
2025-10-09 18:42,-1.146
2025-10-09 18:48,-1.2
2025-10-09 18:54,-1.239
2025-10-09 19:00,-1.262
2025-10-09 19:06,-1.27
2025-10-09 19:12,-1.261
2025-10-09 19:18,-1.236
2025-10-09 19:24,-1.196
2025-10-09 19:30,-1.139
2025-10-09 19:36,-1.066
2025-10-09 19:42,-0.977
2025-10-09 19:48,-0.873
2025-10-09 19:54,-0.755
2025-10-09 20:00,-0.622
2025-10-09 20:06,-0.475
2025-10-09 20:12,-0.316
2025-10-09 20:18,-0.145
2025-10-09 20:24,0.038
2025-10-09 20:30,0.231
2025-10-09 20:36,0.433
2025-10-09 20:42,0.644
2025-10-09 20:48,0.864
2025-10-09 20:54,1.09
2025-10-09 21:00,1.322
2025-10-09 21:06,1.56
2025-10-09 21:12,1.802
2025-10-09 21:18,2.049
2025-10-09 21:24,2.299
2025-10-09 21:30,2.552
2025-10-09 21:36,2.807
2025-10-09 21:42,3.064
2025-10-09 21:48,3.322
2025-10-09 21:54,3.582
2025-10-09 22:00,3.842
2025-10-09 22:06,4.103
2025-10-09 22:12,4.363
2025-10-09 22:18,4.624
2025-10-09 22:24,4.884
2025-10-09 22:30,5.143
2025-10-09 22:36,5.401
2025-10-09 22:42,5.657
2025-10-09 22:48,5.91
2025-10-09 22:54,6.161
2025-10-09 23:00,6.409
2025-10-09 23:06,6.653
2025-10-09 23:12,6.892
2025-10-09 23:18,7.126
2025-10-09 23:24,7.354
2025-10-09 23:30,7.575
2025-10-09 23:36,7.789
2025-10-09 23:42,7.995
2025-10-09 23:48,8.191
2025-10-09 23:54,8.377
2025-10-10 00:00,8.552
2025-10-10 00:06,8.717
2025-10-10 00:12,8.868
2025-10-10 00:18,9.007
2025-10-10 00:24,9.133
2025-10-10 00:30,9.244
2025-10-10 00:36,9.342
2025-10-10 00:42,9.424
2025-10-10 00:48,9.491
2025-10-10 00:54,9.543
2025-10-10 01:00,9.579
2025-10-10 01:06,9.6
2025-10-10 01:12,9.606
2025-10-10 01:18,9.596
2025-10-10 01:24,9.571
2025-10-10 01:30,9.531
2025-10-10 01:36,9.476
2025-10-10 01:42,9.407
2025-10-10 01:48,9.324
2025-10-10 01:54,9.228
2025-10-10 02:00,9.118
2025-10-10 02:06,8.996
2025-10-10 02:12,8.862
2025-10-10 02:18,8.717
2025-10-10 02:24,8.561
2025-10-10 02:30,8.394
2025-10-10 02:36,8.218
2025-10-10 02:42,8.033
2025-10-10 02:48,7.839
2025-10-10 02:54,7.638
2025-10-10 03:00,7.429
2025-10-10 03:06,7.214
2025-10-10 03:12,6.993
2025-10-10 03:18,6.767
2025-10-10 03:24,6.536
2025-10-10 03:30,6.302
2025-10-10 03:36,6.064
2025-10-10 03:42,5.824
2025-10-10 03:48,5.582
2025-10-10 03:54,5.34
2025-10-10 04:00,5.096
2025-10-10 04:06,4.853
2025-10-10 04:12,4.61
2025-10-10 04:18,4.369
2025-10-10 04:24,4.13
2025-10-10 04:30,3.893
2025-10-10 04:36,3.659
2025-10-10 04:42,3.428
2025-10-10 04:48,3.201
2025-10-10 04:54,2.979
2025-10-10 05:00,2.761
2025-10-10 05:06,2.548
2025-10-10 05:12,2.34
2025-10-10 05:18,2.138
2025-10-10 05:24,1.942
2025-10-10 05:30,1.752
2025-10-10 05:36,1.569
2025-10-10 05:42,1.393
2025-10-10 05:48,1.224
2025-10-10 05:54,1.062
2025-10-10 06:00,0.909
2025-10-10 06:06,0.764
2025-10-10 06:12,0.627
2025-10-10 06:18,0.5
2025-10-10 06:24,0.383
2025-10-10 06:30,0.276
2025-10-10 06:36,0.18
2025-10-10 06:42,0.095
2025-10-10 06:48,0.022
2025-10-10 06:54,-0.039
2025-10-10 07:00,-0.086
2025-10-10 07:06,-0.12
2025-10-10 07:12,-0.141
2025-10-10 07:18,-0.147
2025-10-10 07:24,-0.138
2025-10-10 07:30,-0.115
2025-10-10 07:36,-0.076
2025-10-10 07:42,-0.022
2025-10-10 07:48,0.047
2025-10-10 07:54,0.132
2025-10-10 08:00,0.232
2025-10-10 08:06,0.346
2025-10-10 08:12,0.475
2025-10-10 08:18,0.617
2025-10-10 08:24,0.773
2025-10-10 08:30,0.942
2025-10-10 08:36,1.123
2025-10-10 08:42,1.315
2025-10-10 08:48,1.518
2025-10-10 08:54,1.73
2025-10-10 09:00,1.951
2025-10-10 09:06,2.18
2025-10-10 09:12,2.416
2025-10-10 09:18,2.658
2025-10-10 09:24,2.906
2025-10-10 09:30,3.157
2025-10-10 09:36,3.413
2025-10-10 09:42,3.672
2025-10-10 09:48,3.933
2025-10-10 09:54,4.196
2025-10-10 10:00,4.46
2025-10-10 10:06,4.725
2025-10-10 10:12,4.991
2025-10-10 10:18,5.257
2025-10-10 10:24,5.522
2025-10-10 10:30,5.787
2025-10-10 10:36,6.051
2025-10-10 10:42,6.313
2025-10-10 10:48,6.574
2025-10-10 10:54,6.833
2025-10-10 11:00,7.089
2025-10-10 11:06,7.343
2025-10-10 11:12,7.593
2025-10-10 11:18,7.84
2025-10-10 11:24,8.083
2025-10-10 11:30,8.321
2025-10-10 11:36,8.553
2025-10-10 11:42,8.779
2025-10-10 11:48,8.999
2025-10-10 11:54,9.211
2025-10-10 12:00,9.414
2025-10-10 12:06,9.609
2025-10-10 12:12,9.794
2025-10-10 12:18,9.968
2025-10-10 12:24,10.13
2025-10-10 12:30,10.281
2025-10-10 12:36,10.418
2025-10-10 12:42,10.542
2025-10-10 12:48,10.652
2025-10-10 12:54,10.747
2025-10-10 13:00,10.827
2025-10-10 13:06,10.892
2025-10-10 13:12,10.941
2025-10-10 13:18,10.974
2025-10-10 13:24,10.991
2025-10-10 13:30,10.991
2025-10-10 13:36,10.975
2025-10-10 13:42,10.944
2025-10-10 13:48,10.896
2025-10-10 13:54,10.832
2025-10-10 14:00,10.754
2025-10-10 14:06,10.66
2025-10-10 14:12,10.551
2025-10-10 14:18,10.428
2025-10-10 14:24,10.292
2025-10-10 14:30,10.142
2025-10-10 14:36,9.979
2025-10-10 14:42,9.805
2025-10-10 14:48,9.618
2025-10-10 14:54,9.421
2025-10-10 15:00,9.213
2025-10-10 15:06,8.996
2025-10-10 15:12,8.769
2025-10-10 15:18,8.534
2025-10-10 15:24,8.291
2025-10-10 15:30,8.041
2025-10-10 15:36,7.785
2025-10-10 15:42,7.523
2025-10-10 15:48,7.256
2025-10-10 15:54,6.984
2025-10-10 16:00,6.709
2025-10-10 16:06,6.431
2025-10-10 16:12,6.15
2025-10-10 16:18,5.868
2025-10-10 16:24,5.586
2025-10-10 16:30,5.302
2025-10-10 16:36,5.02
2025-10-10 16:42,4.738
2025-10-10 16:48,4.457
2025-10-10 16:54,4.179
2025-10-10 17:00,3.904
2025-10-10 17:06,3.631
2025-10-10 17:12,3.362
2025-10-10 17:18,3.097
2025-10-10 17:24,2.837
2025-10-10 17:30,2.581
2025-10-10 17:36,2.33
2025-10-10 17:42,2.085
2025-10-10 17:48,1.845
2025-10-10 17:54,1.612
2025-10-10 18:00,1.385
2025-10-10 18:06,1.165
2025-10-10 18:12,0.951
2025-10-10 18:18,0.746
2025-10-10 18:24,0.548
2025-10-10 18:30,0.358
2025-10-10 18:36,0.177
2025-10-10 18:42,0.006
2025-10-10 18:48,-0.156
2025-10-10 18:54,-0.308
2025-10-10 19:00,-0.449
2025-10-10 19:06,-0.578
2025-10-10 19:12,-0.696
2025-10-10 19:18,-0.801
2025-10-10 19:24,-0.894
2025-10-10 19:30,-0.972
2025-10-10 19:36,-1.037
2025-10-10 19:42,-1.087
2025-10-10 19:48,-1.122
2025-10-10 19:54,-1.142
2025-10-10 20:00,-1.146
2025-10-10 20:06,-1.135
2025-10-10 20:12,-1.107
2025-10-10 20:18,-1.064
2025-10-10 20:24,-1.006
2025-10-10 20:30,-0.932
2025-10-10 20:36,-0.842
2025-10-10 20:42,-0.738
2025-10-10 20:48,-0.62
2025-10-10 20:54,-0.488
2025-10-10 21:00,-0.344
2025-10-10 21:06,-0.187
2025-10-10 21:12,-0.018
2025-10-10 21:18,0.161
2025-10-10 21:24,0.35
2025-10-10 21:30,0.547
2025-10-10 21:36,0.753
2025-10-10 21:42,0.966
2025-10-10 21:48,1.186
2025-10-10 21:54,1.411
2025-10-10 22:00,1.641
2025-10-10 22:06,1.875
2025-10-10 22:12,2.113
2025-10-10 22:18,2.354
2025-10-10 22:24,2.598
2025-10-10 22:30,2.843
2025-10-10 22:36,3.09
2025-10-10 22:42,3.339
2025-10-10 22:48,3.588
2025-10-10 22:54,3.838
2025-10-10 23:00,4.088
2025-10-10 23:06,4.339
2025-10-10 23:12,4.589
2025-10-10 23:18,4.838
2025-10-10 23:24,5.086
2025-10-10 23:30,5.334
2025-10-10 23:36,5.579
2025-10-10 23:42,5.822
2025-10-10 23:48,6.063
2025-10-10 23:54,6.3
2025-10-11 00:00,6.533
2025-10-11 00:06,6.762
2025-10-11 00:12,6.986
2025-10-11 00:18,7.204
2025-10-11 00:24,7.415
2025-10-11 00:30,7.619
2025-10-11 00:36,7.815
2025-10-11 00:42,8.002
2025-10-11 00:48,8.178
2025-10-11 00:54,8.345
2025-10-11 01:00,8.5
2025-10-11 01:06,8.643
2025-10-11 01:12,8.774
2025-10-11 01:18,8.892
2025-10-11 01:24,8.996
2025-10-11 01:30,9.086
2025-10-11 01:36,9.162
2025-10-11 01:42,9.224
2025-10-11 01:48,9.27
2025-10-11 01:54,9.302
2025-10-11 02:00,9.319
2025-10-11 02:06,9.321
2025-10-11 02:12,9.308
2025-10-11 02:18,9.281
2025-10-11 02:24,9.24
2025-10-11 02:30,9.184
2025-10-11 02:36,9.115
2025-10-11 02:42,9.033
2025-10-11 02:48,8.938
2025-10-11 02:54,8.83
2025-10-11 03:00,8.711
2025-10-11 03:06,8.58
2025-10-11 03:12,8.439
2025-10-11 03:18,8.288
2025-10-11 03:24,8.126
2025-10-11 03:30,7.956
2025-10-11 03:36,7.777
2025-10-11 03:42,7.591
2025-10-11 03:48,7.397
2025-10-11 03:54,7.197
2025-10-11 04:00,6.991
2025-10-11 04:06,6.779
2025-10-11 04:12,6.563
2025-10-11 04:18,6.343
2025-10-11 04:24,6.12
2025-10-11 04:30,5.894
2025-10-11 04:36,5.666
2025-10-11 04:42,5.437
2025-10-11 04:48,5.207
2025-10-11 04:54,4.976
2025-10-11 05:00,4.747
2025-10-11 05:06,4.518
2025-10-11 05:12,4.291
2025-10-11 05:18,4.066
2025-10-11 05:24,3.843
2025-10-11 05:30,3.624
2025-10-11 05:36,3.408
2025-10-11 05:42,3.195
2025-10-11 05:48,2.987
2025-10-11 05:54,2.783
2025-10-11 06:00,2.583
2025-10-11 06:06,2.389
2025-10-11 06:12,2.2
2025-10-11 06:18,2.017
2025-10-11 06:24,1.839
2025-10-11 06:30,1.668
2025-10-11 06:36,1.503
2025-10-11 06:42,1.345
2025-10-11 06:48,1.194
2025-10-11 06:54,1.05
2025-10-11 07:00,0.914
2025-10-11 07:06,0.787
2025-10-11 07:12,0.668
2025-10-11 07:18,0.559
2025-10-11 07:24,0.459
2025-10-11 07:30,0.37
2025-10-11 07:36,0.292
2025-10-11 07:42,0.225
2025-10-11 07:48,0.17
2025-10-11 07:54,0.128
2025-10-11 08:00,0.099
2025-10-11 08:06,0.083
2025-10-11 08:12,0.081
2025-10-11 08:18,0.093
2025-10-11 08:24,0.12
2025-10-11 08:30,0.161
2025-10-11 08:36,0.217
2025-10-11 08:42,0.288
2025-10-11 08:48,0.374
2025-10-11 08:54,0.474
2025-10-11 09:00,0.588
2025-10-11 09:06,0.716
2025-10-11 09:12,0.857
2025-10-11 09:18,1.011
2025-10-11 09:24,1.176
2025-10-11 09:30,1.353
2025-10-11 09:36,1.541
2025-10-11 09:42,1.738
2025-10-11 09:48,1.944
2025-10-11 09:54,2.158
2025-10-11 10:00,2.38
2025-10-11 10:06,2.607
2025-10-11 10:12,2.84
2025-10-11 10:18,3.078
2025-10-11 10:24,3.319
2025-10-11 10:30,3.564
2025-10-11 10:36,3.811
2025-10-11 10:42,4.061
2025-10-11 10:48,4.312
2025-10-11 10:54,4.564
2025-10-11 11:00,4.816
2025-10-11 11:06,5.069
2025-10-11 11:12,5.322
2025-10-11 11:18,5.575
2025-10-11 11:24,5.826
2025-10-11 11:30,6.077
2025-10-11 11:36,6.327
2025-10-11 11:42,6.575
2025-10-11 11:48,6.822
2025-10-11 11:54,7.066
2025-10-11 12:00,7.308
2025-10-11 12:06,7.547
2025-10-11 12:12,7.783
2025-10-11 12:18,8.014
2025-10-11 12:24,8.241
2025-10-11 12:30,8.463
2025-10-11 12:36,8.68
2025-10-11 12:42,8.889
2025-10-11 12:48,9.092
2025-10-11 12:54,9.287
2025-10-11 13:00,9.473
2025-10-11 13:06,9.649
2025-10-11 13:12,9.815
2025-10-11 13:18,9.97
2025-10-11 13:24,10.113
2025-10-11 13:30,10.244
2025-10-11 13:36,10.362
2025-10-11 13:42,10.467
2025-10-11 13:48,10.557
2025-10-11 13:54,10.632
2025-10-11 14:00,10.693
2025-10-11 14:06,10.739
2025-10-11 14:12,10.769
2025-10-11 14:18,10.784
2025-10-11 14:24,10.783
2025-10-11 14:30,10.766
2025-10-11 14:36,10.735
2025-10-11 14:42,10.688
2025-10-11 14:48,10.626
2025-10-11 14:54,10.549
2025-10-11 15:00,10.458
2025-10-11 15:06,10.353
2025-10-11 15:12,10.235
2025-10-11 15:18,10.104
2025-10-11 15:24,9.96
2025-10-11 15:30,9.804
2025-10-11 15:36,9.636
2025-10-11 15:42,9.458
2025-10-11 15:48,9.269
2025-10-11 15:54,9.07
2025-10-11 16:00,8.863
2025-10-11 16:06,8.647
2025-10-11 16:12,8.423
2025-10-11 16:18,8.191
2025-10-11 16:24,7.954
2025-10-11 16:30,7.71
2025-10-11 16:36,7.461
2025-10-11 16:42,7.207
2025-10-11 16:48,6.95
2025-10-11 16:54,6.689
2025-10-11 17:00,6.426
2025-10-11 17:06,6.16
2025-10-11 17:12,5.894
2025-10-11 17:18,5.626
2025-10-11 17:24,5.358
2025-10-11 17:30,5.091
2025-10-11 17:36,4.825
2025-10-11 17:42,4.56
2025-10-11 17:48,4.297
2025-10-11 17:54,4.036
2025-10-11 18:00,3.779
2025-10-11 18:06,3.524
2025-10-11 18:12,3.273
2025-10-11 18:18,3.026
2025-10-11 18:24,2.782
2025-10-11 18:30,2.544
2025-10-11 18:36,2.31
2025-10-11 18:42,2.081
2025-10-11 18:48,1.858
2025-10-11 18:54,1.64
2025-10-11 19:00,1.428
2025-10-11 19:06,1.223
2025-10-11 19:12,1.024
2025-10-11 19:18,0.833
2025-10-11 19:24,0.649
2025-10-11 19:30,0.472
2025-10-11 19:36,0.305
2025-10-11 19:42,0.146
2025-10-11 19:48,-0.003
2025-10-11 19:54,-0.142
2025-10-11 20:00,-0.27
2025-10-11 20:06,-0.387
2025-10-11 20:12,-0.492
2025-10-11 20:18,-0.584
2025-10-11 20:24,-0.663
2025-10-11 20:30,-0.729
2025-10-11 20:36,-0.781
2025-10-11 20:42,-0.819
2025-10-11 20:48,-0.841
2025-10-11 20:54,-0.849
2025-10-11 21:00,-0.842
2025-10-11 21:06,-0.819
2025-10-11 21:12,-0.782
2025-10-11 21:18,-0.729
2025-10-11 21:24,-0.662
2025-10-11 21:30,-0.58
2025-10-11 21:36,-0.484
2025-10-11 21:42,-0.375
2025-10-11 21:48,-0.254
2025-10-11 21:54,-0.12
2025-10-11 22:00,0.026
2025-10-11 22:06,0.182
2025-10-11 22:12,0.348
2025-10-11 22:18,0.523
2025-10-11 22:24,0.706
2025-10-11 22:30,0.896
2025-10-11 22:36,1.093
2025-10-11 22:42,1.296
2025-10-11 22:48,1.504
2025-10-11 22:54,1.716
2025-10-11 23:00,1.933
2025-10-11 23:06,2.152
2025-10-11 23:12,2.375
2025-10-11 23:18,2.6
2025-10-11 23:24,2.827
2025-10-11 23:30,3.055
2025-10-11 23:36,3.286
2025-10-11 23:42,3.517
2025-10-11 23:48,3.749
2025-10-11 23:54,3.982
2025-10-12 00:00,4.215
2025-10-12 00:06,4.448
2025-10-12 00:12,4.682
2025-10-12 00:18,4.915
2025-10-12 00:24,5.147
2025-10-12 00:30,5.378
2025-10-12 00:36,5.607
2025-10-12 00:42,5.835
2025-10-12 00:48,6.06
2025-10-12 00:54,6.281
2025-10-12 01:00,6.499
2025-10-12 01:06,6.712
2025-10-12 01:12,6.92
2025-10-12 01:18,7.122
2025-10-12 01:24,7.318
2025-10-12 01:30,7.505
2025-10-12 01:36,7.685
2025-10-12 01:42,7.855
2025-10-12 01:48,8.015
2025-10-12 01:54,8.165
2025-10-12 02:00,8.304
2025-10-12 02:06,8.43
2025-10-12 02:12,8.545
2025-10-12 02:18,8.647
2025-10-12 02:24,8.735
2025-10-12 02:30,8.81
2025-10-12 02:36,8.871
2025-10-12 02:42,8.918
2025-10-12 02:48,8.952
2025-10-12 02:54,8.971
2025-10-12 03:00,8.976
2025-10-12 03:06,8.967
2025-10-12 03:12,8.945
2025-10-12 03:18,8.909
2025-10-12 03:24,8.86
2025-10-12 03:30,8.799
2025-10-12 03:36,8.725
2025-10-12 03:42,8.639
2025-10-12 03:48,8.541
2025-10-12 03:54,8.433
2025-10-12 04:00,8.314
2025-10-12 04:06,8.185
2025-10-12 04:12,8.047
2025-10-12 04:18,7.899
2025-10-12 04:24,7.744
2025-10-12 04:30,7.58
2025-10-12 04:36,7.41
2025-10-12 04:42,7.232
2025-10-12 04:48,7.049
2025-10-12 04:54,6.861
2025-10-12 05:00,6.667
2025-10-12 05:06,6.47
2025-10-12 05:12,6.268
2025-10-12 05:18,6.064
2025-10-12 05:24,5.857
2025-10-12 05:30,5.649
2025-10-12 05:36,5.439
2025-10-12 05:42,5.228
2025-10-12 05:48,5.017
2025-10-12 05:54,4.807
2025-10-12 06:00,4.597
2025-10-12 06:06,4.388
2025-10-12 06:12,4.182
2025-10-12 06:18,3.977
2025-10-12 06:24,3.774
2025-10-12 06:30,3.574
2025-10-12 06:36,3.378
2025-10-12 06:42,3.184
2025-10-12 06:48,2.994
2025-10-12 06:54,2.808
2025-10-12 07:00,2.626
2025-10-12 07:06,2.449
2025-10-12 07:12,2.276
2025-10-12 07:18,2.108
2025-10-12 07:24,1.945
2025-10-12 07:30,1.788
2025-10-12 07:36,1.636
2025-10-12 07:42,1.491
2025-10-12 07:48,1.352
2025-10-12 07:54,1.22
2025-10-12 08:00,1.096
2025-10-12 08:06,0.979
2025-10-12 08:12,0.872
2025-10-12 08:18,0.773
2025-10-12 08:24,0.683
2025-10-12 08:30,0.604
2025-10-12 08:36,0.536
2025-10-12 08:42,0.479
2025-10-12 08:48,0.434
2025-10-12 08:54,0.402
2025-10-12 09:00,0.382
2025-10-12 09:06,0.375
2025-10-12 09:12,0.382
2025-10-12 09:18,0.403
2025-10-12 09:24,0.438
2025-10-12 09:30,0.487
2025-10-12 09:36,0.549
2025-10-12 09:42,0.626
2025-10-12 09:48,0.716
2025-10-12 09:54,0.82
2025-10-12 10:00,0.937
2025-10-12 10:06,1.065
2025-10-12 10:12,1.206
2025-10-12 10:18,1.358
2025-10-12 10:24,1.52
2025-10-12 10:30,1.692
2025-10-12 10:36,1.873
2025-10-12 10:42,2.062
2025-10-12 10:48,2.258
2025-10-12 10:54,2.46
2025-10-12 11:00,2.668
2025-10-12 11:06,2.882
2025-10-12 11:12,3.099
2025-10-12 11:18,3.32
2025-10-12 11:24,3.544
2025-10-12 11:30,3.771
2025-10-12 11:36,3.999
2025-10-12 11:42,4.23
2025-10-12 11:48,4.461
2025-10-12 11:54,4.693
2025-10-12 12:00,4.926
2025-10-12 12:06,5.16
2025-10-12 12:12,5.394
2025-10-12 12:18,5.627
2025-10-12 12:24,5.861
2025-10-12 12:30,6.094
2025-10-12 12:36,6.326
2025-10-12 12:42,6.557
2025-10-12 12:48,6.787
2025-10-12 12:54,7.016
2025-10-12 13:00,7.242
2025-10-12 13:06,7.466
2025-10-12 13:12,7.687
2025-10-12 13:18,7.904
2025-10-12 13:24,8.117
2025-10-12 13:30,8.325
2025-10-12 13:36,8.527
2025-10-12 13:42,8.723
2025-10-12 13:48,8.912
2025-10-12 13:54,9.093
2025-10-12 14:00,9.265
2025-10-12 14:06,9.427
2025-10-12 14:12,9.58
2025-10-12 14:18,9.721
2025-10-12 14:24,9.851
2025-10-12 14:30,9.969
2025-10-12 14:36,10.074
2025-10-12 14:42,10.165
2025-10-12 14:48,10.243
2025-10-12 14:54,10.307
2025-10-12 15:00,10.357
2025-10-12 15:06,10.392
2025-10-12 15:12,10.413
2025-10-12 15:18,10.419
2025-10-12 15:24,10.41
2025-10-12 15:30,10.387
2025-10-12 15:36,10.35
2025-10-12 15:42,10.299
2025-10-12 15:48,10.234
2025-10-12 15:54,10.156
2025-10-12 16:00,10.065
2025-10-12 16:06,9.961
2025-10-12 16:12,9.845
2025-10-12 16:18,9.718
2025-10-12 16:24,9.579
2025-10-12 16:30,9.43
2025-10-12 16:36,9.27
2025-10-12 16:42,9.101
2025-10-12 16:48,8.923
2025-10-12 16:54,8.736
2025-10-12 17:00,8.542
2025-10-12 17:06,8.34
2025-10-12 17:12,8.131
2025-10-12 17:18,7.917
2025-10-12 17:24,7.696
2025-10-12 17:30,7.471
2025-10-12 17:36,7.241
2025-10-12 17:42,7.007
2025-10-12 17:48,6.77
2025-10-12 17:54,6.53
2025-10-12 18:00,6.288
2025-10-12 18:06,6.045
2025-10-12 18:12,5.8
2025-10-12 18:18,5.555
2025-10-12 18:24,5.31
2025-10-12 18:30,5.065
2025-10-12 18:36,4.821
2025-10-12 18:42,4.578
2025-10-12 18:48,4.336
2025-10-12 18:54,4.097
2025-10-12 19:00,3.859
2025-10-12 19:06,3.624
2025-10-12 19:12,3.392
2025-10-12 19:18,3.163
2025-10-12 19:24,2.938
2025-10-12 19:30,2.716
2025-10-12 19:36,2.498
2025-10-12 19:42,2.284
2025-10-12 19:48,2.075
2025-10-12 19:54,1.87
2025-10-12 20:00,1.671
2025-10-12 20:06,1.477
2025-10-12 20:12,1.29
2025-10-12 20:18,1.108
2025-10-12 20:24,0.934
2025-10-12 20:30,0.768
2025-10-12 20:36,0.609
2025-10-12 20:42,0.459
2025-10-12 20:48,0.319
2025-10-12 20:54,0.188
2025-10-12 21:00,0.068
2025-10-12 21:06,-0.042
2025-10-12 21:12,-0.139
2025-10-12 21:18,-0.224
2025-10-12 21:24,-0.296
2025-10-12 21:30,-0.356
2025-10-12 21:36,-0.401
2025-10-12 21:42,-0.433
2025-10-12 21:48,-0.451
2025-10-12 21:54,-0.454
2025-10-12 22:00,-0.443
2025-10-12 22:06,-0.418
2025-10-12 22:12,-0.379
2025-10-12 22:18,-0.326
2025-10-12 22:24,-0.259
2025-10-12 22:30,-0.18
2025-10-12 22:36,-0.088
2025-10-12 22:42,0.016
2025-10-12 22:48,0.13
2025-10-12 22:54,0.256
2025-10-12 23:00,0.391
2025-10-12 23:06,0.535
2025-10-12 23:12,0.688
2025-10-12 23:18,0.848
2025-10-12 23:24,1.015
2025-10-12 23:30,1.188
2025-10-12 23:36,1.367
2025-10-12 23:42,1.551
2025-10-12 23:48,1.739
2025-10-12 23:54,1.931
2025-10-13 00:00,2.126
2025-10-13 00:06,2.325
2025-10-13 00:12,2.526
2025-10-13 00:18,2.73
2025-10-13 00:24,2.936
2025-10-13 00:30,3.144
2025-10-13 00:36,3.354
2025-10-13 00:42,3.565
2025-10-13 00:48,3.779
2025-10-13 00:54,3.993
2025-10-13 01:00,4.209
2025-10-13 01:06,4.425
2025-10-13 01:12,4.642
2025-10-13 01:18,4.86
2025-10-13 01:24,5.077
2025-10-13 01:30,5.294
2025-10-13 01:36,5.51
2025-10-13 01:42,5.724
2025-10-13 01:48,5.935
2025-10-13 01:54,6.144
2025-10-13 02:00,6.35
2025-10-13 02:06,6.551
2025-10-13 02:12,6.746
2025-10-13 02:18,6.936
2025-10-13 02:24,7.119
2025-10-13 02:30,7.295
2025-10-13 02:36,7.462
2025-10-13 02:42,7.621
2025-10-13 02:48,7.77
2025-10-13 02:54,7.908
2025-10-13 03:00,8.036
2025-10-13 03:06,8.152
2025-10-13 03:12,8.256
2025-10-13 03:18,8.348
2025-10-13 03:24,8.427
2025-10-13 03:30,8.494
2025-10-13 03:36,8.547
2025-10-13 03:42,8.588
2025-10-13 03:48,8.616
2025-10-13 03:54,8.631
2025-10-13 04:00,8.632
2025-10-13 04:06,8.622
2025-10-13 04:12,8.599
2025-10-13 04:18,8.564
2025-10-13 04:24,8.517
2025-10-13 04:30,8.459
2025-10-13 04:36,8.389
2025-10-13 04:42,8.31
2025-10-13 04:48,8.22
2025-10-13 04:54,8.12
2025-10-13 05:00,8.011
2025-10-13 05:06,7.893
2025-10-13 05:12,7.767
2025-10-13 05:18,7.634
2025-10-13 05:24,7.492
2025-10-13 05:30,7.345
2025-10-13 05:36,7.19
2025-10-13 05:42,7.03
2025-10-13 05:48,6.865
2025-10-13 05:54,6.695
2025-10-13 06:00,6.521
2025-10-13 06:06,6.343
2025-10-13 06:12,6.162
2025-10-13 06:18,5.978
2025-10-13 06:24,5.792
2025-10-13 06:30,5.604
2025-10-13 06:36,5.415
2025-10-13 06:42,5.225
2025-10-13 06:48,5.035
2025-10-13 06:54,4.844
2025-10-13 07:00,4.654
2025-10-13 07:06,4.465
2025-10-13 07:12,4.277
2025-10-13 07:18,4.09
2025-10-13 07:24,3.905
2025-10-13 07:30,3.721
2025-10-13 07:36,3.54
2025-10-13 07:42,3.361
2025-10-13 07:48,3.185
2025-10-13 07:54,3.012
2025-10-13 08:00,2.842
2025-10-13 08:06,2.675
2025-10-13 08:12,2.512
2025-10-13 08:18,2.353
2025-10-13 08:24,2.198
2025-10-13 08:30,2.048
2025-10-13 08:36,1.902
2025-10-13 08:42,1.763
2025-10-13 08:48,1.629
2025-10-13 08:54,1.502
2025-10-13 09:00,1.381
2025-10-13 09:06,1.268
2025-10-13 09:12,1.164
2025-10-13 09:18,1.068
2025-10-13 09:24,0.981
2025-10-13 09:30,0.905
2025-10-13 09:36,0.838
2025-10-13 09:42,0.783
2025-10-13 09:48,0.74
2025-10-13 09:54,0.708
2025-10-13 10:00,0.689
2025-10-13 10:06,0.682
2025-10-13 10:12,0.689
2025-10-13 10:18,0.708
2025-10-13 10:24,0.741
2025-10-13 10:30,0.787
2025-10-13 10:36,0.845
2025-10-13 10:42,0.917
2025-10-13 10:48,1.001
2025-10-13 10:54,1.097
2025-10-13 11:00,1.204
2025-10-13 11:06,1.322
2025-10-13 11:12,1.451
2025-10-13 11:18,1.589
2025-10-13 11:24,1.737
2025-10-13 11:30,1.892
2025-10-13 11:36,2.056
2025-10-13 11:42,2.226
2025-10-13 11:48,2.402
2025-10-13 11:54,2.584
2025-10-13 12:00,2.77
2025-10-13 12:06,2.961
2025-10-13 12:12,3.156
2025-10-13 12:18,3.354
2025-10-13 12:24,3.554
2025-10-13 12:30,3.758
2025-10-13 12:36,3.963
2025-10-13 12:42,4.171
2025-10-13 12:48,4.38
2025-10-13 12:54,4.591
2025-10-13 13:00,4.803
2025-10-13 13:06,5.017
2025-10-13 13:12,5.231
2025-10-13 13:18,5.447
2025-10-13 13:24,5.663
2025-10-13 13:30,5.88
2025-10-13 13:36,6.097
2025-10-13 13:42,6.314
2025-10-13 13:48,6.53
2025-10-13 13:54,6.746
2025-10-13 14:00,6.96
2025-10-13 14:06,7.173
2025-10-13 14:12,7.382
2025-10-13 14:18,7.589
2025-10-13 14:24,7.792
2025-10-13 14:30,7.99
2025-10-13 14:36,8.183
2025-10-13 14:42,8.369
2025-10-13 14:48,8.549
2025-10-13 14:54,8.721
2025-10-13 15:00,8.885
2025-10-13 15:06,9.039
2025-10-13 15:12,9.184
2025-10-13 15:18,9.318
2025-10-13 15:24,9.44
2025-10-13 15:30,9.551
2025-10-13 15:36,9.65
2025-10-13 15:42,9.736
2025-10-13 15:48,9.81
2025-10-13 15:54,9.87
2025-10-13 16:00,9.917
2025-10-13 16:06,9.95
2025-10-13 16:12,9.971
2025-10-13 16:18,9.977
2025-10-13 16:24,9.971
2025-10-13 16:30,9.951
2025-10-13 16:36,9.919
2025-10-13 16:42,9.874
2025-10-13 16:48,9.817
2025-10-13 16:54,9.748
2025-10-13 17:00,9.667
2025-10-13 17:06,9.575
2025-10-13 17:12,9.472
2025-10-13 17:18,9.359
2025-10-13 17:24,9.236
2025-10-13 17:30,9.103
2025-10-13 17:36,8.961
2025-10-13 17:42,8.811
2025-10-13 17:48,8.653
2025-10-13 17:54,8.487
2025-10-13 18:00,8.313
2025-10-13 18:06,8.134
2025-10-13 18:12,7.948
2025-10-13 18:18,7.756
2025-10-13 18:24,7.559
2025-10-13 18:30,7.357
2025-10-13 18:36,7.151
2025-10-13 18:42,6.942
2025-10-13 18:48,6.729
2025-10-13 18:54,6.513
2025-10-13 19:00,6.296
2025-10-13 19:06,6.076
2025-10-13 19:12,5.855
2025-10-13 19:18,5.633
2025-10-13 19:24,5.41
2025-10-13 19:30,5.187
2025-10-13 19:36,4.964
2025-10-13 19:42,4.741
2025-10-13 19:48,4.519
2025-10-13 19:54,4.298
2025-10-13 20:00,4.079
2025-10-13 20:06,3.861
2025-10-13 20:12,3.645
2025-10-13 20:18,3.43
2025-10-13 20:24,3.219
2025-10-13 20:30,3.009
2025-10-13 20:36,2.803
2025-10-13 20:42,2.6
2025-10-13 20:48,2.4
2025-10-13 20:54,2.205
2025-10-13 21:00,2.014
2025-10-13 21:06,1.827
2025-10-13 21:12,1.646
2025-10-13 21:18,1.471
2025-10-13 21:24,1.302
2025-10-13 21:30,1.14
2025-10-13 21:36,0.986
2025-10-13 21:42,0.84
2025-10-13 21:48,0.703
2025-10-13 21:54,0.575
2025-10-13 22:00,0.458
2025-10-13 22:06,0.351
2025-10-13 22:12,0.256
2025-10-13 22:18,0.172
2025-10-13 22:24,0.1
2025-10-13 22:30,0.041
2025-10-13 22:36,-0.005
2025-10-13 22:42,-0.037
2025-10-13 22:48,-0.057
2025-10-13 22:54,-0.063
2025-10-13 23:00,-0.056
2025-10-13 23:06,-0.036
2025-10-13 23:12,-0.003
2025-10-13 23:18,0.043
2025-10-13 23:24,0.1
2025-10-13 23:30,0.17
2025-10-13 23:36,0.25
2025-10-13 23:42,0.341
2025-10-13 23:48,0.442
2025-10-13 23:54,0.552
2025-10-14 00:00,0.671
2025-10-14 00:06,0.798
2025-10-14 00:12,0.932
2025-10-14 00:18,1.072
2025-10-14 00:24,1.219
2025-10-14 00:30,1.372
2025-10-14 00:36,1.529
2025-10-14 00:42,1.692
2025-10-14 00:48,1.858
2025-10-14 00:54,2.029
2025-10-14 01:00,2.203
2025-10-14 01:06,2.381
2025-10-14 01:12,2.563
2025-10-14 01:18,2.747
2025-10-14 01:24,2.935
2025-10-14 01:30,3.125
2025-10-14 01:36,3.318
2025-10-14 01:42,3.514
2025-10-14 01:48,3.712
2025-10-14 01:54,3.913
2025-10-14 02:00,4.115
2025-10-14 02:06,4.32
2025-10-14 02:12,4.526
2025-10-14 02:18,4.732
2025-10-14 02:24,4.94
2025-10-14 02:30,5.147
2025-10-14 02:36,5.354
2025-10-14 02:42,5.559
2025-10-14 02:48,5.763
2025-10-14 02:54,5.964
2025-10-14 03:00,6.161
2025-10-14 03:06,6.354
2025-10-14 03:12,6.543
2025-10-14 03:18,6.726
2025-10-14 03:24,6.902
2025-10-14 03:30,7.07
2025-10-14 03:36,7.231
2025-10-14 03:42,7.383
2025-10-14 03:48,7.526
2025-10-14 03:54,7.659
2025-10-14 04:00,7.782
2025-10-14 04:06,7.894
2025-10-14 04:12,7.994
2025-10-14 04:18,8.083
2025-10-14 04:24,8.161
2025-10-14 04:30,8.227
2025-10-14 04:36,8.28
2025-10-14 04:42,8.322
2025-10-14 04:48,8.352
2025-10-14 04:54,8.371
2025-10-14 05:00,8.377
2025-10-14 05:06,8.373
2025-10-14 05:12,8.357
2025-10-14 05:18,8.33
2025-10-14 05:24,8.293
2025-10-14 05:30,8.246
2025-10-14 05:36,8.188
2025-10-14 05:42,8.122
2025-10-14 05:48,8.045
2025-10-14 05:54,7.961
2025-10-14 06:00,7.867
2025-10-14 06:06,7.766
2025-10-14 06:12,7.657
2025-10-14 06:18,7.54
2025-10-14 06:24,7.417
2025-10-14 06:30,7.288
2025-10-14 06:36,7.152
2025-10-14 06:42,7.011
2025-10-14 06:48,6.865
2025-10-14 06:54,6.714
2025-10-14 07:00,6.559
2025-10-14 07:06,6.4
2025-10-14 07:12,6.238
2025-10-14 07:18,6.072
2025-10-14 07:24,5.905
2025-10-14 07:30,5.735
2025-10-14 07:36,5.563
2025-10-14 07:42,5.39
2025-10-14 07:48,5.215
2025-10-14 07:54,5.041
2025-10-14 08:00,4.865
2025-10-14 08:06,4.69
2025-10-14 08:12,4.514
2025-10-14 08:18,4.34
2025-10-14 08:24,4.165
2025-10-14 08:30,3.992
2025-10-14 08:36,3.82
2025-10-14 08:42,3.649
2025-10-14 08:48,3.48
2025-10-14 08:54,3.312
2025-10-14 09:00,3.147
2025-10-14 09:06,2.984
2025-10-14 09:12,2.823
2025-10-14 09:18,2.666
2025-10-14 09:24,2.512
2025-10-14 09:30,2.362
2025-10-14 09:36,2.216
2025-10-14 09:42,2.075
2025-10-14 09:48,1.939
2025-10-14 09:54,1.809
2025-10-14 10:00,1.685
2025-10-14 10:06,1.569
2025-10-14 10:12,1.46
2025-10-14 10:18,1.36
2025-10-14 10:24,1.268
2025-10-14 10:30,1.186
2025-10-14 10:36,1.115
2025-10-14 10:42,1.054
2025-10-14 10:48,1.004
2025-10-14 10:54,0.965
2025-10-14 11:00,0.938
2025-10-14 11:06,0.924
2025-10-14 11:12,0.922
2025-10-14 11:18,0.932
2025-10-14 11:24,0.954
2025-10-14 11:30,0.989
2025-10-14 11:36,1.035
2025-10-14 11:42,1.094
2025-10-14 11:48,1.164
2025-10-14 11:54,1.244
2025-10-14 12:00,1.336
2025-10-14 12:06,1.437
2025-10-14 12:12,1.547
2025-10-14 12:18,1.666
2025-10-14 12:24,1.794
2025-10-14 12:30,1.928
2025-10-14 12:36,2.07
2025-10-14 12:42,2.218
2025-10-14 12:48,2.371
2025-10-14 12:54,2.53
2025-10-14 13:00,2.693
2025-10-14 13:06,2.861
2025-10-14 13:12,3.033
2025-10-14 13:18,3.208
2025-10-14 13:24,3.387
2025-10-14 13:30,3.569
2025-10-14 13:36,3.754
2025-10-14 13:42,3.942
2025-10-14 13:48,4.132
2025-10-14 13:54,4.325
2025-10-14 14:00,4.521
2025-10-14 14:06,4.719
2025-10-14 14:12,4.919
2025-10-14 14:18,5.121
2025-10-14 14:24,5.325
2025-10-14 14:30,5.53
2025-10-14 14:36,5.737
2025-10-14 14:42,5.944
2025-10-14 14:48,6.152
2025-10-14 14:54,6.36
2025-10-14 15:00,6.566
2025-10-14 15:06,6.772
2025-10-14 15:12,6.976
2025-10-14 15:18,7.176
2025-10-14 15:24,7.374
2025-10-14 15:30,7.567
2025-10-14 15:36,7.755
2025-10-14 15:42,7.937
2025-10-14 15:48,8.113
2025-10-14 15:54,8.282
2025-10-14 16:00,8.442
2025-10-14 16:06,8.594
2025-10-14 16:12,8.736
2025-10-14 16:18,8.868
2025-10-14 16:24,8.99
2025-10-14 16:30,9.1
2025-10-14 16:36,9.2
2025-10-14 16:42,9.288
2025-10-14 16:48,9.363
2025-10-14 16:54,9.427
2025-10-14 17:00,9.479
2025-10-14 17:06,9.518
2025-10-14 17:12,9.545
2025-10-14 17:18,9.56
2025-10-14 17:24,9.563
2025-10-14 17:30,9.554
2025-10-14 17:36,9.534
2025-10-14 17:42,9.502
2025-10-14 17:48,9.458
2025-10-14 17:54,9.404
2025-10-14 18:00,9.34
2025-10-14 18:06,9.265
2025-10-14 18:12,9.18
2025-10-14 18:18,9.085
2025-10-14 18:24,8.982
2025-10-14 18:30,8.869
2025-10-14 18:36,8.748
2025-10-14 18:42,8.619
2025-10-14 18:48,8.482
2025-10-14 18:54,8.338
2025-10-14 19:00,8.186
2025-10-14 19:06,8.029
2025-10-14 19:12,7.865
2025-10-14 19:18,7.696
2025-10-14 19:24,7.521
2025-10-14 19:30,7.342
2025-10-14 19:36,7.158
2025-10-14 19:42,6.97
2025-10-14 19:48,6.779
2025-10-14 19:54,6.584
2025-10-14 20:00,6.387
2025-10-14 20:06,6.188
2025-10-14 20:12,5.986
2025-10-14 20:18,5.783
2025-10-14 20:24,5.579
2025-10-14 20:30,5.373
2025-10-14 20:36,5.167
2025-10-14 20:42,4.96
2025-10-14 20:48,4.753
2025-10-14 20:54,4.546
2025-10-14 21:00,4.339
2025-10-14 21:06,4.133
2025-10-14 21:12,3.928
2025-10-14 21:18,3.724
2025-10-14 21:24,3.52
2025-10-14 21:30,3.319
2025-10-14 21:36,3.119
2025-10-14 21:42,2.922
2025-10-14 21:48,2.727
2025-10-14 21:54,2.535
2025-10-14 22:00,2.347
2025-10-14 22:06,2.163
2025-10-14 22:12,1.984
2025-10-14 22:18,1.81
2025-10-14 22:24,1.641
2025-10-14 22:30,1.48
2025-10-14 22:36,1.325
2025-10-14 22:42,1.178
2025-10-14 22:48,1.04
2025-10-14 22:54,0.911
2025-10-14 23:00,0.792
2025-10-14 23:06,0.683
2025-10-14 23:12,0.585
2025-10-14 23:18,0.498
2025-10-14 23:24,0.423
2025-10-14 23:30,0.36
2025-10-14 23:36,0.31
2025-10-14 23:42,0.272
2025-10-14 23:48,0.247
2025-10-14 23:54,0.234
2025-10-15 00:00,0.234
2025-10-15 00:06,0.246
2025-10-15 00:12,0.271
2025-10-15 00:18,0.306
2025-10-15 00:24,0.353
2025-10-15 00:30,0.411
2025-10-15 00:36,0.479
2025-10-15 00:42,0.556
2025-10-15 00:48,0.643
2025-10-15 00:54,0.738
2025-10-15 01:00,0.841
2025-10-15 01:06,0.951
2025-10-15 01:12,1.069
2025-10-15 01:18,1.192
2025-10-15 01:24,1.322
2025-10-15 01:30,1.457
2025-10-15 01:36,1.598
2025-10-15 01:42,1.744
2025-10-15 01:48,1.894
2025-10-15 01:54,2.049
2025-10-15 02:00,2.208
2025-10-15 02:06,2.371
2025-10-15 02:12,2.539
2025-10-15 02:18,2.71
2025-10-15 02:24,2.886
2025-10-15 02:30,3.065
2025-10-15 02:36,3.248
2025-10-15 02:42,3.435
2025-10-15 02:48,3.625
2025-10-15 02:54,3.818
2025-10-15 03:00,4.014
2025-10-15 03:06,4.213
2025-10-15 03:12,4.413
2025-10-15 03:18,4.616
2025-10-15 03:24,4.819
2025-10-15 03:30,5.022
2025-10-15 03:36,5.226
2025-10-15 03:42,5.428
2025-10-15 03:48,5.629
2025-10-15 03:54,5.828
2025-10-15 04:00,6.023
2025-10-15 04:06,6.214
2025-10-15 04:12,6.4
2025-10-15 04:18,6.581
2025-10-15 04:24,6.756
2025-10-15 04:30,6.924
2025-10-15 04:36,7.083
2025-10-15 04:42,7.235
2025-10-15 04:48,7.378
2025-10-15 04:54,7.511
2025-10-15 05:00,7.634
2025-10-15 05:06,7.748
2025-10-15 05:12,7.85
2025-10-15 05:18,7.942
2025-10-15 05:24,8.024
2025-10-15 05:30,8.094
2025-10-15 05:36,8.153
2025-10-15 05:42,8.201
2025-10-15 05:48,8.238
2025-10-15 05:54,8.264
2025-10-15 06:00,8.28
2025-10-15 06:06,8.284
2025-10-15 06:12,8.279
2025-10-15 06:18,8.263
2025-10-15 06:24,8.238
2025-10-15 06:30,8.202
2025-10-15 06:36,8.158
2025-10-15 06:42,8.104
2025-10-15 06:48,8.041
2025-10-15 06:54,7.97
2025-10-15 07:00,7.891
2025-10-15 07:06,7.804
2025-10-15 07:12,7.709
2025-10-15 07:18,7.608
2025-10-15 07:24,7.499
2025-10-15 07:30,7.384
2025-10-15 07:36,7.263
2025-10-15 07:42,7.136
2025-10-15 07:48,7.004
2025-10-15 07:54,6.867
2025-10-15 08:00,6.725
2025-10-15 08:06,6.58
2025-10-15 08:12,6.43
2025-10-15 08:18,6.277
2025-10-15 08:24,6.122
2025-10-15 08:30,5.963
2025-10-15 08:36,5.802
2025-10-15 08:42,5.639
2025-10-15 08:48,5.474
2025-10-15 08:54,5.308
2025-10-15 09:00,5.14
2025-10-15 09:06,4.971
2025-10-15 09:12,4.802
2025-10-15 09:18,4.632
2025-10-15 09:24,4.461
2025-10-15 09:30,4.291
2025-10-15 09:36,4.12
2025-10-15 09:42,3.95
2025-10-15 09:48,3.78
2025-10-15 09:54,3.611
2025-10-15 10:00,3.443
2025-10-15 10:06,3.276
2025-10-15 10:12,3.111
2025-10-15 10:18,2.948
2025-10-15 10:24,2.788
2025-10-15 10:30,2.631
2025-10-15 10:36,2.478
2025-10-15 10:42,2.328
2025-10-15 10:48,2.184
2025-10-15 10:54,2.045
2025-10-15 11:00,1.912
2025-10-15 11:06,1.786
2025-10-15 11:12,1.668
2025-10-15 11:18,1.557
2025-10-15 11:24,1.456
2025-10-15 11:30,1.364
2025-10-15 11:36,1.282
2025-10-15 11:42,1.21
2025-10-15 11:48,1.15
2025-10-15 11:54,1.1
2025-10-15 12:00,1.063
2025-10-15 12:06,1.037
2025-10-15 12:12,1.023
2025-10-15 12:18,1.021
2025-10-15 12:24,1.031
2025-10-15 12:30,1.052
2025-10-15 12:36,1.085
2025-10-15 12:42,1.13
2025-10-15 12:48,1.185
2025-10-15 12:54,1.25
2025-10-15 13:00,1.325
2025-10-15 13:06,1.409
2025-10-15 13:12,1.503
2025-10-15 13:18,1.604
2025-10-15 13:24,1.713
2025-10-15 13:30,1.829
2025-10-15 13:36,1.952
2025-10-15 13:42,2.081
2025-10-15 13:48,2.215
2025-10-15 13:54,2.355
2025-10-15 14:00,2.5
2025-10-15 14:06,2.65
2025-10-15 14:12,2.804
2025-10-15 14:18,2.962
2025-10-15 14:24,3.124
2025-10-15 14:30,3.291
2025-10-15 14:36,3.461
2025-10-15 14:42,3.635
2025-10-15 14:48,3.813
2025-10-15 14:54,3.995
2025-10-15 15:00,4.18
2025-10-15 15:06,4.369
2025-10-15 15:12,4.56
2025-10-15 15:18,4.755
2025-10-15 15:24,4.953
2025-10-15 15:30,5.152
2025-10-15 15:36,5.354
2025-10-15 15:42,5.558
2025-10-15 15:48,5.763
2025-10-15 15:54,5.968
2025-10-15 16:00,6.172
2025-10-15 16:06,6.376
2025-10-15 16:12,6.579
2025-10-15 16:18,6.779
2025-10-15 16:24,6.976
2025-10-15 16:30,7.169
2025-10-15 16:36,7.357
2025-10-15 16:42,7.54
2025-10-15 16:48,7.717
2025-10-15 16:54,7.886
2025-10-15 17:00,8.048
2025-10-15 17:06,8.202
2025-10-15 17:12,8.346
2025-10-15 17:18,8.482
2025-10-15 17:24,8.607
2025-10-15 17:30,8.721
2025-10-15 17:36,8.826
2025-10-15 17:42,8.919
2025-10-15 17:48,9.001
2025-10-15 17:54,9.071
2025-10-15 18:00,9.13
2025-10-15 18:06,9.178
2025-10-15 18:12,9.214
2025-10-15 18:18,9.239
2025-10-15 18:24,9.253
2025-10-15 18:30,9.256
2025-10-15 18:36,9.247
2025-10-15 18:42,9.228
2025-10-15 18:48,9.198
2025-10-15 18:54,9.158
2025-10-15 19:00,9.108
2025-10-15 19:06,9.048
2025-10-15 19:12,8.978
2025-10-15 19:18,8.9
2025-10-15 19:24,8.812
2025-10-15 19:30,8.716
2025-10-15 19:36,8.611
2025-10-15 19:42,8.499
2025-10-15 19:48,8.379
2025-10-15 19:54,8.251
2025-10-15 20:00,8.117
2025-10-15 20:06,7.976
2025-10-15 20:12,7.829
2025-10-15 20:18,7.677
2025-10-15 20:24,7.519
2025-10-15 20:30,7.356
2025-10-15 20:36,7.188
2025-10-15 20:42,7.017
2025-10-15 20:48,6.841
2025-10-15 20:54,6.662
2025-10-15 21:00,6.48
2025-10-15 21:06,6.294
2025-10-15 21:12,6.107
2025-10-15 21:18,5.916
2025-10-15 21:24,5.724
2025-10-15 21:30,5.53
2025-10-15 21:36,5.335
2025-10-15 21:42,5.138
2025-10-15 21:48,4.94
2025-10-15 21:54,4.741
2025-10-15 22:00,4.541
2025-10-15 22:06,4.34
2025-10-15 22:12,4.14
2025-10-15 22:18,3.939
2025-10-15 22:24,3.739
2025-10-15 22:30,3.54
2025-10-15 22:36,3.341
2025-10-15 22:42,3.144
2025-10-15 22:48,2.949
2025-10-15 22:54,2.757
2025-10-15 23:00,2.567
2025-10-15 23:06,2.381
2025-10-15 23:12,2.2
2025-10-15 23:18,2.023
2025-10-15 23:24,1.853
2025-10-15 23:30,1.688
2025-10-15 23:36,1.531
2025-10-15 23:42,1.382
2025-10-15 23:48,1.241
2025-10-15 23:54,1.109
2025-10-16 00:00,0.988
2025-10-16 00:06,0.876
2025-10-16 00:12,0.776
2025-10-16 00:18,0.687
2025-10-16 00:24,0.61
2025-10-16 00:30,0.545
2025-10-16 00:36,0.492
2025-10-16 00:42,0.452
2025-10-16 00:48,0.424
2025-10-16 00:54,0.408
2025-10-16 01:00,0.404
2025-10-16 01:06,0.412
2025-10-16 01:12,0.431
2025-10-16 01:18,0.461
2025-10-16 01:24,0.502
2025-10-16 01:30,0.553
2025-10-16 01:36,0.613
2025-10-16 01:42,0.683
2025-10-16 01:48,0.761
2025-10-16 01:54,0.847
2025-10-16 02:00,0.941
2025-10-16 02:06,1.042
2025-10-16 02:12,1.149
2025-10-16 02:18,1.263
2025-10-16 02:24,1.383
2025-10-16 02:30,1.509
2025-10-16 02:36,1.64
2025-10-16 02:42,1.777
2025-10-16 02:48,1.919
2025-10-16 02:54,2.066
2025-10-16 03:00,2.218
2025-10-16 03:06,2.375
2025-10-16 03:12,2.537
2025-10-16 03:18,2.704
2025-10-16 03:24,2.875
2025-10-16 03:30,3.052
2025-10-16 03:36,3.232
2025-10-16 03:42,3.418
2025-10-16 03:48,3.607
2025-10-16 03:54,3.8
2025-10-16 04:00,3.997
2025-10-16 04:06,4.197
2025-10-16 04:12,4.399
2025-10-16 04:18,4.603
2025-10-16 04:24,4.808
2025-10-16 04:30,5.014
2025-10-16 04:36,5.22
2025-10-16 04:42,5.425
2025-10-16 04:48,5.629
2025-10-16 04:54,5.83
2025-10-16 05:00,6.028
2025-10-16 05:06,6.222
2025-10-16 05:12,6.41
2025-10-16 05:18,6.594
2025-10-16 05:24,6.771
2025-10-16 05:30,6.94
2025-10-16 05:36,7.103
2025-10-16 05:42,7.256
2025-10-16 05:48,7.402
2025-10-16 05:54,7.537
2025-10-16 06:00,7.663
2025-10-16 06:06,7.78
2025-10-16 06:12,7.885
2025-10-16 06:18,7.981
2025-10-16 06:24,8.066
2025-10-16 06:30,8.14
2025-10-16 06:36,8.203
2025-10-16 06:42,8.256
2025-10-16 06:48,8.298
2025-10-16 06:54,8.33
2025-10-16 07:00,8.351
2025-10-16 07:06,8.361
2025-10-16 07:12,8.362
2025-10-16 07:18,8.353
2025-10-16 07:24,8.334
2025-10-16 07:30,8.305
2025-10-16 07:36,8.267
2025-10-16 07:42,8.22
2025-10-16 07:48,8.165
2025-10-16 07:54,8.101
2025-10-16 08:00,8.029
2025-10-16 08:06,7.949
2025-10-16 08:12,7.861
2025-10-16 08:18,7.766
2025-10-16 08:24,7.665
2025-10-16 08:30,7.557
2025-10-16 08:36,7.442
2025-10-16 08:42,7.322
2025-10-16 08:48,7.196
2025-10-16 08:54,7.065
2025-10-16 09:00,6.929
2025-10-16 09:06,6.789
2025-10-16 09:12,6.645
2025-10-16 09:18,6.496
2025-10-16 09:24,6.345
2025-10-16 09:30,6.189
2025-10-16 09:36,6.031
2025-10-16 09:42,5.87
2025-10-16 09:48,5.707
2025-10-16 09:54,5.541
2025-10-16 10:00,5.373
2025-10-16 10:06,5.203
2025-10-16 10:12,5.032
2025-10-16 10:18,4.858
2025-10-16 10:24,4.684
2025-10-16 10:30,4.508
2025-10-16 10:36,4.331
2025-10-16 10:42,4.154
2025-10-16 10:48,3.976
2025-10-16 10:54,3.798
2025-10-16 11:00,3.621
2025-10-16 11:06,3.444
2025-10-16 11:12,3.269
2025-10-16 11:18,3.095
2025-10-16 11:24,2.923
2025-10-16 11:30,2.755
2025-10-16 11:36,2.59
2025-10-16 11:42,2.429
2025-10-16 11:48,2.273
2025-10-16 11:54,2.123
2025-10-16 12:00,1.979
2025-10-16 12:06,1.842
2025-10-16 12:12,1.713
2025-10-16 12:18,1.593
2025-10-16 12:24,1.482
2025-10-16 12:30,1.381
2025-10-16 12:36,1.29
2025-10-16 12:42,1.21
2025-10-16 12:48,1.141
2025-10-16 12:54,1.084
2025-10-16 13:00,1.039
2025-10-16 13:06,1.005
2025-10-16 13:12,0.984
2025-10-16 13:18,0.974
2025-10-16 13:24,0.976
2025-10-16 13:30,0.989
2025-10-16 13:36,1.014
2025-10-16 13:42,1.049
2025-10-16 13:48,1.095
2025-10-16 13:54,1.15
2025-10-16 14:00,1.215
2025-10-16 14:06,1.289
2025-10-16 14:12,1.371
2025-10-16 14:18,1.461
2025-10-16 14:24,1.558
2025-10-16 14:30,1.662
2025-10-16 14:36,1.773
2025-10-16 14:42,1.89
2025-10-16 14:48,2.012
2025-10-16 14:54,2.141
2025-10-16 15:00,2.275
2025-10-16 15:06,2.413
2025-10-16 15:12,2.557
2025-10-16 15:18,2.706
2025-10-16 15:24,2.86
2025-10-16 15:30,3.019
2025-10-16 15:36,3.183
2025-10-16 15:42,3.351
2025-10-16 15:48,3.524
2025-10-16 15:54,3.702
2025-10-16 16:00,3.884
2025-10-16 16:06,4.071
2025-10-16 16:12,4.262
2025-10-16 16:18,4.456
2025-10-16 16:24,4.654
2025-10-16 16:30,4.855
2025-10-16 16:36,5.059
2025-10-16 16:42,5.265
2025-10-16 16:48,5.472
2025-10-16 16:54,5.68
2025-10-16 17:00,5.888
2025-10-16 17:06,6.095
2025-10-16 17:12,6.301
2025-10-16 17:18,6.505
2025-10-16 17:24,6.705
2025-10-16 17:30,6.901
2025-10-16 17:36,7.092
2025-10-16 17:42,7.278
2025-10-16 17:48,7.458
2025-10-16 17:54,7.63
2025-10-16 18:00,7.795
2025-10-16 18:06,7.951
2025-10-16 18:12,8.098
2025-10-16 18:18,8.236
2025-10-16 18:24,8.364
2025-10-16 18:30,8.481
2025-10-16 18:36,8.588
2025-10-16 18:42,8.685
2025-10-16 18:48,8.77
2025-10-16 18:54,8.844
2025-10-16 19:00,8.908
2025-10-16 19:06,8.96
2025-10-16 19:12,9.001
2025-10-16 19:18,9.031
2025-10-16 19:24,9.05
2025-10-16 19:30,9.058
2025-10-16 19:36,9.056
2025-10-16 19:42,9.043
2025-10-16 19:48,9.02
2025-10-16 19:54,8.988
2025-10-16 20:00,8.945
2025-10-16 20:06,8.893
2025-10-16 20:12,8.831
2025-10-16 20:18,8.761
2025-10-16 20:24,8.682
2025-10-16 20:30,8.594
2025-10-16 20:36,8.498
2025-10-16 20:42,8.395
2025-10-16 20:48,8.284
2025-10-16 20:54,8.166
2025-10-16 21:00,8.041
2025-10-16 21:06,7.909
2025-10-16 21:12,7.772
2025-10-16 21:18,7.629
2025-10-16 21:24,7.48
2025-10-16 21:30,7.326
2025-10-16 21:36,7.168
2025-10-16 21:42,7.005
2025-10-16 21:48,6.837
2025-10-16 21:54,6.666
2025-10-16 22:00,6.491
2025-10-16 22:06,6.313
2025-10-16 22:12,6.132
2025-10-16 22:18,5.947
2025-10-16 22:24,5.76
2025-10-16 22:30,5.571
2025-10-16 22:36,5.379
2025-10-16 22:42,5.185
2025-10-16 22:48,4.989
2025-10-16 22:54,4.791
2025-10-16 23:00,4.592
2025-10-16 23:06,4.392
2025-10-16 23:12,4.191
2025-10-16 23:18,3.989
2025-10-16 23:24,3.788
2025-10-16 23:30,3.586
2025-10-16 23:36,3.386
2025-10-16 23:42,3.186
2025-10-16 23:48,2.989
2025-10-16 23:54,2.794
2025-10-17 00:00,2.603
2025-10-17 00:06,2.415
2025-10-17 00:12,2.232
2025-10-17 00:18,2.055
2025-10-17 00:24,1.884
2025-10-17 00:30,1.72
2025-10-17 00:36,1.563
2025-10-17 00:42,1.416
2025-10-17 00:48,1.277
2025-10-17 00:54,1.148
2025-10-17 01:00,1.03
2025-10-17 01:06,0.923
2025-10-17 01:12,0.827
2025-10-17 01:18,0.743
2025-10-17 01:24,0.671
2025-10-17 01:30,0.611
2025-10-17 01:36,0.564
2025-10-17 01:42,0.528
2025-10-17 01:48,0.505
2025-10-17 01:54,0.494
2025-10-17 02:00,0.494
2025-10-17 02:06,0.506
2025-10-17 02:12,0.528
2025-10-17 02:18,0.561
2025-10-17 02:24,0.604
2025-10-17 02:30,0.656
2025-10-17 02:36,0.718
2025-10-17 02:42,0.788
2025-10-17 02:48,0.866
2025-10-17 02:54,0.952
2025-10-17 03:00,1.045
2025-10-17 03:06,1.145
2025-10-17 03:12,1.252
2025-10-17 03:18,1.365
2025-10-17 03:24,1.484
2025-10-17 03:30,1.609
2025-10-17 03:36,1.74
2025-10-17 03:42,1.877
2025-10-17 03:48,2.019
2025-10-17 03:54,2.168
2025-10-17 04:00,2.322
2025-10-17 04:06,2.481
2025-10-17 04:12,2.647
2025-10-17 04:18,2.818
2025-10-17 04:24,2.994
2025-10-17 04:30,3.176
2025-10-17 04:36,3.362
2025-10-17 04:42,3.554
2025-10-17 04:48,3.75
2025-10-17 04:54,3.95
2025-10-17 05:00,4.154
2025-10-17 05:06,4.361
2025-10-17 05:12,4.57
2025-10-17 05:18,4.782
2025-10-17 05:24,4.994
2025-10-17 05:30,5.206
2025-10-17 05:36,5.418
2025-10-17 05:42,5.629
2025-10-17 05:48,5.837
2025-10-17 05:54,6.042
2025-10-17 06:00,6.244
2025-10-17 06:06,6.44
2025-10-17 06:12,6.631
2025-10-17 06:18,6.816
2025-10-17 06:24,6.993
2025-10-17 06:30,7.163
2025-10-17 06:36,7.325
2025-10-17 06:42,7.478
2025-10-17 06:48,7.622
2025-10-17 06:54,7.756
2025-10-17 07:00,7.88
2025-10-17 07:06,7.993
2025-10-17 07:12,8.097
2025-10-17 07:18,8.189
2025-10-17 07:24,8.271
2025-10-17 07:30,8.342
2025-10-17 07:36,8.403
2025-10-17 07:42,8.452
2025-10-17 07:48,8.491
2025-10-17 07:54,8.52
2025-10-17 08:00,8.538
2025-10-17 08:06,8.546
2025-10-17 08:12,8.544
2025-10-17 08:18,8.532
2025-10-17 08:24,8.51
2025-10-17 08:30,8.479
2025-10-17 08:36,8.439
2025-10-17 08:42,8.39
2025-10-17 08:48,8.332
2025-10-17 08:54,8.266
2025-10-17 09:00,8.191
2025-10-17 09:06,8.109
2025-10-17 09:12,8.019
2025-10-17 09:18,7.922
2025-10-17 09:24,7.818
2025-10-17 09:30,7.708
2025-10-17 09:36,7.591
2025-10-17 09:42,7.468
2025-10-17 09:48,7.339
2025-10-17 09:54,7.205
2025-10-17 10:00,7.066
2025-10-17 10:06,6.922
2025-10-17 10:12,6.773
2025-10-17 10:18,6.621
2025-10-17 10:24,6.464
2025-10-17 10:30,6.303
2025-10-17 10:36,6.139
2025-10-17 10:42,5.972
2025-10-17 10:48,5.801
2025-10-17 10:54,5.628
2025-10-17 11:00,5.451
2025-10-17 11:06,5.273
2025-10-17 11:12,5.091
2025-10-17 11:18,4.908
2025-10-17 11:24,4.723
2025-10-17 11:30,4.536
2025-10-17 11:36,4.348
2025-10-17 11:42,4.158
2025-10-17 11:48,3.969
2025-10-17 11:54,3.779
2025-10-17 12:00,3.589
2025-10-17 12:06,3.4
2025-10-17 12:12,3.213
2025-10-17 12:18,3.028
2025-10-17 12:24,2.846
2025-10-17 12:30,2.667
2025-10-17 12:36,2.492
2025-10-17 12:42,2.323
2025-10-17 12:48,2.159
2025-10-17 12:54,2.002
2025-10-17 13:00,1.852
2025-10-17 13:06,1.71
2025-10-17 13:12,1.578
2025-10-17 13:18,1.454
2025-10-17 13:24,1.341
2025-10-17 13:30,1.238
2025-10-17 13:36,1.147
2025-10-17 13:42,1.066
2025-10-17 13:48,0.998
2025-10-17 13:54,0.942
2025-10-17 14:00,0.897
2025-10-17 14:06,0.864
2025-10-17 14:12,0.844
2025-10-17 14:18,0.835
2025-10-17 14:24,0.837
2025-10-17 14:30,0.851
2025-10-17 14:36,0.876
2025-10-17 14:42,0.91
2025-10-17 14:48,0.955
2025-10-17 14:54,1.009
2025-10-17 15:00,1.072
2025-10-17 15:06,1.144
2025-10-17 15:12,1.223
2025-10-17 15:18,1.31
2025-10-17 15:24,1.404
2025-10-17 15:30,1.505
2025-10-17 15:36,1.613
2025-10-17 15:42,1.727
2025-10-17 15:48,1.847
2025-10-17 15:54,1.973
2025-10-17 16:00,2.105
2025-10-17 16:06,2.242
2025-10-17 16:12,2.386
2025-10-17 16:18,2.535
2025-10-17 16:24,2.689
2025-10-17 16:30,2.85
2025-10-17 16:36,3.016
2025-10-17 16:42,3.187
2025-10-17 16:48,3.364
2025-10-17 16:54,3.547
2025-10-17 17:00,3.734
2025-10-17 17:06,3.926
2025-10-17 17:12,4.123
2025-10-17 17:18,4.324
2025-10-17 17:24,4.529
2025-10-17 17:30,4.737
2025-10-17 17:36,4.947
2025-10-17 17:42,5.159
2025-10-17 17:48,5.372
2025-10-17 17:54,5.586
2025-10-17 18:00,5.799
2025-10-17 18:06,6.01
2025-10-17 18:12,6.22
2025-10-17 18:18,6.426
2025-10-17 18:24,6.629
2025-10-17 18:30,6.826
2025-10-17 18:36,7.018
2025-10-17 18:42,7.204
2025-10-17 18:48,7.383
2025-10-17 18:54,7.554
2025-10-17 19:00,7.716
2025-10-17 19:06,7.87
2025-10-17 19:12,8.014
2025-10-17 19:18,8.148
2025-10-17 19:24,8.272
2025-10-17 19:30,8.385
2025-10-17 19:36,8.488
2025-10-17 19:42,8.58
2025-10-17 19:48,8.661
2025-10-17 19:54,8.732
2025-10-17 20:00,8.791
2025-10-17 20:06,8.839
2025-10-17 20:12,8.876
2025-10-17 20:18,8.903
2025-10-17 20:24,8.918
2025-10-17 20:30,8.924
2025-10-17 20:36,8.919
2025-10-17 20:42,8.904
2025-10-17 20:48,8.879
2025-10-17 20:54,8.844
2025-10-17 21:00,8.8
2025-10-17 21:06,8.746
2025-10-17 21:12,8.684
2025-10-17 21:18,8.613
2025-10-17 21:24,8.533
2025-10-17 21:30,8.445
2025-10-17 21:36,8.35
2025-10-17 21:42,8.246
2025-10-17 21:48,8.136
2025-10-17 21:54,8.018
2025-10-17 22:00,7.894
2025-10-17 22:06,7.763
2025-10-17 22:12,7.626
2025-10-17 22:18,7.484
2025-10-17 22:24,7.336
2025-10-17 22:30,7.183
2025-10-17 22:36,7.025
2025-10-17 22:42,6.862
2025-10-17 22:48,6.695
2025-10-17 22:54,6.524
2025-10-17 23:00,6.349
2025-10-17 23:06,6.171
2025-10-17 23:12,5.989
2025-10-17 23:18,5.804
2025-10-17 23:24,5.615
2025-10-17 23:30,5.424
2025-10-17 23:36,5.231
2025-10-17 23:42,5.035
2025-10-17 23:48,4.837
2025-10-17 23:54,4.638
2025-10-18 00:00,4.437
2025-10-18 00:06,4.234
2025-10-18 00:12,4.031
2025-10-18 00:18,3.828
2025-10-18 00:24,3.626
2025-10-18 00:30,3.424
2025-10-18 00:36,3.223
2025-10-18 00:42,3.024
2025-10-18 00:48,2.828
2025-10-18 00:54,2.636
2025-10-18 01:00,2.448
2025-10-18 01:06,2.265
2025-10-18 01:12,2.087
2025-10-18 01:18,1.917
2025-10-18 01:24,1.753
2025-10-18 01:30,1.598
2025-10-18 01:36,1.452
2025-10-18 01:42,1.315
2025-10-18 01:48,1.188
2025-10-18 01:54,1.072
2025-10-18 02:00,0.968
2025-10-18 02:06,0.874
2025-10-18 02:12,0.793
2025-10-18 02:18,0.724
2025-10-18 02:24,0.667
2025-10-18 02:30,0.623
2025-10-18 02:36,0.59
2025-10-18 02:42,0.57
2025-10-18 02:48,0.561
2025-10-18 02:54,0.564
2025-10-18 03:00,0.578
2025-10-18 03:06,0.603
2025-10-18 03:12,0.638
2025-10-18 03:18,0.683
2025-10-18 03:24,0.737
2025-10-18 03:30,0.8
2025-10-18 03:36,0.872
2025-10-18 03:42,0.952
2025-10-18 03:48,1.039
2025-10-18 03:54,1.134
2025-10-18 04:00,1.235
2025-10-18 04:06,1.344
2025-10-18 04:12,1.459
2025-10-18 04:18,1.58
2025-10-18 04:24,1.708
2025-10-18 04:30,1.842
2025-10-18 04:36,1.983
2025-10-18 04:42,2.129
2025-10-18 04:48,2.281
2025-10-18 04:54,2.44
2025-10-18 05:00,2.605
2025-10-18 05:06,2.776
2025-10-18 05:12,2.952
2025-10-18 05:18,3.135
2025-10-18 05:24,3.323
2025-10-18 05:30,3.516
2025-10-18 05:36,3.714
2025-10-18 05:42,3.917
2025-10-18 05:48,4.124
2025-10-18 05:54,4.335
2025-10-18 06:00,4.548
2025-10-18 06:06,4.764
2025-10-18 06:12,4.981
2025-10-18 06:18,5.199
2025-10-18 06:24,5.417
2025-10-18 06:30,5.634
2025-10-18 06:36,5.849
2025-10-18 06:42,6.062
2025-10-18 06:48,6.27
2025-10-18 06:54,6.475
2025-10-18 07:00,6.674
2025-10-18 07:06,6.867
2025-10-18 07:12,7.053
2025-10-18 07:18,7.232
2025-10-18 07:24,7.403
2025-10-18 07:30,7.564
2025-10-18 07:36,7.717
2025-10-18 07:42,7.86
2025-10-18 07:48,7.993
2025-10-18 07:54,8.116
2025-10-18 08:00,8.228
2025-10-18 08:06,8.329
2025-10-18 08:12,8.42
2025-10-18 08:18,8.499
2025-10-18 08:24,8.568
2025-10-18 08:30,8.626
2025-10-18 08:36,8.673
2025-10-18 08:42,8.709
2025-10-18 08:48,8.735
2025-10-18 08:54,8.75
2025-10-18 09:00,8.755
2025-10-18 09:06,8.749
2025-10-18 09:12,8.734
2025-10-18 09:18,8.709
2025-10-18 09:24,8.674
2025-10-18 09:30,8.63
2025-10-18 09:36,8.577
2025-10-18 09:42,8.515
2025-10-18 09:48,8.444
2025-10-18 09:54,8.365
2025-10-18 10:00,8.278
2025-10-18 10:06,8.183
2025-10-18 10:12,8.081
2025-10-18 10:18,7.971
2025-10-18 10:24,7.855
2025-10-18 10:30,7.732
2025-10-18 10:36,7.602
2025-10-18 10:42,7.467
2025-10-18 10:48,7.326
2025-10-18 10:54,7.179
2025-10-18 11:00,7.028
2025-10-18 11:06,6.871
2025-10-18 11:12,6.71
2025-10-18 11:18,6.545
2025-10-18 11:24,6.375
2025-10-18 11:30,6.202
2025-10-18 11:36,6.025
2025-10-18 11:42,5.845
2025-10-18 11:48,5.662
2025-10-18 11:54,5.475
2025-10-18 12:00,5.286
2025-10-18 12:06,5.094
2025-10-18 12:12,4.901
2025-10-18 12:18,4.705
2025-10-18 12:24,4.508
2025-10-18 12:30,4.309
2025-10-18 12:36,4.11
2025-10-18 12:42,3.91
2025-10-18 12:48,3.711
2025-10-18 12:54,3.512
2025-10-18 13:00,3.314
2025-10-18 13:06,3.118
2025-10-18 13:12,2.925
2025-10-18 13:18,2.735
2025-10-18 13:24,2.549
2025-10-18 13:30,2.368
2025-10-18 13:36,2.192
2025-10-18 13:42,2.023
2025-10-18 13:48,1.86
2025-10-18 13:54,1.706
2025-10-18 14:00,1.561
2025-10-18 14:06,1.424
2025-10-18 14:12,1.298
2025-10-18 14:18,1.182
2025-10-18 14:24,1.078
2025-10-18 14:30,0.984
2025-10-18 14:36,0.903
2025-10-18 14:42,0.833
2025-10-18 14:48,0.776
2025-10-18 14:54,0.731
2025-10-18 15:00,0.697
2025-10-18 15:06,0.676
2025-10-18 15:12,0.667
2025-10-18 15:18,0.669
2025-10-18 15:24,0.682
2025-10-18 15:30,0.706
2025-10-18 15:36,0.74
2025-10-18 15:42,0.784
2025-10-18 15:48,0.838
2025-10-18 15:54,0.9
2025-10-18 16:00,0.972
2025-10-18 16:06,1.051
2025-10-18 16:12,1.138
2025-10-18 16:18,1.232
2025-10-18 16:24,1.333
2025-10-18 16:30,1.441
2025-10-18 16:36,1.556
2025-10-18 16:42,1.678
2025-10-18 16:48,1.805
2025-10-18 16:54,1.939
2025-10-18 17:00,2.079
2025-10-18 17:06,2.225
2025-10-18 17:12,2.377
2025-10-18 17:18,2.535
2025-10-18 17:24,2.7
2025-10-18 17:30,2.87
2025-10-18 17:36,3.046
2025-10-18 17:42,3.228
2025-10-18 17:48,3.415
2025-10-18 17:54,3.608
2025-10-18 18:00,3.805
2025-10-18 18:06,4.007
2025-10-18 18:12,4.214
2025-10-18 18:18,4.423
2025-10-18 18:24,4.636
2025-10-18 18:30,4.851
2025-10-18 18:36,5.067
2025-10-18 18:42,5.284
2025-10-18 18:48,5.501
2025-10-18 18:54,5.717
2025-10-18 19:00,5.931
2025-10-18 19:06,6.142
2025-10-18 19:12,6.35
2025-10-18 19:18,6.554
2025-10-18 19:24,6.752
2025-10-18 19:30,6.944
2025-10-18 19:36,7.129
2025-10-18 19:42,7.307
2025-10-18 19:48,7.476
2025-10-18 19:54,7.637
2025-10-18 20:00,7.789
2025-10-18 20:06,7.931
2025-10-18 20:12,8.063
2025-10-18 20:18,8.184
2025-10-18 20:24,8.295
2025-10-18 20:30,8.395
2025-10-18 20:36,8.485
2025-10-18 20:42,8.563
2025-10-18 20:48,8.63
2025-10-18 20:54,8.687
2025-10-18 21:00,8.732
2025-10-18 21:06,8.767
2025-10-18 21:12,8.791
2025-10-18 21:18,8.804
2025-10-18 21:24,8.807
2025-10-18 21:30,8.8
2025-10-18 21:36,8.783
2025-10-18 21:42,8.755
2025-10-18 21:48,8.719
2025-10-18 21:54,8.672
2025-10-18 22:00,8.617
2025-10-18 22:06,8.553
2025-10-18 22:12,8.48
2025-10-18 22:18,8.398
2025-10-18 22:24,8.308
2025-10-18 22:30,8.211
2025-10-18 22:36,8.106
2025-10-18 22:42,7.993
2025-10-18 22:48,7.874
2025-10-18 22:54,7.748
2025-10-18 23:00,7.615
2025-10-18 23:06,7.477
2025-10-18 23:12,7.333
2025-10-18 23:18,7.183
2025-10-18 23:24,7.028
2025-10-18 23:30,6.869
2025-10-18 23:36,6.705
2025-10-18 23:42,6.537
2025-10-18 23:48,6.364
2025-10-18 23:54,6.188
2025-10-19 00:00,6.009
2025-10-19 00:06,5.826
2025-10-19 00:12,5.641
2025-10-19 00:18,5.452
2025-10-19 00:24,5.261
2025-10-19 00:30,5.068
2025-10-19 00:36,4.872
2025-10-19 00:42,4.675
2025-10-19 00:48,4.477
2025-10-19 00:54,4.278
2025-10-19 01:00,4.078
2025-10-19 01:06,3.877
2025-10-19 01:12,3.677
2025-10-19 01:18,3.478
2025-10-19 01:24,3.28
2025-10-19 01:30,3.084
2025-10-19 01:36,2.891
2025-10-19 01:42,2.701
2025-10-19 01:48,2.516
2025-10-19 01:54,2.335
2025-10-19 02:00,2.16
2025-10-19 02:06,1.991
2025-10-19 02:12,1.829
2025-10-19 02:18,1.676
2025-10-19 02:24,1.531
2025-10-19 02:30,1.395
2025-10-19 02:36,1.27
2025-10-19 02:42,1.155
2025-10-19 02:48,1.051
2025-10-19 02:54,0.959
2025-10-19 03:00,0.878
2025-10-19 03:06,0.81
2025-10-19 03:12,0.754
2025-10-19 03:18,0.71
2025-10-19 03:24,0.678
2025-10-19 03:30,0.659
2025-10-19 03:36,0.651
2025-10-19 03:42,0.655
2025-10-19 03:48,0.671
2025-10-19 03:54,0.697
2025-10-19 04:00,0.734
2025-10-19 04:06,0.782
2025-10-19 04:12,0.838
2025-10-19 04:18,0.904
2025-10-19 04:24,0.979
2025-10-19 04:30,1.062
2025-10-19 04:36,1.153
2025-10-19 04:42,1.251
2025-10-19 04:48,1.357
2025-10-19 04:54,1.47
2025-10-19 05:00,1.589
2025-10-19 05:06,1.714
2025-10-19 05:12,1.846
2025-10-19 05:18,1.985
2025-10-19 05:24,2.129
2025-10-19 05:30,2.28
2025-10-19 05:36,2.436
2025-10-19 05:42,2.599
2025-10-19 05:48,2.767
2025-10-19 05:54,2.942
2025-10-19 06:00,3.122
2025-10-19 06:06,3.307
2025-10-19 06:12,3.498
2025-10-19 06:18,3.695
2025-10-19 06:24,3.896
2025-10-19 06:30,4.101
2025-10-19 06:36,4.31
2025-10-19 06:42,4.523
2025-10-19 06:48,4.738
2025-10-19 06:54,4.955
2025-10-19 07:00,5.174
2025-10-19 07:06,5.394
2025-10-19 07:12,5.613
2025-10-19 07:18,5.831
2025-10-19 07:24,6.047
2025-10-19 07:30,6.261
2025-10-19 07:36,6.47
2025-10-19 07:42,6.676
2025-10-19 07:48,6.875
2025-10-19 07:54,7.069
2025-10-19 08:00,7.256
2025-10-19 08:06,7.435
2025-10-19 08:12,7.605
2025-10-19 08:18,7.767
2025-10-19 08:24,7.92
2025-10-19 08:30,8.062
2025-10-19 08:36,8.195
2025-10-19 08:42,8.317
2025-10-19 08:48,8.428
2025-10-19 08:54,8.528
2025-10-19 09:00,8.618
2025-10-19 09:06,8.696
2025-10-19 09:12,8.762
2025-10-19 09:18,8.818
2025-10-19 09:24,8.863
2025-10-19 09:30,8.896
2025-10-19 09:36,8.919
2025-10-19 09:42,8.93
2025-10-19 09:48,8.931
2025-10-19 09:54,8.922
2025-10-19 10:00,8.902
2025-10-19 10:06,8.873
2025-10-19 10:12,8.833
2025-10-19 10:18,8.784
2025-10-19 10:24,8.725
2025-10-19 10:30,8.657
2025-10-19 10:36,8.58
2025-10-19 10:42,8.495
2025-10-19 10:48,8.401
2025-10-19 10:54,8.299
2025-10-19 11:00,8.189
2025-10-19 11:06,8.072
2025-10-19 11:12,7.948
2025-10-19 11:18,7.817
2025-10-19 11:24,7.679
2025-10-19 11:30,7.535
2025-10-19 11:36,7.386
2025-10-19 11:42,7.231
2025-10-19 11:48,7.071
2025-10-19 11:54,6.906
2025-10-19 12:00,6.736
2025-10-19 12:06,6.563
2025-10-19 12:12,6.385
2025-10-19 12:18,6.204
2025-10-19 12:24,6.019
2025-10-19 12:30,5.831
2025-10-19 12:36,5.64
2025-10-19 12:42,5.447
2025-10-19 12:48,5.251
2025-10-19 12:54,5.053
2025-10-19 13:00,4.853
2025-10-19 13:06,4.652
2025-10-19 13:12,4.449
2025-10-19 13:18,4.245
2025-10-19 13:24,4.041
2025-10-19 13:30,3.837
2025-10-19 13:36,3.633
2025-10-19 13:42,3.43
2025-10-19 13:48,3.228
2025-10-19 13:54,3.029
2025-10-19 14:00,2.832
2025-10-19 14:06,2.638
2025-10-19 14:12,2.449
2025-10-19 14:18,2.264
2025-10-19 14:24,2.085
2025-10-19 14:30,1.913
2025-10-19 14:36,1.747
2025-10-19 14:42,1.59
2025-10-19 14:48,1.441
2025-10-19 14:54,1.302
2025-10-19 15:00,1.172
2025-10-19 15:06,1.053
2025-10-19 15:12,0.945
2025-10-19 15:18,0.849
2025-10-19 15:24,0.765
2025-10-19 15:30,0.693
2025-10-19 15:36,0.633
2025-10-19 15:42,0.585
2025-10-19 15:48,0.55
2025-10-19 15:54,0.527
2025-10-19 16:00,0.516
2025-10-19 16:06,0.518
2025-10-19 16:12,0.53
2025-10-19 16:18,0.554
2025-10-19 16:24,0.589
2025-10-19 16:30,0.633
2025-10-19 16:36,0.688
2025-10-19 16:42,0.752
2025-10-19 16:48,0.825
2025-10-19 16:54,0.906
2025-10-19 17:00,0.996
2025-10-19 17:06,1.092
2025-10-19 17:12,1.197
2025-10-19 17:18,1.308
2025-10-19 17:24,1.426
2025-10-19 17:30,1.55
2025-10-19 17:36,1.681
2025-10-19 17:42,1.818
2025-10-19 17:48,1.961
2025-10-19 17:54,2.11
2025-10-19 18:00,2.265
2025-10-19 18:06,2.426
2025-10-19 18:12,2.593
2025-10-19 18:18,2.765
2025-10-19 18:24,2.943
2025-10-19 18:30,3.127
2025-10-19 18:36,3.316
2025-10-19 18:42,3.509
2025-10-19 18:48,3.708
2025-10-19 18:54,3.91
2025-10-19 19:00,4.117
2025-10-19 19:06,4.327
2025-10-19 19:12,4.54
2025-10-19 19:18,4.754
2025-10-19 19:24,4.97
2025-10-19 19:30,5.187
2025-10-19 19:36,5.403
2025-10-19 19:42,5.619
2025-10-19 19:48,5.832
2025-10-19 19:54,6.043
2025-10-19 20:00,6.251
2025-10-19 20:06,6.453
2025-10-19 20:12,6.651
2025-10-19 20:18,6.842
2025-10-19 20:24,7.027
2025-10-19 20:30,7.204
2025-10-19 20:36,7.373
2025-10-19 20:42,7.533
2025-10-19 20:48,7.684
2025-10-19 20:54,7.826
2025-10-19 21:00,7.957
2025-10-19 21:06,8.077
2025-10-19 21:12,8.188
2025-10-19 21:18,8.287
2025-10-19 21:24,8.375
2025-10-19 21:30,8.452
2025-10-19 21:36,8.518
2025-10-19 21:42,8.573
2025-10-19 21:48,8.617
2025-10-19 21:54,8.65
2025-10-19 22:00,8.673
2025-10-19 22:06,8.684
2025-10-19 22:12,8.685
2025-10-19 22:18,8.675
2025-10-19 22:24,8.656
2025-10-19 22:30,8.626
2025-10-19 22:36,8.587
2025-10-19 22:42,8.538
2025-10-19 22:48,8.48
2025-10-19 22:54,8.413
2025-10-19 23:00,8.337
2025-10-19 23:06,8.252
2025-10-19 23:12,8.16
2025-10-19 23:18,8.06
2025-10-19 23:24,7.952
2025-10-19 23:30,7.837
2025-10-19 23:36,7.715
2025-10-19 23:42,7.586
2025-10-19 23:48,7.452
2025-10-19 23:54,7.311
2025-10-20 00:00,7.165
2025-10-20 00:06,7.015
2025-10-20 00:12,6.859
2025-10-20 00:18,6.699
2025-10-20 00:24,6.535
2025-10-20 00:30,6.367
2025-10-20 00:36,6.195
2025-10-20 00:42,6.02
2025-10-20 00:48,5.843
2025-10-20 00:54,5.663
2025-10-20 01:00,5.48
2025-10-20 01:06,5.295
2025-10-20 01:12,5.108
2025-10-20 01:18,4.919
2025-10-20 01:24,4.729
2025-10-20 01:30,4.538
2025-10-20 01:36,4.346
2025-10-20 01:42,4.153
2025-10-20 01:48,3.96
2025-10-20 01:54,3.768
2025-10-20 02:00,3.576
2025-10-20 02:06,3.385
2025-10-20 02:12,3.196
2025-10-20 02:18,3.009
2025-10-20 02:24,2.825
2025-10-20 02:30,2.645
2025-10-20 02:36,2.468
2025-10-20 02:42,2.297
2025-10-20 02:48,2.131
2025-10-20 02:54,1.972
2025-10-20 03:00,1.82
2025-10-20 03:06,1.676
2025-10-20 03:12,1.541
2025-10-20 03:18,1.415
2025-10-20 03:24,1.3
2025-10-20 03:30,1.194
2025-10-20 03:36,1.1
2025-10-20 03:42,1.018
2025-10-20 03:48,0.947
2025-10-20 03:54,0.888
2025-10-20 04:00,0.842
2025-10-20 04:06,0.808
2025-10-20 04:12,0.787
2025-10-20 04:18,0.778
2025-10-20 04:24,0.781
2025-10-20 04:30,0.796
2025-10-20 04:36,0.822
2025-10-20 04:42,0.86
2025-10-20 04:48,0.908
2025-10-20 04:54,0.967
2025-10-20 05:00,1.035
2025-10-20 05:06,1.112
2025-10-20 05:12,1.198
2025-10-20 05:18,1.293
2025-10-20 05:24,1.395
2025-10-20 05:30,1.505
2025-10-20 05:36,1.621
2025-10-20 05:42,1.744
2025-10-20 05:48,1.874
2025-10-20 05:54,2.01
2025-10-20 06:00,2.151
2025-10-20 06:06,2.298
2025-10-20 06:12,2.451
2025-10-20 06:18,2.609
2025-10-20 06:24,2.773
2025-10-20 06:30,2.941
2025-10-20 06:36,3.115
2025-10-20 06:42,3.294
2025-10-20 06:48,3.478
2025-10-20 06:54,3.667
2025-10-20 07:00,3.861
2025-10-20 07:06,4.058
2025-10-20 07:12,4.26
2025-10-20 07:18,4.465
2025-10-20 07:24,4.674
2025-10-20 07:30,4.885
2025-10-20 07:36,5.099
2025-10-20 07:42,5.314
2025-10-20 07:48,5.53
2025-10-20 07:54,5.745
2025-10-20 08:00,5.961
2025-10-20 08:06,6.174
2025-10-20 08:12,6.385
2025-10-20 08:18,6.593
2025-10-20 08:24,6.797
2025-10-20 08:30,6.996
2025-10-20 08:36,7.19
2025-10-20 08:42,7.376
2025-10-20 08:48,7.556
2025-10-20 08:54,7.727
2025-10-20 09:00,7.89
2025-10-20 09:06,8.044
2025-10-20 09:12,8.188
2025-10-20 09:18,8.322
2025-10-20 09:24,8.445
2025-10-20 09:30,8.557
2025-10-20 09:36,8.658
2025-10-20 09:42,8.748
2025-10-20 09:48,8.827
2025-10-20 09:54,8.893
2025-10-20 10:00,8.949
2025-10-20 10:06,8.992
2025-10-20 10:12,9.025
2025-10-20 10:18,9.046
2025-10-20 10:24,9.055
2025-10-20 10:30,9.054
2025-10-20 10:36,9.041
2025-10-20 10:42,9.018
2025-10-20 10:48,8.984
2025-10-20 10:54,8.94
2025-10-20 11:00,8.886
2025-10-20 11:06,8.822
2025-10-20 11:12,8.749
2025-10-20 11:18,8.666
2025-10-20 11:24,8.574
2025-10-20 11:30,8.474
2025-10-20 11:36,8.366
2025-10-20 11:42,8.249
2025-10-20 11:48,8.125
2025-10-20 11:54,7.994
2025-10-20 12:00,7.856
2025-10-20 12:06,7.711
2025-10-20 12:12,7.561
2025-10-20 12:18,7.404
2025-10-20 12:24,7.243
2025-10-20 12:30,7.076
2025-10-20 12:36,6.905
2025-10-20 12:42,6.73
2025-10-20 12:48,6.55
2025-10-20 12:54,6.368
2025-10-20 13:00,6.181
2025-10-20 13:06,5.992
2025-10-20 13:12,5.801
2025-10-20 13:18,5.607
2025-10-20 13:24,5.41
2025-10-20 13:30,5.212
2025-10-20 13:36,5.013
2025-10-20 13:42,4.812
2025-10-20 13:48,4.609
2025-10-20 13:54,4.406
2025-10-20 14:00,4.203
2025-10-20 14:06,3.999
2025-10-20 14:12,3.795
2025-10-20 14:18,3.592
2025-10-20 14:24,3.389
2025-10-20 14:30,3.189
2025-10-20 14:36,2.99
2025-10-20 14:42,2.793
2025-10-20 14:48,2.6
2025-10-20 14:54,2.41
2025-10-20 15:00,2.225
2025-10-20 15:06,2.044
2025-10-20 15:12,1.87
2025-10-20 15:18,1.703
2025-10-20 15:24,1.543
2025-10-20 15:30,1.391
2025-10-20 15:36,1.247
2025-10-20 15:42,1.114
2025-10-20 15:48,0.991
2025-10-20 15:54,0.878
2025-10-20 16:00,0.777
2025-10-20 16:06,0.687
2025-10-20 16:12,0.61
2025-10-20 16:18,0.545
2025-10-20 16:24,0.493
2025-10-20 16:30,0.454
2025-10-20 16:36,0.427
2025-10-20 16:42,0.413
2025-10-20 16:48,0.411
2025-10-20 16:54,0.421
2025-10-20 17:00,0.443
2025-10-20 17:06,0.477
2025-10-20 17:12,0.521
2025-10-20 17:18,0.576
2025-10-20 17:24,0.641
2025-10-20 17:30,0.715
2025-10-20 17:36,0.799
2025-10-20 17:42,0.89
2025-10-20 17:48,0.99
2025-10-20 17:54,1.097
2025-10-20 18:00,1.211
2025-10-20 18:06,1.332
2025-10-20 18:12,1.459
2025-10-20 18:18,1.592
2025-10-20 18:24,1.731
2025-10-20 18:30,1.876
2025-10-20 18:36,2.026
2025-10-20 18:42,2.182
2025-10-20 18:48,2.342
2025-10-20 18:54,2.508
2025-10-20 19:00,2.679
2025-10-20 19:06,2.855
2025-10-20 19:12,3.036
2025-10-20 19:18,3.221
2025-10-20 19:24,3.411
2025-10-20 19:30,3.605
2025-10-20 19:36,3.803
2025-10-20 19:42,4.005
2025-10-20 19:48,4.21
2025-10-20 19:54,4.418
2025-10-20 20:00,4.627
2025-10-20 20:06,4.839
2025-10-20 20:12,5.051
2025-10-20 20:18,5.264
2025-10-20 20:24,5.476
2025-10-20 20:30,5.686
2025-10-20 20:36,5.894
2025-10-20 20:42,6.1
2025-10-20 20:48,6.301
2025-10-20 20:54,6.498
2025-10-20 21:00,6.689
2025-10-20 21:06,6.874
2025-10-20 21:12,7.051
2025-10-20 21:18,7.221
2025-10-20 21:24,7.383
2025-10-20 21:30,7.536
2025-10-20 21:36,7.679
2025-10-20 21:42,7.812
2025-10-20 21:48,7.935
2025-10-20 21:54,8.047
2025-10-20 22:00,8.148
2025-10-20 22:06,8.238
2025-10-20 22:12,8.317
2025-10-20 22:18,8.384
2025-10-20 22:24,8.44
2025-10-20 22:30,8.485
2025-10-20 22:36,8.519
2025-10-20 22:42,8.541
2025-10-20 22:48,8.553
2025-10-20 22:54,8.553
2025-10-20 23:00,8.543
2025-10-20 23:06,8.523
2025-10-20 23:12,8.492
2025-10-20 23:18,8.451
2025-10-20 23:24,8.401
2025-10-20 23:30,8.341
2025-10-20 23:36,8.273
2025-10-20 23:42,8.195
2025-10-20 23:48,8.109
2025-10-20 23:54,8.015
2025-10-21 00:00,7.913
2025-10-21 00:06,7.804
2025-10-21 00:12,7.688
2025-10-21 00:18,7.565
2025-10-21 00:24,7.436
2025-10-21 00:30,7.301
2025-10-21 00:36,7.16
2025-10-21 00:42,7.015
2025-10-21 00:48,6.864
2025-10-21 00:54,6.71
2025-10-21 01:00,6.551
2025-10-21 01:06,6.389
2025-10-21 01:12,6.224
2025-10-21 01:18,6.056
2025-10-21 01:24,5.885
2025-10-21 01:30,5.712
2025-10-21 01:36,5.537
2025-10-21 01:42,5.36
2025-10-21 01:48,5.182
2025-10-21 01:54,5.002
2025-10-21 02:00,4.822
2025-10-21 02:06,4.64
2025-10-21 02:12,4.458
2025-10-21 02:18,4.276
2025-10-21 02:24,4.093
2025-10-21 02:30,3.911
2025-10-21 02:36,3.729
2025-10-21 02:42,3.548
2025-10-21 02:48,3.368
2025-10-21 02:54,3.19
2025-10-21 03:00,3.014
2025-10-21 03:06,2.841
2025-10-21 03:12,2.672
2025-10-21 03:18,2.506
2025-10-21 03:24,2.345
2025-10-21 03:30,2.189
2025-10-21 03:36,2.039
2025-10-21 03:42,1.896
2025-10-21 03:48,1.76
2025-10-21 03:54,1.633
2025-10-21 04:00,1.514
2025-10-21 04:06,1.405
2025-10-21 04:12,1.306
2025-10-21 04:18,1.218
2025-10-21 04:24,1.141
2025-10-21 04:30,1.076
2025-10-21 04:36,1.022
2025-10-21 04:42,0.981
2025-10-21 04:48,0.953
2025-10-21 04:54,0.937
2025-10-21 05:00,0.934
2025-10-21 05:06,0.942
2025-10-21 05:12,0.964
2025-10-21 05:18,0.997
2025-10-21 05:24,1.041
2025-10-21 05:30,1.096
2025-10-21 05:36,1.163
2025-10-21 05:42,1.239
2025-10-21 05:48,1.324
2025-10-21 05:54,1.419
2025-10-21 06:00,1.522
2025-10-21 06:06,1.633
2025-10-21 06:12,1.751
2025-10-21 06:18,1.875
2025-10-21 06:24,2.007
2025-10-21 06:30,2.144
2025-10-21 06:36,2.286
2025-10-21 06:42,2.434
2025-10-21 06:48,2.587
2025-10-21 06:54,2.744
2025-10-21 07:00,2.906
2025-10-21 07:06,3.072
2025-10-21 07:12,3.243
2025-10-21 07:18,3.417
2025-10-21 07:24,3.596
2025-10-21 07:30,3.779
2025-10-21 07:36,3.965
2025-10-21 07:42,4.155
2025-10-21 07:48,4.349
2025-10-21 07:54,4.546
2025-10-21 08:00,4.746
2025-10-21 08:06,4.948
2025-10-21 08:12,5.153
2025-10-21 08:18,5.359
2025-10-21 08:24,5.567
2025-10-21 08:30,5.775
2025-10-21 08:36,5.984
2025-10-21 08:42,6.192
2025-10-21 08:48,6.398
2025-10-21 08:54,6.602
2025-10-21 09:00,6.803
2025-10-21 09:06,7
2025-10-21 09:12,7.193
2025-10-21 09:18,7.38
2025-10-21 09:24,7.56
2025-10-21 09:30,7.734
2025-10-21 09:36,7.9
2025-10-21 09:42,8.057
2025-10-21 09:48,8.205
2025-10-21 09:54,8.344
2025-10-21 10:00,8.472
2025-10-21 10:06,8.59
2025-10-21 10:12,8.696
2025-10-21 10:18,8.791
2025-10-21 10:24,8.874
2025-10-21 10:30,8.946
2025-10-21 10:36,9.006
2025-10-21 10:42,9.053
2025-10-21 10:48,9.089
2025-10-21 10:54,9.113
2025-10-21 11:00,9.125
2025-10-21 11:06,9.125
2025-10-21 11:12,9.114
2025-10-21 11:18,9.091
2025-10-21 11:24,9.058
2025-10-21 11:30,9.014
2025-10-21 11:36,8.959
2025-10-21 11:42,8.894
2025-10-21 11:48,8.819
2025-10-21 11:54,8.734
2025-10-21 12:00,8.64
2025-10-21 12:06,8.538
2025-10-21 12:12,8.426
2025-10-21 12:18,8.307
2025-10-21 12:24,8.18
2025-10-21 12:30,8.045
2025-10-21 12:36,7.904
2025-10-21 12:42,7.756
2025-10-21 12:48,7.602
2025-10-21 12:54,7.442
2025-10-21 13:00,7.277
2025-10-21 13:06,7.108
2025-10-21 13:12,6.933
2025-10-21 13:18,6.755
2025-10-21 13:24,6.573
2025-10-21 13:30,6.388
2025-10-21 13:36,6.2
2025-10-21 13:42,6.01
2025-10-21 13:48,5.817
2025-10-21 13:54,5.622
2025-10-21 14:00,5.426
2025-10-21 14:06,5.228
2025-10-21 14:12,5.03
2025-10-21 14:18,4.83
2025-10-21 14:24,4.63
2025-10-21 14:30,4.429
2025-10-21 14:36,4.229
2025-10-21 14:42,4.028
2025-10-21 14:48,3.828
2025-10-21 14:54,3.628
2025-10-21 15:00,3.43
2025-10-21 15:06,3.233
2025-10-21 15:12,3.037
2025-10-21 15:18,2.844
2025-10-21 15:24,2.653
2025-10-21 15:30,2.466
2025-10-21 15:36,2.282
2025-10-21 15:42,2.103
2025-10-21 15:48,1.929
2025-10-21 15:54,1.76
2025-10-21 16:00,1.598
2025-10-21 16:06,1.443
2025-10-21 16:12,1.295
2025-10-21 16:18,1.157
2025-10-21 16:24,1.027
2025-10-21 16:30,0.908
2025-10-21 16:36,0.799
2025-10-21 16:42,0.701
2025-10-21 16:48,0.615
2025-10-21 16:54,0.54
2025-10-21 17:00,0.479
2025-10-21 17:06,0.43
2025-10-21 17:12,0.393
2025-10-21 17:18,0.37
2025-10-21 17:24,0.36
2025-10-21 17:30,0.362
2025-10-21 17:36,0.376
2025-10-21 17:42,0.403
2025-10-21 17:48,0.442
2025-10-21 17:54,0.492
2025-10-21 18:00,0.553
2025-10-21 18:06,0.624
2025-10-21 18:12,0.705
2025-10-21 18:18,0.795
2025-10-21 18:24,0.894
2025-10-21 18:30,1
2025-10-21 18:36,1.114
2025-10-21 18:42,1.235
2025-10-21 18:48,1.363
2025-10-21 18:54,1.496
2025-10-21 19:00,1.635
2025-10-21 19:06,1.779
2025-10-21 19:12,1.928
2025-10-21 19:18,2.082
2025-10-21 19:24,2.24
2025-10-21 19:30,2.402
2025-10-21 19:36,2.569
2025-10-21 19:42,2.74
2025-10-21 19:48,2.915
2025-10-21 19:54,3.094
2025-10-21 20:00,3.277
2025-10-21 20:06,3.463
2025-10-21 20:12,3.653
2025-10-21 20:18,3.846
2025-10-21 20:24,4.042
2025-10-21 20:30,4.241
2025-10-21 20:36,4.442
2025-10-21 20:42,4.645
2025-10-21 20:48,4.849
2025-10-21 20:54,5.055
2025-10-21 21:00,5.26
2025-10-21 21:06,5.465
2025-10-21 21:12,5.669
2025-10-21 21:18,5.87
2025-10-21 21:24,6.069
2025-10-21 21:30,6.265
2025-10-21 21:36,6.456
2025-10-21 21:42,6.642
2025-10-21 21:48,6.821
2025-10-21 21:54,6.994
2025-10-21 22:00,7.16
2025-10-21 22:06,7.317
2025-10-21 22:12,7.466
2025-10-21 22:18,7.604
2025-10-21 22:24,7.733
2025-10-21 22:30,7.852
2025-10-21 22:36,7.96
2025-10-21 22:42,8.057
2025-10-21 22:48,8.142
2025-10-21 22:54,8.216
2025-10-21 23:00,8.279
2025-10-21 23:06,8.329
2025-10-21 23:12,8.369
2025-10-21 23:18,8.397
2025-10-21 23:24,8.413
2025-10-21 23:30,8.418
2025-10-21 23:36,8.413
2025-10-21 23:42,8.396
2025-10-21 23:48,8.369
2025-10-21 23:54,8.332
2025-10-22 00:00,8.284
2025-10-22 00:06,8.228
2025-10-22 00:12,8.161
2025-10-22 00:18,8.086
2025-10-22 00:24,8.003
2025-10-22 00:30,7.911
2025-10-22 00:36,7.811
2025-10-22 00:42,7.704
2025-10-22 00:48,7.59
2025-10-22 00:54,7.47
2025-10-22 01:00,7.343
2025-10-22 01:06,7.21
2025-10-22 01:12,7.073
2025-10-22 01:18,6.93
2025-10-22 01:24,6.782
2025-10-22 01:30,6.631
2025-10-22 01:36,6.476
2025-10-22 01:42,6.318
2025-10-22 01:48,6.157
2025-10-22 01:54,5.993
2025-10-22 02:00,5.827
2025-10-22 02:06,5.659
2025-10-22 02:12,5.49
2025-10-22 02:18,5.32
2025-10-22 02:24,5.148
2025-10-22 02:30,4.976
2025-10-22 02:36,4.804
2025-10-22 02:42,4.631
2025-10-22 02:48,4.458
2025-10-22 02:54,4.286
2025-10-22 03:00,4.114
2025-10-22 03:06,3.942
2025-10-22 03:12,3.772
2025-10-22 03:18,3.602
2025-10-22 03:24,3.434
2025-10-22 03:30,3.268
2025-10-22 03:36,3.104
2025-10-22 03:42,2.942
2025-10-22 03:48,2.783
2025-10-22 03:54,2.628
2025-10-22 04:00,2.477
2025-10-22 04:06,2.33
2025-10-22 04:12,2.188
2025-10-22 04:18,2.052
2025-10-22 04:24,1.923
2025-10-22 04:30,1.8
2025-10-22 04:36,1.686
2025-10-22 04:42,1.58
2025-10-22 04:48,1.483
2025-10-22 04:54,1.396
2025-10-22 05:00,1.319
2025-10-22 05:06,1.253
2025-10-22 05:12,1.199
2025-10-22 05:18,1.156
2025-10-22 05:24,1.125
2025-10-22 05:30,1.107
2025-10-22 05:36,1.101
2025-10-22 05:42,1.107
2025-10-22 05:48,1.126
2025-10-22 05:54,1.157
2025-10-22 06:00,1.2
2025-10-22 06:06,1.254
2025-10-22 06:12,1.32
2025-10-22 06:18,1.396
2025-10-22 06:24,1.483
2025-10-22 06:30,1.579
2025-10-22 06:36,1.684
2025-10-22 06:42,1.797
2025-10-22 06:48,1.918
2025-10-22 06:54,2.046
2025-10-22 07:00,2.18
2025-10-22 07:06,2.321
2025-10-22 07:12,2.466
2025-10-22 07:18,2.617
2025-10-22 07:24,2.772
2025-10-22 07:30,2.931
2025-10-22 07:36,3.094
2025-10-22 07:42,3.261
2025-10-22 07:48,3.431
2025-10-22 07:54,3.604
2025-10-22 08:00,3.78
2025-10-22 08:06,3.958
2025-10-22 08:12,4.14
2025-10-22 08:18,4.324
2025-10-22 08:24,4.511
2025-10-22 08:30,4.7
2025-10-22 08:36,4.891
2025-10-22 08:42,5.085
2025-10-22 08:48,5.28
2025-10-22 08:54,5.477
2025-10-22 09:00,5.674
2025-10-22 09:06,5.873
2025-10-22 09:12,6.072
2025-10-22 09:18,6.27
2025-10-22 09:24,6.468
2025-10-22 09:30,6.664
2025-10-22 09:36,6.857
2025-10-22 09:42,7.048
2025-10-22 09:48,7.234
2025-10-22 09:54,7.416
2025-10-22 10:00,7.593
2025-10-22 10:06,7.764
2025-10-22 10:12,7.927
2025-10-22 10:18,8.083
2025-10-22 10:24,8.23
2025-10-22 10:30,8.368
2025-10-22 10:36,8.496
2025-10-22 10:42,8.614
2025-10-22 10:48,8.721
2025-10-22 10:54,8.817
2025-10-22 11:00,8.901
2025-10-22 11:06,8.973
2025-10-22 11:12,9.034
2025-10-22 11:18,9.082
2025-10-22 11:24,9.117
2025-10-22 11:30,9.141
2025-10-22 11:36,9.153
2025-10-22 11:42,9.152
2025-10-22 11:48,9.139
2025-10-22 11:54,9.115
2025-10-22 12:00,9.08
2025-10-22 12:06,9.033
2025-10-22 12:12,8.975
2025-10-22 12:18,8.907
2025-10-22 12:24,8.828
2025-10-22 12:30,8.74
2025-10-22 12:36,8.643
2025-10-22 12:42,8.536
2025-10-22 12:48,8.421
2025-10-22 12:54,8.297
2025-10-22 13:00,8.166
2025-10-22 13:06,8.027
2025-10-22 13:12,7.882
2025-10-22 13:18,7.73
2025-10-22 13:24,7.571
2025-10-22 13:30,7.408
2025-10-22 13:36,7.239
2025-10-22 13:42,7.065
2025-10-22 13:48,6.888
2025-10-22 13:54,6.706
2025-10-22 14:00,6.521
2025-10-22 14:06,6.333
2025-10-22 14:12,6.143
2025-10-22 14:18,5.951
2025-10-22 14:24,5.756
2025-10-22 14:30,5.561
2025-10-22 14:36,5.364
2025-10-22 14:42,5.166
2025-10-22 14:48,4.969
2025-10-22 14:54,4.77
2025-10-22 15:00,4.572
2025-10-22 15:06,4.375
2025-10-22 15:12,4.177
2025-10-22 15:18,3.981
2025-10-22 15:24,3.786
2025-10-22 15:30,3.592
2025-10-22 15:36,3.399
2025-10-22 15:42,3.208
2025-10-22 15:48,3.019
2025-10-22 15:54,2.833
2025-10-22 16:00,2.649
2025-10-22 16:06,2.468
2025-10-22 16:12,2.291
2025-10-22 16:18,2.118
2025-10-22 16:24,1.949
2025-10-22 16:30,1.786
2025-10-22 16:36,1.628
2025-10-22 16:42,1.477
2025-10-22 16:48,1.332
2025-10-22 16:54,1.196
2025-10-22 17:00,1.067
2025-10-22 17:06,0.947
2025-10-22 17:12,0.838
2025-10-22 17:18,0.738
2025-10-22 17:24,0.649
2025-10-22 17:30,0.571
2025-10-22 17:36,0.505
2025-10-22 17:42,0.452
2025-10-22 17:48,0.41
2025-10-22 17:54,0.382
2025-10-22 18:00,0.366
2025-10-22 18:06,0.363
2025-10-22 18:12,0.372
2025-10-22 18:18,0.394
2025-10-22 18:24,0.429
2025-10-22 18:30,0.475
2025-10-22 18:36,0.533
2025-10-22 18:42,0.601
2025-10-22 18:48,0.681
2025-10-22 18:54,0.77
2025-10-22 19:00,0.868
2025-10-22 19:06,0.975
2025-10-22 19:12,1.09
2025-10-22 19:18,1.212
2025-10-22 19:24,1.34
2025-10-22 19:30,1.475
2025-10-22 19:36,1.616
2025-10-22 19:42,1.761
2025-10-22 19:48,1.911
2025-10-22 19:54,2.066
2025-10-22 20:00,2.224
2025-10-22 20:06,2.386
2025-10-22 20:12,2.551
2025-10-22 20:18,2.72
2025-10-22 20:24,2.892
2025-10-22 20:30,3.067
2025-10-22 20:36,3.244
2025-10-22 20:42,3.424
2025-10-22 20:48,3.607
2025-10-22 20:54,3.793
2025-10-22 21:00,3.981
2025-10-22 21:06,4.171
2025-10-22 21:12,4.363
2025-10-22 21:18,4.556
2025-10-22 21:24,4.751
2025-10-22 21:30,4.947
2025-10-22 21:36,5.144
2025-10-22 21:42,5.34
2025-10-22 21:48,5.536
2025-10-22 21:54,5.73
2025-10-22 22:00,5.922
2025-10-22 22:06,6.112
2025-10-22 22:12,6.297
2025-10-22 22:18,6.479
2025-10-22 22:24,6.656
2025-10-22 22:30,6.826
2025-10-22 22:36,6.991
2025-10-22 22:42,7.147
2025-10-22 22:48,7.296
2025-10-22 22:54,7.436
2025-10-22 23:00,7.567
2025-10-22 23:06,7.687
2025-10-22 23:12,7.798
2025-10-22 23:18,7.897
2025-10-22 23:24,7.986
2025-10-22 23:30,8.063
2025-10-22 23:36,8.129
2025-10-22 23:42,8.183
2025-10-22 23:48,8.225
2025-10-22 23:54,8.256
2025-10-23 00:00,8.275
2025-10-23 00:06,8.283
2025-10-23 00:12,8.279
2025-10-23 00:18,8.264
2025-10-23 00:24,8.239
2025-10-23 00:30,8.203
2025-10-23 00:36,8.158
2025-10-23 00:42,8.102
2025-10-23 00:48,8.037
2025-10-23 00:54,7.963
2025-10-23 01:00,7.88
2025-10-23 01:06,7.789
2025-10-23 01:12,7.69
2025-10-23 01:18,7.584
2025-10-23 01:24,7.471
2025-10-23 01:30,7.351
2025-10-23 01:36,7.225
2025-10-23 01:42,7.094
2025-10-23 01:48,6.957
2025-10-23 01:54,6.815
2025-10-23 02:00,6.669
2025-10-23 02:06,6.519
2025-10-23 02:12,6.366
2025-10-23 02:18,6.21
2025-10-23 02:24,6.051
2025-10-23 02:30,5.89
2025-10-23 02:36,5.727
2025-10-23 02:42,5.563
2025-10-23 02:48,5.397
2025-10-23 02:54,5.231
2025-10-23 03:00,5.065
2025-10-23 03:06,4.898
2025-10-23 03:12,4.732
2025-10-23 03:18,4.566
2025-10-23 03:24,4.4
2025-10-23 03:30,4.236
2025-10-23 03:36,4.073
2025-10-23 03:42,3.911
2025-10-23 03:48,3.751
2025-10-23 03:54,3.592
2025-10-23 04:00,3.436
2025-10-23 04:06,3.281
2025-10-23 04:12,3.129
2025-10-23 04:18,2.98
2025-10-23 04:24,2.834
2025-10-23 04:30,2.691
2025-10-23 04:36,2.552
2025-10-23 04:42,2.417
2025-10-23 04:48,2.287
2025-10-23 04:54,2.162
2025-10-23 05:00,2.043
2025-10-23 05:06,1.93
2025-10-23 05:12,1.824
2025-10-23 05:18,1.725
2025-10-23 05:24,1.634
2025-10-23 05:30,1.553
2025-10-23 05:36,1.48
2025-10-23 05:42,1.417
2025-10-23 05:48,1.364
2025-10-23 05:54,1.323
2025-10-23 06:00,1.292
2025-10-23 06:06,1.273
2025-10-23 06:12,1.266
2025-10-23 06:18,1.271
2025-10-23 06:24,1.288
2025-10-23 06:30,1.317
2025-10-23 06:36,1.358
2025-10-23 06:42,1.41
2025-10-23 06:48,1.475
2025-10-23 06:54,1.55
2025-10-23 07:00,1.635
2025-10-23 07:06,1.731
2025-10-23 07:12,1.837
2025-10-23 07:18,1.951
2025-10-23 07:24,2.073
2025-10-23 07:30,2.203
2025-10-23 07:36,2.34
2025-10-23 07:42,2.483
2025-10-23 07:48,2.632
2025-10-23 07:54,2.785
2025-10-23 08:00,2.944
2025-10-23 08:06,3.105
2025-10-23 08:12,3.271
2025-10-23 08:18,3.439
2025-10-23 08:24,3.61
2025-10-23 08:30,3.783
2025-10-23 08:36,3.959
2025-10-23 08:42,4.136
2025-10-23 08:48,4.315
2025-10-23 08:54,4.496
2025-10-23 09:00,4.678
2025-10-23 09:06,4.861
2025-10-23 09:12,5.046
2025-10-23 09:18,5.232
2025-10-23 09:24,5.418
2025-10-23 09:30,5.606
2025-10-23 09:36,5.794
2025-10-23 09:42,5.982
2025-10-23 09:48,6.17
2025-10-23 09:54,6.358
2025-10-23 10:00,6.545
2025-10-23 10:06,6.731
2025-10-23 10:12,6.915
2025-10-23 10:18,7.096
2025-10-23 10:24,7.273
2025-10-23 10:30,7.447
2025-10-23 10:36,7.616
2025-10-23 10:42,7.78
2025-10-23 10:48,7.938
2025-10-23 10:54,8.088
2025-10-23 11:00,8.231
2025-10-23 11:06,8.366
2025-10-23 11:12,8.491
2025-10-23 11:18,8.607
2025-10-23 11:24,8.713
2025-10-23 11:30,8.808
2025-10-23 11:36,8.891
2025-10-23 11:42,8.963
2025-10-23 11:48,9.024
2025-10-23 11:54,9.072
2025-10-23 12:00,9.108
2025-10-23 12:06,9.131
2025-10-23 12:12,9.143
2025-10-23 12:18,9.142
2025-10-23 12:24,9.129
2025-10-23 12:30,9.104
2025-10-23 12:36,9.068
2025-10-23 12:42,9.02
2025-10-23 12:48,8.961
2025-10-23 12:54,8.891
2025-10-23 13:00,8.811
2025-10-23 13:06,8.72
2025-10-23 13:12,8.621
2025-10-23 13:18,8.512
2025-10-23 13:24,8.394
2025-10-23 13:30,8.268
2025-10-23 13:36,8.133
2025-10-23 13:42,7.992
2025-10-23 13:48,7.844
2025-10-23 13:54,7.689
2025-10-23 14:00,7.528
2025-10-23 14:06,7.361
2025-10-23 14:12,7.189
2025-10-23 14:18,7.013
2025-10-23 14:24,6.833
2025-10-23 14:30,6.649
2025-10-23 14:36,6.461
2025-10-23 14:42,6.271
2025-10-23 14:48,6.079
2025-10-23 14:54,5.885
2025-10-23 15:00,5.689
2025-10-23 15:06,5.492
2025-10-23 15:12,5.295
2025-10-23 15:18,5.097
2025-10-23 15:24,4.9
2025-10-23 15:30,4.703
2025-10-23 15:36,4.507
2025-10-23 15:42,4.312
2025-10-23 15:48,4.118
2025-10-23 15:54,3.925
2025-10-23 16:00,3.735
2025-10-23 16:06,3.546
2025-10-23 16:12,3.36
2025-10-23 16:18,3.176
2025-10-23 16:24,2.994
2025-10-23 16:30,2.816
2025-10-23 16:36,2.64
2025-10-23 16:42,2.468
2025-10-23 16:48,2.3
2025-10-23 16:54,2.136
2025-10-23 17:00,1.976
2025-10-23 17:06,1.821
2025-10-23 17:12,1.672
2025-10-23 17:18,1.528
2025-10-23 17:24,1.39
2025-10-23 17:30,1.259
2025-10-23 17:36,1.135
2025-10-23 17:42,1.02
2025-10-23 17:48,0.912
2025-10-23 17:54,0.814
2025-10-23 18:00,0.726
2025-10-23 18:06,0.648
2025-10-23 18:12,0.581
2025-10-23 18:18,0.524
2025-10-23 18:24,0.48
2025-10-23 18:30,0.447
2025-10-23 18:36,0.426
2025-10-23 18:42,0.418
2025-10-23 18:48,0.422
2025-10-23 18:54,0.439
2025-10-23 19:00,0.468
2025-10-23 19:06,0.509
2025-10-23 19:12,0.561
2025-10-23 19:18,0.626
2025-10-23 19:24,0.701
2025-10-23 19:30,0.786
2025-10-23 19:36,0.882
2025-10-23 19:42,0.987
2025-10-23 19:48,1.1
2025-10-23 19:54,1.221
2025-10-23 20:00,1.35
2025-10-23 20:06,1.485
2025-10-23 20:12,1.626
2025-10-23 20:18,1.772
2025-10-23 20:24,1.924
2025-10-23 20:30,2.079
2025-10-23 20:36,2.238
2025-10-23 20:42,2.4
2025-10-23 20:48,2.566
2025-10-23 20:54,2.734
2025-10-23 21:00,2.904
2025-10-23 21:06,3.076
2025-10-23 21:12,3.251
2025-10-23 21:18,3.427
2025-10-23 21:24,3.605
2025-10-23 21:30,3.784
2025-10-23 21:36,3.965
2025-10-23 21:42,4.147
2025-10-23 21:48,4.33
2025-10-23 21:54,4.515
2025-10-23 22:00,4.7
2025-10-23 22:06,4.886
2025-10-23 22:12,5.072
2025-10-23 22:18,5.258
2025-10-23 22:24,5.443
2025-10-23 22:30,5.627
2025-10-23 22:36,5.81
2025-10-23 22:42,5.99
2025-10-23 22:48,6.168
2025-10-23 22:54,6.342
2025-10-23 23:00,6.512
2025-10-23 23:06,6.677
2025-10-23 23:12,6.836
2025-10-23 23:18,6.989
2025-10-23 23:24,7.135
2025-10-23 23:30,7.273
2025-10-23 23:36,7.402
2025-10-23 23:42,7.523
2025-10-23 23:48,7.634
2025-10-23 23:54,7.735
2025-10-24 00:00,7.825
2025-10-24 00:06,7.905
2025-10-24 00:12,7.973
2025-10-24 00:18,8.03
2025-10-24 00:24,8.076
2025-10-24 00:30,8.11
2025-10-24 00:36,8.132
2025-10-24 00:42,8.143
2025-10-24 00:48,8.143
2025-10-24 00:54,8.132
2025-10-24 01:00,8.109
2025-10-24 01:06,8.076
2025-10-24 01:12,8.033
2025-10-24 01:18,7.98
2025-10-24 01:24,7.917
2025-10-24 01:30,7.845
2025-10-24 01:36,7.765
2025-10-24 01:42,7.676
2025-10-24 01:48,7.579
2025-10-24 01:54,7.474
2025-10-24 02:00,7.362
2025-10-24 02:06,7.244
2025-10-24 02:12,7.119
2025-10-24 02:18,6.989
2025-10-24 02:24,6.854
2025-10-24 02:30,6.713
2025-10-24 02:36,6.569
2025-10-24 02:42,6.42
2025-10-24 02:48,6.268
2025-10-24 02:54,6.113
2025-10-24 03:00,5.956
2025-10-24 03:06,5.797
2025-10-24 03:12,5.636
2025-10-24 03:18,5.474
2025-10-24 03:24,5.311
2025-10-24 03:30,5.148
2025-10-24 03:36,4.984
2025-10-24 03:42,4.822
2025-10-24 03:48,4.66
2025-10-24 03:54,4.499
2025-10-24 04:00,4.339
2025-10-24 04:06,4.181
2025-10-24 04:12,4.025
2025-10-24 04:18,3.871
2025-10-24 04:24,3.719
2025-10-24 04:30,3.57
2025-10-24 04:36,3.423
2025-10-24 04:42,3.279
2025-10-24 04:48,3.138
2025-10-24 04:54,3.001
2025-10-24 05:00,2.867
2025-10-24 05:06,2.736
2025-10-24 05:12,2.609
2025-10-24 05:18,2.487
2025-10-24 05:24,2.368
2025-10-24 05:30,2.255
2025-10-24 05:36,2.147
2025-10-24 05:42,2.044
2025-10-24 05:48,1.948
2025-10-24 05:54,1.858
2025-10-24 06:00,1.774
2025-10-24 06:06,1.699
2025-10-24 06:12,1.631
2025-10-24 06:18,1.572
2025-10-24 06:24,1.523
2025-10-24 06:30,1.482
2025-10-24 06:36,1.452
2025-10-24 06:42,1.432
2025-10-24 06:48,1.423
2025-10-24 06:54,1.425
2025-10-24 07:00,1.439
2025-10-24 07:06,1.464
2025-10-24 07:12,1.5
2025-10-24 07:18,1.549
2025-10-24 07:24,1.608
2025-10-24 07:30,1.678
2025-10-24 07:36,1.76
2025-10-24 07:42,1.852
2025-10-24 07:48,1.954
2025-10-24 07:54,2.065
2025-10-24 08:00,2.185
2025-10-24 08:06,2.314
2025-10-24 08:12,2.45
2025-10-24 08:18,2.592
2025-10-24 08:24,2.741
2025-10-24 08:30,2.896
2025-10-24 08:36,3.055
2025-10-24 08:42,3.218
2025-10-24 08:48,3.385
2025-10-24 08:54,3.555
2025-10-24 09:00,3.727
2025-10-24 09:06,3.902
2025-10-24 09:12,4.078
2025-10-24 09:18,4.255
2025-10-24 09:24,4.433
2025-10-24 09:30,4.611
2025-10-24 09:36,4.791
2025-10-24 09:42,4.97
2025-10-24 09:48,5.15
2025-10-24 09:54,5.33
2025-10-24 10:00,5.51
2025-10-24 10:06,5.69
2025-10-24 10:12,5.869
2025-10-24 10:18,6.048
2025-10-24 10:24,6.227
2025-10-24 10:30,6.404
2025-10-24 10:36,6.581
2025-10-24 10:42,6.755
2025-10-24 10:48,6.928
2025-10-24 10:54,7.099
2025-10-24 11:00,7.267
2025-10-24 11:06,7.431
2025-10-24 11:12,7.591
2025-10-24 11:18,7.747
2025-10-24 11:24,7.897
2025-10-24 11:30,8.042
2025-10-24 11:36,8.179
2025-10-24 11:42,8.309
2025-10-24 11:48,8.432
2025-10-24 11:54,8.545
2025-10-24 12:00,8.65
2025-10-24 12:06,8.744
2025-10-24 12:12,8.828
2025-10-24 12:18,8.901
2025-10-24 12:24,8.963
2025-10-24 12:30,9.014
2025-10-24 12:36,9.052
2025-10-24 12:42,9.079
2025-10-24 12:48,9.094
2025-10-24 12:54,9.096
2025-10-24 13:00,9.087
2025-10-24 13:06,9.065
2025-10-24 13:12,9.032
2025-10-24 13:18,8.987
2025-10-24 13:24,8.931
2025-10-24 13:30,8.864
2025-10-24 13:36,8.787
2025-10-24 13:42,8.698
2025-10-24 13:48,8.601
2025-10-24 13:54,8.493
2025-10-24 14:00,8.377
2025-10-24 14:06,8.252
2025-10-24 14:12,8.119
2025-10-24 14:18,7.978
2025-10-24 14:24,7.83
2025-10-24 14:30,7.675
2025-10-24 14:36,7.515
2025-10-24 14:42,7.348
2025-10-24 14:48,7.176
2025-10-24 14:54,7
2025-10-24 15:00,6.819
2025-10-24 15:06,6.634
2025-10-24 15:12,6.447
2025-10-24 15:18,6.256
2025-10-24 15:24,6.063
2025-10-24 15:30,5.869
2025-10-24 15:36,5.673
2025-10-24 15:42,5.476
2025-10-24 15:48,5.279
2025-10-24 15:54,5.083
2025-10-24 16:00,4.886
2025-10-24 16:06,4.691
2025-10-24 16:12,4.496
2025-10-24 16:18,4.303
2025-10-24 16:24,4.113
2025-10-24 16:30,3.924
2025-10-24 16:36,3.738
2025-10-24 16:42,3.554
2025-10-24 16:48,3.373
2025-10-24 16:54,3.196
2025-10-24 17:00,3.021
2025-10-24 17:06,2.85
2025-10-24 17:12,2.683
2025-10-24 17:18,2.52
2025-10-24 17:24,2.36
2025-10-24 17:30,2.205
2025-10-24 17:36,2.054
2025-10-24 17:42,1.908
2025-10-24 17:48,1.766
2025-10-24 17:54,1.63
2025-10-24 18:00,1.5
2025-10-24 18:06,1.376
2025-10-24 18:12,1.258
2025-10-24 18:18,1.147
2025-10-24 18:24,1.043
2025-10-24 18:30,0.948
2025-10-24 18:36,0.86
2025-10-24 18:42,0.782
2025-10-24 18:48,0.713
2025-10-24 18:54,0.654
2025-10-24 19:00,0.606
2025-10-24 19:06,0.568
2025-10-24 19:12,0.541
2025-10-24 19:18,0.526
2025-10-24 19:24,0.522
2025-10-24 19:30,0.531
2025-10-24 19:36,0.551
2025-10-24 19:42,0.583
2025-10-24 19:48,0.627
2025-10-24 19:54,0.683
2025-10-24 20:00,0.749
2025-10-24 20:06,0.827
2025-10-24 20:12,0.915
2025-10-24 20:18,1.013
2025-10-24 20:24,1.121
2025-10-24 20:30,1.237
2025-10-24 20:36,1.361
2025-10-24 20:42,1.493
2025-10-24 20:48,1.631
2025-10-24 20:54,1.775
2025-10-24 21:00,1.925
2025-10-24 21:06,2.079
2025-10-24 21:12,2.237
2025-10-24 21:18,2.398
2025-10-24 21:24,2.563
2025-10-24 21:30,2.729
2025-10-24 21:36,2.898
2025-10-24 21:42,3.068
2025-10-24 21:48,3.24
2025-10-24 21:54,3.413
2025-10-24 22:00,3.586
2025-10-24 22:06,3.76
2025-10-24 22:12,3.935
2025-10-24 22:18,4.11
2025-10-24 22:24,4.285
2025-10-24 22:30,4.461
2025-10-24 22:36,4.637
2025-10-24 22:42,4.812
2025-10-24 22:48,4.988
2025-10-24 22:54,5.163
2025-10-24 23:00,5.337
2025-10-24 23:06,5.51
2025-10-24 23:12,5.682
2025-10-24 23:18,5.852
2025-10-24 23:24,6.019
2025-10-24 23:30,6.184
2025-10-24 23:36,6.345
2025-10-24 23:42,6.503
2025-10-24 23:48,6.656
2025-10-24 23:54,6.803
2025-10-25 00:00,6.945
2025-10-25 00:06,7.08
2025-10-25 00:12,7.208
2025-10-25 00:18,7.328
2025-10-25 00:24,7.439
2025-10-25 00:30,7.542
2025-10-25 00:36,7.635
2025-10-25 00:42,7.718
2025-10-25 00:48,7.79
2025-10-25 00:54,7.853
2025-10-25 01:00,7.904
2025-10-25 01:06,7.944
2025-10-25 01:12,7.973
2025-10-25 01:18,7.99
2025-10-25 01:24,7.997
2025-10-25 01:30,7.992
2025-10-25 01:36,7.977
2025-10-25 01:42,7.95
2025-10-25 01:48,7.913
2025-10-25 01:54,7.866
2025-10-25 02:00,7.81
2025-10-25 02:06,7.743
2025-10-25 02:12,7.668
2025-10-25 02:18,7.584
2025-10-25 02:24,7.492
2025-10-25 02:30,7.392
2025-10-25 02:36,7.284
2025-10-25 02:42,7.17
2025-10-25 02:48,7.049
2025-10-25 02:54,6.922
2025-10-25 03:00,6.79
2025-10-25 03:06,6.653
2025-10-25 03:12,6.511
2025-10-25 03:18,6.365
2025-10-25 03:24,6.216
2025-10-25 03:30,6.064
2025-10-25 03:36,5.909
2025-10-25 03:42,5.752
2025-10-25 03:48,5.594
2025-10-25 03:54,5.435
2025-10-25 04:00,5.274
2025-10-25 04:06,5.114
2025-10-25 04:12,4.954
2025-10-25 04:18,4.795
2025-10-25 04:24,4.636
2025-10-25 04:30,4.479
2025-10-25 04:36,4.324
2025-10-25 04:42,4.171
2025-10-25 04:48,4.02
2025-10-25 04:54,3.872
2025-10-25 05:00,3.727
2025-10-25 05:06,3.585
2025-10-25 05:12,3.446
2025-10-25 05:18,3.311
2025-10-25 05:24,3.178
2025-10-25 05:30,3.05
2025-10-25 05:36,2.925
2025-10-25 05:42,2.805
2025-10-25 05:48,2.688
2025-10-25 05:54,2.575
2025-10-25 06:00,2.467
2025-10-25 06:06,2.363
2025-10-25 06:12,2.264
2025-10-25 06:18,2.171
2025-10-25 06:24,2.082
2025-10-25 06:30,1.999
2025-10-25 06:36,1.922
2025-10-25 06:42,1.852
2025-10-25 06:48,1.788
2025-10-25 06:54,1.732
2025-10-25 07:00,1.683
2025-10-25 07:06,1.642
2025-10-25 07:12,1.611
2025-10-25 07:18,1.588
2025-10-25 07:24,1.575
2025-10-25 07:30,1.572
2025-10-25 07:36,1.58
2025-10-25 07:42,1.597
2025-10-25 07:48,1.626
2025-10-25 07:54,1.666
2025-10-25 08:00,1.716
2025-10-25 08:06,1.778
2025-10-25 08:12,1.85
2025-10-25 08:18,1.933
2025-10-25 08:24,2.026
2025-10-25 08:30,2.13
2025-10-25 08:36,2.242
2025-10-25 08:42,2.364
2025-10-25 08:48,2.494
2025-10-25 08:54,2.632
2025-10-25 09:00,2.776
2025-10-25 09:06,2.927
2025-10-25 09:12,3.084
2025-10-25 09:18,3.245
2025-10-25 09:24,3.41
2025-10-25 09:30,3.579
2025-10-25 09:36,3.75
2025-10-25 09:42,3.924
2025-10-25 09:48,4.099
2025-10-25 09:54,4.276
2025-10-25 10:00,4.452
2025-10-25 10:06,4.63
2025-10-25 10:12,4.807
2025-10-25 10:18,4.983
2025-10-25 10:24,5.16
2025-10-25 10:30,5.335
2025-10-25 10:36,5.509
2025-10-25 10:42,5.683
2025-10-25 10:48,5.855
2025-10-25 10:54,6.026
2025-10-25 11:00,6.196
2025-10-25 11:06,6.365
2025-10-25 11:12,6.532
2025-10-25 11:18,6.697
2025-10-25 11:24,6.86
2025-10-25 11:30,7.021
2025-10-25 11:36,7.179
2025-10-25 11:42,7.334
2025-10-25 11:48,7.486
2025-10-25 11:54,7.634
2025-10-25 12:00,7.777
2025-10-25 12:06,7.916
2025-10-25 12:12,8.049
2025-10-25 12:18,8.176
2025-10-25 12:24,8.296
2025-10-25 12:30,8.409
2025-10-25 12:36,8.513
2025-10-25 12:42,8.61
2025-10-25 12:48,8.696
2025-10-25 12:54,8.774
2025-10-25 13:00,8.841
2025-10-25 13:06,8.897
2025-10-25 13:12,8.943
2025-10-25 13:18,8.977
2025-10-25 13:24,9
2025-10-25 13:30,9.011
2025-10-25 13:36,9.01
2025-10-25 13:42,8.998
2025-10-25 13:48,8.974
2025-10-25 13:54,8.938
2025-10-25 14:00,8.891
2025-10-25 14:06,8.833
2025-10-25 14:12,8.764
2025-10-25 14:18,8.684
2025-10-25 14:24,8.594
2025-10-25 14:30,8.494
2025-10-25 14:36,8.384
2025-10-25 14:42,8.266
2025-10-25 14:48,8.139
2025-10-25 14:54,8.004
2025-10-25 15:00,7.862
2025-10-25 15:06,7.712
2025-10-25 15:12,7.556
2025-10-25 15:18,7.394
2025-10-25 15:24,7.227
2025-10-25 15:30,7.054
2025-10-25 15:36,6.877
2025-10-25 15:42,6.695
2025-10-25 15:48,6.511
2025-10-25 15:54,6.323
2025-10-25 16:00,6.133
2025-10-25 16:06,5.941
2025-10-25 16:12,5.748
2025-10-25 16:18,5.554
2025-10-25 16:24,5.359
2025-10-25 16:30,5.165
2025-10-25 16:36,4.971
2025-10-25 16:42,4.778
2025-10-25 16:48,4.586
2025-10-25 16:54,4.397
2025-10-25 17:00,4.209
2025-10-25 17:06,4.024
2025-10-25 17:12,3.842
2025-10-25 17:18,3.662
2025-10-25 17:24,3.486
2025-10-25 17:30,3.314
2025-10-25 17:36,3.145
2025-10-25 17:42,2.979
2025-10-25 17:48,2.818
2025-10-25 17:54,2.661
2025-10-25 18:00,2.508
2025-10-25 18:06,2.359
2025-10-25 18:12,2.215
2025-10-25 18:18,2.075
2025-10-25 18:24,1.94
2025-10-25 18:30,1.81
2025-10-25 18:36,1.685
2025-10-25 18:42,1.565
2025-10-25 18:48,1.451
2025-10-25 18:54,1.343
2025-10-25 19:00,1.242
2025-10-25 19:06,1.147
2025-10-25 19:12,1.059
2025-10-25 19:18,0.978
2025-10-25 19:24,0.906
2025-10-25 19:30,0.843
2025-10-25 19:36,0.788
2025-10-25 19:42,0.743
2025-10-25 19:48,0.708
2025-10-25 19:54,0.683
2025-10-25 20:00,0.668
2025-10-25 20:06,0.665
2025-10-25 20:12,0.673
2025-10-25 20:18,0.692
2025-10-25 20:24,0.722
2025-10-25 20:30,0.764
2025-10-25 20:36,0.818
2025-10-25 20:42,0.882
2025-10-25 20:48,0.957
2025-10-25 20:54,1.043
2025-10-25 21:00,1.139
2025-10-25 21:06,1.244
2025-10-25 21:12,1.358
2025-10-25 21:18,1.48
2025-10-25 21:24,1.61
2025-10-25 21:30,1.747
2025-10-25 21:36,1.889
2025-10-25 21:42,2.038
2025-10-25 21:48,2.19
2025-10-25 21:54,2.347
2025-10-25 22:00,2.507
2025-10-25 22:06,2.67
2025-10-25 22:12,2.835
2025-10-25 22:18,3.001
2025-10-25 22:24,3.168
2025-10-25 22:30,3.337
2025-10-25 22:36,3.505
2025-10-25 22:42,3.674
2025-10-25 22:48,3.843
2025-10-25 22:54,4.011
2025-10-25 23:00,4.179
2025-10-25 23:06,4.347
2025-10-25 23:12,4.514
2025-10-25 23:18,4.68
2025-10-25 23:24,4.845
2025-10-25 23:30,5.01
2025-10-25 23:36,5.174
2025-10-25 23:42,5.336
2025-10-25 23:48,5.498
2025-10-25 23:54,5.657
2025-10-26 00:00,5.815
2025-10-26 00:06,5.971
2025-10-26 00:12,6.124
2025-10-26 00:18,6.274
2025-10-26 00:24,6.42
2025-10-26 00:30,6.563
2025-10-26 00:36,6.701
2025-10-26 00:42,6.834
2025-10-26 00:48,6.96
2025-10-26 00:54,7.081
2025-10-26 01:00,7.194
2025-10-26 01:06,7.3
2025-10-26 01:12,7.398
2025-10-26 01:18,7.487
2025-10-26 01:24,7.566
2025-10-26 01:30,7.636
2025-10-26 01:36,7.697
2025-10-26 01:42,7.746
2025-10-26 01:48,7.786
2025-10-26 01:54,7.814
2025-10-26 02:00,7.832
2025-10-26 02:06,7.839
2025-10-26 02:12,7.835
2025-10-26 02:18,7.82
2025-10-26 02:24,7.794
2025-10-26 02:30,7.759
2025-10-26 02:36,7.713
2025-10-26 02:42,7.657
2025-10-26 02:48,7.592
2025-10-26 02:54,7.518
2025-10-26 03:00,7.435
2025-10-26 03:06,7.344
2025-10-26 03:12,7.246
2025-10-26 03:18,7.139
2025-10-26 03:24,7.027
2025-10-26 03:30,6.907
2025-10-26 03:36,6.782
2025-10-26 03:42,6.652
2025-10-26 03:48,6.517
2025-10-26 03:54,6.377
2025-10-26 04:00,6.234
2025-10-26 04:06,6.087
2025-10-26 04:12,5.937
2025-10-26 04:18,5.786
2025-10-26 04:24,5.632
2025-10-26 04:30,5.477
2025-10-26 04:36,5.322
2025-10-26 04:42,5.166
2025-10-26 04:48,5.01
2025-10-26 04:54,4.854
2025-10-26 05:00,4.7
2025-10-26 05:06,4.547
2025-10-26 05:12,4.396
2025-10-26 05:18,4.247
2025-10-26 05:24,4.101
2025-10-26 05:30,3.957
2025-10-26 05:36,3.817
2025-10-26 05:42,3.68
2025-10-26 05:48,3.546
2025-10-26 05:54,3.415
2025-10-26 06:00,3.289
2025-10-26 06:06,3.166
2025-10-26 06:12,3.047
2025-10-26 06:18,2.933
2025-10-26 06:24,2.822
2025-10-26 06:30,2.715
2025-10-26 06:36,2.613
2025-10-26 06:42,2.515
2025-10-26 06:48,2.422
2025-10-26 06:54,2.333
2025-10-26 07:00,2.249
2025-10-26 07:06,2.169
2025-10-26 07:12,2.095
2025-10-26 07:18,2.027
2025-10-26 07:24,1.964
2025-10-26 07:30,1.907
2025-10-26 07:36,1.857
2025-10-26 07:42,1.813
2025-10-26 07:48,1.778
2025-10-26 07:54,1.749
2025-10-26 08:00,1.729
2025-10-26 08:06,1.718
2025-10-26 08:12,1.716
2025-10-26 08:18,1.723
2025-10-26 08:24,1.74
2025-10-26 08:30,1.767
2025-10-26 08:36,1.805
2025-10-26 08:42,1.853
2025-10-26 08:48,1.911
2025-10-26 08:54,1.98
2025-10-26 09:00,2.059
2025-10-26 09:06,2.148
2025-10-26 09:12,2.247
2025-10-26 09:18,2.356
2025-10-26 09:24,2.474
2025-10-26 09:30,2.6
2025-10-26 09:36,2.734
2025-10-26 09:42,2.875
2025-10-26 09:48,3.023
2025-10-26 09:54,3.176
2025-10-26 10:00,3.335
2025-10-26 10:06,3.498
2025-10-26 10:12,3.664
2025-10-26 10:18,3.833
2025-10-26 10:24,4.004
2025-10-26 10:30,4.177
2025-10-26 10:36,4.351
2025-10-26 10:42,4.525
2025-10-26 10:48,4.699
2025-10-26 10:54,4.872
2025-10-26 11:00,5.044
2025-10-26 11:06,5.216
2025-10-26 11:12,5.386
2025-10-26 11:18,5.554
2025-10-26 11:24,5.721
2025-10-26 11:30,5.886
2025-10-26 11:36,6.049
2025-10-26 11:42,6.211
2025-10-26 11:48,6.37
2025-10-26 11:54,6.528
2025-10-26 12:00,6.683
2025-10-26 12:06,6.836
2025-10-26 12:12,6.987
2025-10-26 12:18,7.135
2025-10-26 12:24,7.281
2025-10-26 12:30,7.423
2025-10-26 12:36,7.562
2025-10-26 12:42,7.696
2025-10-26 12:48,7.827
2025-10-26 12:54,7.953
2025-10-26 13:00,8.073
2025-10-26 13:06,8.187
2025-10-26 13:12,8.295
2025-10-26 13:18,8.396
2025-10-26 13:24,8.489
2025-10-26 13:30,8.573
2025-10-26 13:36,8.649
2025-10-26 13:42,8.716
2025-10-26 13:48,8.772
2025-10-26 13:54,8.819
2025-10-26 14:00,8.855
2025-10-26 14:06,8.88
2025-10-26 14:12,8.893
2025-10-26 14:18,8.896
2025-10-26 14:24,8.887
2025-10-26 14:30,8.867
2025-10-26 14:36,8.835
2025-10-26 14:42,8.792
2025-10-26 14:48,8.738
2025-10-26 14:54,8.673
2025-10-26 15:00,8.598
2025-10-26 15:06,8.512
2025-10-26 15:12,8.416
2025-10-26 15:18,8.311
2025-10-26 15:24,8.197
2025-10-26 15:30,8.074
2025-10-26 15:36,7.944
2025-10-26 15:42,7.805
2025-10-26 15:48,7.66
2025-10-26 15:54,7.508
2025-10-26 16:00,7.35
2025-10-26 16:06,7.186
2025-10-26 16:12,7.018
2025-10-26 16:18,6.845
2025-10-26 16:24,6.668
2025-10-26 16:30,6.488
2025-10-26 16:36,6.305
2025-10-26 16:42,6.12
2025-10-26 16:48,5.933
2025-10-26 16:54,5.744
2025-10-26 17:00,5.555
2025-10-26 17:06,5.366
2025-10-26 17:12,5.177
2025-10-26 17:18,4.988
2025-10-26 17:24,4.801
2025-10-26 17:30,4.615
2025-10-26 17:36,4.431
2025-10-26 17:42,4.249
2025-10-26 17:48,4.07
2025-10-26 17:54,3.894
2025-10-26 18:00,3.721
2025-10-26 18:06,3.551
2025-10-26 18:12,3.385
2025-10-26 18:18,3.223
2025-10-26 18:24,3.065
2025-10-26 18:30,2.911
2025-10-26 18:36,2.761
2025-10-26 18:42,2.615
2025-10-26 18:48,2.473
2025-10-26 18:54,2.336
2025-10-26 19:00,2.203
2025-10-26 19:06,2.075
2025-10-26 19:12,1.952
2025-10-26 19:18,1.833
2025-10-26 19:24,1.719
2025-10-26 19:30,1.611
2025-10-26 19:36,1.507
2025-10-26 19:42,1.41
2025-10-26 19:48,1.319
2025-10-26 19:54,1.234
2025-10-26 20:00,1.156
2025-10-26 20:06,1.085
2025-10-26 20:12,1.021
2025-10-26 20:18,0.966
2025-10-26 20:24,0.919
2025-10-26 20:30,0.881
2025-10-26 20:36,0.853
2025-10-26 20:42,0.835
2025-10-26 20:48,0.826
2025-10-26 20:54,0.828
2025-10-26 21:00,0.841
2025-10-26 21:06,0.865
2025-10-26 21:12,0.9
2025-10-26 21:18,0.945
2025-10-26 21:24,1.002
2025-10-26 21:30,1.069
2025-10-26 21:36,1.146
2025-10-26 21:42,1.234
2025-10-26 21:48,1.331
2025-10-26 21:54,1.437
2025-10-26 22:00,1.552
2025-10-26 22:06,1.674
2025-10-26 22:12,1.804
2025-10-26 22:18,1.94
2025-10-26 22:24,2.081
2025-10-26 22:30,2.228
2025-10-26 22:36,2.378
2025-10-26 22:42,2.533
2025-10-26 22:48,2.69
2025-10-26 22:54,2.849
2025-10-26 23:00,3.009
2025-10-26 23:06,3.171
2025-10-26 23:12,3.334
2025-10-26 23:18,3.496
2025-10-26 23:24,3.658
2025-10-26 23:30,3.82
2025-10-26 23:36,3.981
2025-10-26 23:42,4.142
2025-10-26 23:48,4.301
2025-10-26 23:54,4.46
2025-10-27 00:00,4.618
2025-10-27 00:06,4.774
2025-10-27 00:12,4.929
2025-10-27 00:18,5.084
2025-10-27 00:24,5.237
2025-10-27 00:30,5.388
2025-10-27 00:36,5.538
2025-10-27 00:42,5.687
2025-10-27 00:48,5.834
2025-10-27 00:54,5.978
2025-10-27 01:00,6.12
2025-10-27 01:06,6.259
2025-10-27 01:12,6.395
2025-10-27 01:18,6.527
2025-10-27 01:24,6.655
2025-10-27 01:30,6.778
2025-10-27 01:36,6.895
2025-10-27 01:42,7.006
2025-10-27 01:48,7.111
2025-10-27 01:54,7.208
2025-10-27 02:00,7.298
2025-10-27 02:06,7.379
2025-10-27 02:12,7.452
2025-10-27 02:18,7.515
2025-10-27 02:24,7.569
2025-10-27 02:30,7.612
2025-10-27 02:36,7.646
2025-10-27 02:42,7.669
2025-10-27 02:48,7.682
2025-10-27 02:54,7.684
2025-10-27 03:00,7.676
2025-10-27 03:06,7.657
2025-10-27 03:12,7.628
2025-10-27 03:18,7.589
2025-10-27 03:24,7.54
2025-10-27 03:30,7.482
2025-10-27 03:36,7.414
2025-10-27 03:42,7.338
2025-10-27 03:48,7.254
2025-10-27 03:54,7.161
2025-10-27 04:00,7.062
2025-10-27 04:06,6.956
2025-10-27 04:12,6.843
2025-10-27 04:18,6.724
2025-10-27 04:24,6.6
2025-10-27 04:30,6.471
2025-10-27 04:36,6.338
2025-10-27 04:42,6.201
2025-10-27 04:48,6.061
2025-10-27 04:54,5.917
2025-10-27 05:00,5.772
2025-10-27 05:06,5.625
2025-10-27 05:12,5.476
2025-10-27 05:18,5.326
2025-10-27 05:24,5.177
2025-10-27 05:30,5.027
2025-10-27 05:36,4.878
2025-10-27 05:42,4.729
2025-10-27 05:48,4.582
2025-10-27 05:54,4.437
2025-10-27 06:00,4.294
2025-10-27 06:06,4.153
2025-10-27 06:12,4.015
2025-10-27 06:18,3.88
2025-10-27 06:24,3.748
2025-10-27 06:30,3.62
2025-10-27 06:36,3.495
2025-10-27 06:42,3.374
2025-10-27 06:48,3.256
2025-10-27 06:54,3.143
2025-10-27 07:00,3.033
2025-10-27 07:06,2.928
2025-10-27 07:12,2.826
2025-10-27 07:18,2.729
2025-10-27 07:24,2.636
2025-10-27 07:30,2.547
2025-10-27 07:36,2.462
2025-10-27 07:42,2.382
2025-10-27 07:48,2.306
2025-10-27 07:54,2.235
2025-10-27 08:00,2.169
2025-10-27 08:06,2.108
2025-10-27 08:12,2.052
2025-10-27 08:18,2.003
2025-10-27 08:24,1.959
2025-10-27 08:30,1.922
2025-10-27 08:36,1.892
2025-10-27 08:42,1.869
2025-10-27 08:48,1.854
2025-10-27 08:54,1.847
2025-10-27 09:00,1.849
2025-10-27 09:06,1.86
2025-10-27 09:12,1.88
2025-10-27 09:18,1.91
2025-10-27 09:24,1.949
2025-10-27 09:30,1.999
2025-10-27 09:36,2.058
2025-10-27 09:42,2.128
2025-10-27 09:48,2.207
2025-10-27 09:54,2.296
2025-10-27 10:00,2.395
2025-10-27 10:06,2.503
2025-10-27 10:12,2.619
2025-10-27 10:18,2.743
2025-10-27 10:24,2.875
2025-10-27 10:30,3.014
2025-10-27 10:36,3.159
2025-10-27 10:42,3.31
2025-10-27 10:48,3.465
2025-10-27 10:54,3.624
2025-10-27 11:00,3.786
2025-10-27 11:06,3.951
2025-10-27 11:12,4.117
2025-10-27 11:18,4.285
2025-10-27 11:24,4.453
2025-10-27 11:30,4.622
2025-10-27 11:36,4.789
2025-10-27 11:42,4.956
2025-10-27 11:48,5.122
2025-10-27 11:54,5.287
2025-10-27 12:00,5.449
2025-10-27 12:06,5.61
2025-10-27 12:12,5.769
2025-10-27 12:18,5.926
2025-10-27 12:24,6.081
2025-10-27 12:30,6.234
2025-10-27 12:36,6.385
2025-10-27 12:42,6.534
2025-10-27 12:48,6.681
2025-10-27 12:54,6.825
2025-10-27 13:00,6.968
2025-10-27 13:06,7.107
2025-10-27 13:12,7.244
2025-10-27 13:18,7.378
2025-10-27 13:24,7.509
2025-10-27 13:30,7.636
2025-10-27 13:36,7.759
2025-10-27 13:42,7.878
2025-10-27 13:48,7.991
2025-10-27 13:54,8.099
2025-10-27 14:00,8.201
2025-10-27 14:06,8.296
2025-10-27 14:12,8.384
2025-10-27 14:18,8.464
2025-10-27 14:24,8.535
2025-10-27 14:30,8.598
2025-10-27 14:36,8.651
2025-10-27 14:42,8.694
2025-10-27 14:48,8.728
2025-10-27 14:54,8.75
2025-10-27 15:00,8.762
2025-10-27 15:06,8.763
2025-10-27 15:12,8.753
2025-10-27 15:18,8.731
2025-10-27 15:24,8.699
2025-10-27 15:30,8.656
2025-10-27 15:36,8.602
2025-10-27 15:42,8.537
2025-10-27 15:48,8.462
2025-10-27 15:54,8.378
2025-10-27 16:00,8.283
2025-10-27 16:06,8.18
2025-10-27 16:12,8.068
2025-10-27 16:18,7.947
2025-10-27 16:24,7.819
2025-10-27 16:30,7.684
2025-10-27 16:36,7.542
2025-10-27 16:42,7.394
2025-10-27 16:48,7.24
2025-10-27 16:54,7.081
2025-10-27 17:00,6.917
2025-10-27 17:06,6.749
2025-10-27 17:12,6.578
2025-10-27 17:18,6.404
2025-10-27 17:24,6.227
2025-10-27 17:30,6.048
2025-10-27 17:36,5.867
2025-10-27 17:42,5.686
2025-10-27 17:48,5.503
2025-10-27 17:54,5.321
2025-10-27 18:00,5.139
2025-10-27 18:06,4.958
2025-10-27 18:12,4.778
2025-10-27 18:18,4.6
2025-10-27 18:24,4.423
2025-10-27 18:30,4.249
2025-10-27 18:36,4.078
2025-10-27 18:42,3.909
2025-10-27 18:48,3.743
2025-10-27 18:54,3.581
2025-10-27 19:00,3.422
2025-10-27 19:06,3.267
2025-10-27 19:12,3.116
2025-10-27 19:18,2.969
2025-10-27 19:24,2.826
2025-10-27 19:30,2.686
2025-10-27 19:36,2.551
2025-10-27 19:42,2.42
2025-10-27 19:48,2.294
2025-10-27 19:54,2.172
2025-10-27 20:00,2.054
2025-10-27 20:06,1.941
2025-10-27 20:12,1.833
2025-10-27 20:18,1.729
2025-10-27 20:24,1.631
2025-10-27 20:30,1.538
2025-10-27 20:36,1.451
2025-10-27 20:42,1.37
2025-10-27 20:48,1.295
2025-10-27 20:54,1.227
2025-10-27 21:00,1.166
2025-10-27 21:06,1.113
2025-10-27 21:12,1.068
2025-10-27 21:18,1.031
2025-10-27 21:24,1.004
2025-10-27 21:30,0.985
2025-10-27 21:36,0.977
2025-10-27 21:42,0.978
2025-10-27 21:48,0.99
2025-10-27 21:54,1.012
2025-10-27 22:00,1.044
2025-10-27 22:06,1.087
2025-10-27 22:12,1.14
2025-10-27 22:18,1.204
2025-10-27 22:24,1.278
2025-10-27 22:30,1.361
2025-10-27 22:36,1.454
2025-10-27 22:42,1.555
2025-10-27 22:48,1.665
2025-10-27 22:54,1.782
2025-10-27 23:00,1.906
2025-10-27 23:06,2.036
2025-10-27 23:12,2.172
2025-10-27 23:18,2.313
2025-10-27 23:24,2.457
2025-10-27 23:30,2.605
2025-10-27 23:36,2.756
2025-10-27 23:42,2.908
2025-10-27 23:48,3.062
2025-10-27 23:54,3.217
2025-10-28 00:00,3.373
2025-10-28 00:06,3.528
2025-10-28 00:12,3.684
2025-10-28 00:18,3.839
2025-10-28 00:24,3.993
2025-10-28 00:30,4.146
2025-10-28 00:36,4.298
2025-10-28 00:42,4.45
2025-10-28 00:48,4.6
2025-10-28 00:54,4.75
2025-10-28 01:00,4.898
2025-10-28 01:06,5.045
2025-10-28 01:12,5.191
2025-10-28 01:18,5.336
2025-10-28 01:24,5.48
2025-10-28 01:30,5.622
2025-10-28 01:36,5.762
2025-10-28 01:42,5.901
2025-10-28 01:48,6.037
2025-10-28 01:54,6.171
2025-10-28 02:00,6.302
2025-10-28 02:06,6.43
2025-10-28 02:12,6.553
2025-10-28 02:18,6.672
2025-10-28 02:24,6.786
2025-10-28 02:30,6.894
2025-10-28 02:36,6.996
2025-10-28 02:42,7.092
2025-10-28 02:48,7.18
2025-10-28 02:54,7.26
2025-10-28 03:00,7.331
2025-10-28 03:06,7.394
2025-10-28 03:12,7.448
2025-10-28 03:18,7.492
2025-10-28 03:24,7.526
2025-10-28 03:30,7.55
2025-10-28 03:36,7.564
2025-10-28 03:42,7.568
2025-10-28 03:48,7.561
2025-10-28 03:54,7.545
2025-10-28 04:00,7.519
2025-10-28 04:06,7.482
2025-10-28 04:12,7.437
2025-10-28 04:18,7.382
2025-10-28 04:24,7.318
2025-10-28 04:30,7.246
2025-10-28 04:36,7.166
2025-10-28 04:42,7.078
2025-10-28 04:48,6.984
2025-10-28 04:54,6.882
2025-10-28 05:00,6.775
2025-10-28 05:06,6.661
2025-10-28 05:12,6.543
2025-10-28 05:18,6.42
2025-10-28 05:24,6.293
2025-10-28 05:30,6.162
2025-10-28 05:36,6.028
2025-10-28 05:42,5.891
2025-10-28 05:48,5.752
2025-10-28 05:54,5.611
2025-10-28 06:00,5.469
2025-10-28 06:06,5.325
2025-10-28 06:12,5.182
2025-10-28 06:18,5.038
2025-10-28 06:24,4.895
2025-10-28 06:30,4.753
2025-10-28 06:36,4.612
2025-10-28 06:42,4.472
2025-10-28 06:48,4.334
2025-10-28 06:54,4.199
2025-10-28 07:00,4.066
2025-10-28 07:06,3.936
2025-10-28 07:12,3.808
2025-10-28 07:18,3.684
2025-10-28 07:24,3.563
2025-10-28 07:30,3.446
2025-10-28 07:36,3.332
2025-10-28 07:42,3.222
2025-10-28 07:48,3.116
2025-10-28 07:54,3.014
2025-10-28 08:00,2.915
2025-10-28 08:06,2.821
2025-10-28 08:12,2.73
2025-10-28 08:18,2.643
2025-10-28 08:24,2.56
2025-10-28 08:30,2.482
2025-10-28 08:36,2.408
2025-10-28 08:42,2.338
2025-10-28 08:48,2.273
2025-10-28 08:54,2.213
2025-10-28 09:00,2.157
2025-10-28 09:06,2.108
2025-10-28 09:12,2.064
2025-10-28 09:18,2.026
2025-10-28 09:24,1.995
2025-10-28 09:30,1.97
2025-10-28 09:36,1.953
2025-10-28 09:42,1.944
2025-10-28 09:48,1.943
2025-10-28 09:54,1.95
2025-10-28 10:00,1.966
2025-10-28 10:06,1.991
2025-10-28 10:12,2.026
2025-10-28 10:18,2.07
2025-10-28 10:24,2.124
2025-10-28 10:30,2.187
2025-10-28 10:36,2.261
2025-10-28 10:42,2.343
2025-10-28 10:48,2.435
2025-10-28 10:54,2.535
2025-10-28 11:00,2.644
2025-10-28 11:06,2.761
2025-10-28 11:12,2.886
2025-10-28 11:18,3.017
2025-10-28 11:24,3.154
2025-10-28 11:30,3.297
2025-10-28 11:36,3.445
2025-10-28 11:42,3.596
2025-10-28 11:48,3.751
2025-10-28 11:54,3.909
2025-10-28 12:00,4.068
2025-10-28 12:06,4.229
2025-10-28 12:12,4.39
2025-10-28 12:18,4.552
2025-10-28 12:24,4.714
2025-10-28 12:30,4.874
2025-10-28 12:36,5.034
2025-10-28 12:42,5.193
2025-10-28 12:48,5.35
2025-10-28 12:54,5.505
2025-10-28 13:00,5.659
2025-10-28 13:06,5.811
2025-10-28 13:12,5.962
2025-10-28 13:18,6.11
2025-10-28 13:24,6.257
2025-10-28 13:30,6.401
2025-10-28 13:36,6.544
2025-10-28 13:42,6.685
2025-10-28 13:48,6.824
2025-10-28 13:54,6.96
2025-10-28 14:00,7.095
2025-10-28 14:06,7.226
2025-10-28 14:12,7.355
2025-10-28 14:18,7.48
2025-10-28 14:24,7.602
2025-10-28 14:30,7.72
2025-10-28 14:36,7.833
2025-10-28 14:42,7.941
2025-10-28 14:48,8.043
2025-10-28 14:54,8.139
2025-10-28 15:00,8.228
2025-10-28 15:06,8.31
2025-10-28 15:12,8.384
2025-10-28 15:18,8.449
2025-10-28 15:24,8.505
2025-10-28 15:30,8.552
2025-10-28 15:36,8.589
2025-10-28 15:42,8.616
2025-10-28 15:48,8.633
2025-10-28 15:54,8.639
2025-10-28 16:00,8.634
2025-10-28 16:06,8.619
2025-10-28 16:12,8.593
2025-10-28 16:18,8.556
2025-10-28 16:24,8.509
2025-10-28 16:30,8.452
2025-10-28 16:36,8.384
2025-10-28 16:42,8.307
2025-10-28 16:48,8.22
2025-10-28 16:54,8.125
2025-10-28 17:00,8.021
2025-10-28 17:06,7.909
2025-10-28 17:12,7.789
2025-10-28 17:18,7.662
2025-10-28 17:24,7.528
2025-10-28 17:30,7.389
2025-10-28 17:36,7.243
2025-10-28 17:42,7.093
2025-10-28 17:48,6.937
2025-10-28 17:54,6.778
2025-10-28 18:00,6.615
2025-10-28 18:06,6.448
2025-10-28 18:12,6.279
2025-10-28 18:18,6.108
2025-10-28 18:24,5.935
2025-10-28 18:30,5.761
2025-10-28 18:36,5.585
2025-10-28 18:42,5.41
2025-10-28 18:48,5.234
2025-10-28 18:54,5.059
2025-10-28 19:00,4.884
2025-10-28 19:06,4.711
2025-10-28 19:12,4.539
2025-10-28 19:18,4.37
2025-10-28 19:24,4.202
2025-10-28 19:30,4.037
2025-10-28 19:36,3.875
2025-10-28 19:42,3.716
2025-10-28 19:48,3.56
2025-10-28 19:54,3.407
2025-10-28 20:00,3.258
2025-10-28 20:06,3.113
2025-10-28 20:12,2.971
2025-10-28 20:18,2.833
2025-10-28 20:24,2.7
2025-10-28 20:30,2.57
2025-10-28 20:36,2.444
2025-10-28 20:42,2.322
2025-10-28 20:48,2.204
2025-10-28 20:54,2.091
2025-10-28 21:00,1.982
2025-10-28 21:06,1.878
2025-10-28 21:12,1.779
2025-10-28 21:18,1.685
2025-10-28 21:24,1.596
2025-10-28 21:30,1.513
2025-10-28 21:36,1.435
2025-10-28 21:42,1.365
2025-10-28 21:48,1.3
2025-10-28 21:54,1.244
2025-10-28 22:00,1.194
2025-10-28 22:06,1.153
2025-10-28 22:12,1.12
2025-10-28 22:18,1.096
2025-10-28 22:24,1.081
2025-10-28 22:30,1.076
2025-10-28 22:36,1.081
2025-10-28 22:42,1.095
2025-10-28 22:48,1.12
2025-10-28 22:54,1.155
2025-10-28 23:00,1.2
2025-10-28 23:06,1.255
2025-10-28 23:12,1.32
2025-10-28 23:18,1.395
2025-10-28 23:24,1.479
2025-10-28 23:30,1.572
2025-10-28 23:36,1.673
2025-10-28 23:42,1.781
2025-10-28 23:48,1.897
2025-10-28 23:54,2.019
2025-10-29 00:00,2.147
2025-10-29 00:06,2.28
2025-10-29 00:12,2.418
2025-10-29 00:18,2.559
2025-10-29 00:24,2.703
2025-10-29 00:30,2.849
2025-10-29 00:36,2.998
2025-10-29 00:42,3.147
2025-10-29 00:48,3.298
2025-10-29 00:54,3.449
2025-10-29 01:00,3.6
2025-10-29 01:06,3.751
2025-10-29 01:12,3.901
2025-10-29 01:18,4.051
2025-10-29 01:24,4.201
2025-10-29 01:30,4.349
2025-10-29 01:36,4.497
2025-10-29 01:42,4.644
2025-10-29 01:48,4.791
2025-10-29 01:54,4.936
2025-10-29 02:00,5.081
2025-10-29 02:06,5.225
2025-10-29 02:12,5.368
2025-10-29 02:18,5.509
2025-10-29 02:24,5.65
2025-10-29 02:30,5.788
2025-10-29 02:36,5.925
2025-10-29 02:42,6.06
2025-10-29 02:48,6.192
2025-10-29 02:54,6.321
2025-10-29 03:00,6.447
2025-10-29 03:06,6.568
2025-10-29 03:12,6.685
2025-10-29 03:18,6.796
2025-10-29 03:24,6.902
2025-10-29 03:30,7.002
2025-10-29 03:36,7.094
2025-10-29 03:42,7.179
2025-10-29 03:48,7.256
2025-10-29 03:54,7.325
2025-10-29 04:00,7.385
2025-10-29 04:06,7.435
2025-10-29 04:12,7.477
2025-10-29 04:18,7.508
2025-10-29 04:24,7.53
2025-10-29 04:30,7.541
2025-10-29 04:36,7.543
2025-10-29 04:42,7.535
2025-10-29 04:48,7.517
2025-10-29 04:54,7.489
2025-10-29 05:00,7.452
2025-10-29 05:06,7.406
2025-10-29 05:12,7.351
2025-10-29 05:18,7.288
2025-10-29 05:24,7.216
2025-10-29 05:30,7.137
2025-10-29 05:36,7.051
2025-10-29 05:42,6.958
2025-10-29 05:48,6.858
2025-10-29 05:54,6.753
2025-10-29 06:00,6.642
2025-10-29 06:06,6.527
2025-10-29 06:12,6.406
2025-10-29 06:18,6.282
2025-10-29 06:24,6.154
2025-10-29 06:30,6.023
2025-10-29 06:36,5.889
2025-10-29 06:42,5.753
2025-10-29 06:48,5.616
2025-10-29 06:54,5.476
2025-10-29 07:00,5.336
2025-10-29 07:06,5.196
2025-10-29 07:12,5.055
2025-10-29 07:18,4.915
2025-10-29 07:24,4.775
2025-10-29 07:30,4.636
2025-10-29 07:36,4.499
2025-10-29 07:42,4.363
2025-10-29 07:48,4.23
2025-10-29 07:54,4.098
2025-10-29 08:00,3.97
2025-10-29 08:06,3.844
2025-10-29 08:12,3.721
2025-10-29 08:18,3.601
2025-10-29 08:24,3.484
2025-10-29 08:30,3.371
2025-10-29 08:36,3.262
2025-10-29 08:42,3.155
2025-10-29 08:48,3.053
2025-10-29 08:54,2.954
2025-10-29 09:00,2.858
2025-10-29 09:06,2.767
2025-10-29 09:12,2.679
2025-10-29 09:18,2.595
2025-10-29 09:24,2.516
2025-10-29 09:30,2.44
2025-10-29 09:36,2.368
2025-10-29 09:42,2.302
2025-10-29 09:48,2.24
2025-10-29 09:54,2.183
2025-10-29 10:00,2.131
2025-10-29 10:06,2.085
2025-10-29 10:12,2.045
2025-10-29 10:18,2.012
2025-10-29 10:24,1.985
2025-10-29 10:30,1.966
2025-10-29 10:36,1.955
2025-10-29 10:42,1.952
2025-10-29 10:48,1.957
2025-10-29 10:54,1.971
2025-10-29 11:00,1.994
2025-10-29 11:06,2.027
2025-10-29 11:12,2.069
2025-10-29 11:18,2.12
2025-10-29 11:24,2.181
2025-10-29 11:30,2.252
2025-10-29 11:36,2.332
2025-10-29 11:42,2.42
2025-10-29 11:48,2.518
2025-10-29 11:54,2.624
2025-10-29 12:00,2.737
2025-10-29 12:06,2.858
2025-10-29 12:12,2.985
2025-10-29 12:18,3.119
2025-10-29 12:24,3.257
2025-10-29 12:30,3.401
2025-10-29 12:36,3.548
2025-10-29 12:42,3.698
2025-10-29 12:48,3.851
2025-10-29 12:54,4.006
2025-10-29 13:00,4.162
2025-10-29 13:06,4.319
2025-10-29 13:12,4.477
2025-10-29 13:18,4.634
2025-10-29 13:24,4.791
2025-10-29 13:30,4.947
2025-10-29 13:36,5.103
2025-10-29 13:42,5.257
2025-10-29 13:48,5.41
2025-10-29 13:54,5.561
2025-10-29 14:00,5.711
2025-10-29 14:06,5.86
2025-10-29 14:12,6.007
2025-10-29 14:18,6.153
2025-10-29 14:24,6.298
2025-10-29 14:30,6.44
2025-10-29 14:36,6.581
2025-10-29 14:42,6.721
2025-10-29 14:48,6.858
2025-10-29 14:54,6.993
2025-10-29 15:00,7.126
2025-10-29 15:06,7.255
2025-10-29 15:12,7.382
2025-10-29 15:18,7.505
2025-10-29 15:24,7.624
2025-10-29 15:30,7.738
2025-10-29 15:36,7.847
2025-10-29 15:42,7.95
2025-10-29 15:48,8.047
2025-10-29 15:54,8.137
2025-10-29 16:00,8.22
2025-10-29 16:06,8.295
2025-10-29 16:12,8.361
2025-10-29 16:18,8.418
2025-10-29 16:24,8.466
2025-10-29 16:30,8.504
2025-10-29 16:36,8.532
2025-10-29 16:42,8.55
2025-10-29 16:48,8.558
2025-10-29 16:54,8.555
2025-10-29 17:00,8.541
2025-10-29 17:06,8.517
2025-10-29 17:12,8.483
2025-10-29 17:18,8.438
2025-10-29 17:24,8.383
2025-10-29 17:30,8.319
2025-10-29 17:36,8.245
2025-10-29 17:42,8.162
2025-10-29 17:48,8.07
2025-10-29 17:54,7.97
2025-10-29 18:00,7.862
2025-10-29 18:06,7.746
2025-10-29 18:12,7.624
2025-10-29 18:18,7.494
2025-10-29 18:24,7.359
2025-10-29 18:30,7.218
2025-10-29 18:36,7.072
2025-10-29 18:42,6.921
2025-10-29 18:48,6.766
2025-10-29 18:54,6.607
2025-10-29 19:00,6.445
2025-10-29 19:06,6.28
2025-10-29 19:12,6.112
2025-10-29 19:18,5.943
2025-10-29 19:24,5.772
2025-10-29 19:30,5.6
2025-10-29 19:36,5.427
2025-10-29 19:42,5.254
2025-10-29 19:48,5.082
2025-10-29 19:54,4.91
2025-10-29 20:00,4.739
2025-10-29 20:06,4.57
2025-10-29 20:12,4.402
2025-10-29 20:18,4.237
2025-10-29 20:24,4.073
2025-10-29 20:30,3.913
2025-10-29 20:36,3.755
2025-10-29 20:42,3.6
2025-10-29 20:48,3.448
2025-10-29 20:54,3.3
2025-10-29 21:00,3.155
2025-10-29 21:06,3.013
2025-10-29 21:12,2.875
2025-10-29 21:18,2.741
2025-10-29 21:24,2.611
2025-10-29 21:30,2.484
2025-10-29 21:36,2.362
2025-10-29 21:42,2.243
2025-10-29 21:48,2.128
2025-10-29 21:54,2.018
2025-10-29 22:00,1.913
2025-10-29 22:06,1.812
2025-10-29 22:12,1.715
2025-10-29 22:18,1.625
2025-10-29 22:24,1.54
2025-10-29 22:30,1.46
2025-10-29 22:36,1.388
2025-10-29 22:42,1.322
2025-10-29 22:48,1.263
2025-10-29 22:54,1.212
2025-10-29 23:00,1.169
2025-10-29 23:06,1.135
2025-10-29 23:12,1.109
2025-10-29 23:18,1.093
2025-10-29 23:24,1.087
2025-10-29 23:30,1.09
2025-10-29 23:36,1.104
2025-10-29 23:42,1.128
2025-10-29 23:48,1.162
2025-10-29 23:54,1.206
2025-10-30 00:00,1.261
2025-10-30 00:06,1.325
2025-10-30 00:12,1.399
2025-10-30 00:18,1.483
2025-10-30 00:24,1.575
2025-10-30 00:30,1.675
2025-10-30 00:36,1.783
2025-10-30 00:42,1.899
2025-10-30 00:48,2.02
2025-10-30 00:54,2.148
2025-10-30 01:00,2.28
2025-10-30 01:06,2.417
2025-10-30 01:12,2.558
2025-10-30 01:18,2.702
2025-10-30 01:24,2.848
2025-10-30 01:30,2.996
2025-10-30 01:36,3.146
2025-10-30 01:42,3.297
2025-10-30 01:48,3.449
2025-10-30 01:54,3.601
2025-10-30 02:00,3.753
2025-10-30 02:06,3.905
2025-10-30 02:12,4.057
2025-10-30 02:18,4.208
2025-10-30 02:24,4.36
2025-10-30 02:30,4.511
2025-10-30 02:36,4.661
2025-10-30 02:42,4.811
2025-10-30 02:48,4.96
2025-10-30 02:54,5.109
2025-10-30 03:00,5.257
2025-10-30 03:06,5.404
2025-10-30 03:12,5.55
2025-10-30 03:18,5.696
2025-10-30 03:24,5.839
2025-10-30 03:30,5.981
2025-10-30 03:36,6.12
2025-10-30 03:42,6.257
2025-10-30 03:48,6.391
2025-10-30 03:54,6.521
2025-10-30 04:00,6.647
2025-10-30 04:06,6.768
2025-10-30 04:12,6.884
2025-10-30 04:18,6.994
2025-10-30 04:24,7.097
2025-10-30 04:30,7.193
2025-10-30 04:36,7.282
2025-10-30 04:42,7.362
2025-10-30 04:48,7.434
2025-10-30 04:54,7.497
2025-10-30 05:00,7.551
2025-10-30 05:06,7.595
2025-10-30 05:12,7.63
2025-10-30 05:18,7.654
2025-10-30 05:24,7.668
2025-10-30 05:30,7.673
2025-10-30 05:36,7.667
2025-10-30 05:42,7.652
2025-10-30 05:48,7.626
2025-10-30 05:54,7.592
2025-10-30 06:00,7.548
2025-10-30 06:06,7.495
2025-10-30 06:12,7.434
2025-10-30 06:18,7.364
2025-10-30 06:24,7.286
2025-10-30 06:30,7.202
2025-10-30 06:36,7.11
2025-10-30 06:42,7.011
2025-10-30 06:48,6.906
2025-10-30 06:54,6.796
2025-10-30 07:00,6.68
2025-10-30 07:06,6.56
2025-10-30 07:12,6.435
2025-10-30 07:18,6.306
2025-10-30 07:24,6.174
2025-10-30 07:30,6.038
2025-10-30 07:36,5.9
2025-10-30 07:42,5.76
2025-10-30 07:48,5.618
2025-10-30 07:54,5.475
2025-10-30 08:00,5.331
2025-10-30 08:06,5.187
2025-10-30 08:12,5.043
2025-10-30 08:18,4.899
2025-10-30 08:24,4.755
2025-10-30 08:30,4.613
2025-10-30 08:36,4.473
2025-10-30 08:42,4.334
2025-10-30 08:48,4.197
2025-10-30 08:54,4.062
2025-10-30 09:00,3.93
2025-10-30 09:06,3.801
2025-10-30 09:12,3.674
2025-10-30 09:18,3.551
2025-10-30 09:24,3.431
2025-10-30 09:30,3.313
2025-10-30 09:36,3.199
2025-10-30 09:42,3.088
2025-10-30 09:48,2.981
2025-10-30 09:54,2.877
2025-10-30 10:00,2.777
2025-10-30 10:06,2.68
2025-10-30 10:12,2.587
2025-10-30 10:18,2.497
2025-10-30 10:24,2.412
2025-10-30 10:30,2.331
2025-10-30 10:36,2.254
2025-10-30 10:42,2.183
2025-10-30 10:48,2.116
2025-10-30 10:54,2.055
2025-10-30 11:00,1.999
2025-10-30 11:06,1.95
2025-10-30 11:12,1.907
2025-10-30 11:18,1.872
2025-10-30 11:24,1.844
2025-10-30 11:30,1.825
2025-10-30 11:36,1.814
2025-10-30 11:42,1.811
2025-10-30 11:48,1.818
2025-10-30 11:54,1.834
2025-10-30 12:00,1.861
2025-10-30 12:06,1.897
2025-10-30 12:12,1.942
2025-10-30 12:18,1.998
2025-10-30 12:24,2.064
2025-10-30 12:30,2.139
2025-10-30 12:36,2.224
2025-10-30 12:42,2.318
2025-10-30 12:48,2.42
2025-10-30 12:54,2.53
2025-10-30 13:00,2.648
2025-10-30 13:06,2.773
2025-10-30 13:12,2.904
2025-10-30 13:18,3.041
2025-10-30 13:24,3.182
2025-10-30 13:30,3.328
2025-10-30 13:36,3.477
2025-10-30 13:42,3.629
2025-10-30 13:48,3.783
2025-10-30 13:54,3.939
2025-10-30 14:00,4.096
2025-10-30 14:06,4.254
2025-10-30 14:12,4.412
2025-10-30 14:18,4.571
2025-10-30 14:24,4.729
2025-10-30 14:30,4.886
2025-10-30 14:36,5.043
2025-10-30 14:42,5.199
2025-10-30 14:48,5.354
2025-10-30 14:54,5.509
2025-10-30 15:00,5.662
2025-10-30 15:06,5.814
2025-10-30 15:12,5.966
2025-10-30 15:18,6.116
2025-10-30 15:24,6.265
2025-10-30 15:30,6.413
2025-10-30 15:36,6.559
2025-10-30 15:42,6.703
2025-10-30 15:48,6.846
2025-10-30 15:54,6.986
2025-10-30 16:00,7.124
2025-10-30 16:06,7.259
2025-10-30 16:12,7.39
2025-10-30 16:18,7.517
2025-10-30 16:24,7.639
2025-10-30 16:30,7.756
2025-10-30 16:36,7.867
2025-10-30 16:42,7.972
2025-10-30 16:48,8.07
2025-10-30 16:54,8.161
2025-10-30 17:00,8.243
2025-10-30 17:06,8.317
2025-10-30 17:12,8.382
2025-10-30 17:18,8.437
2025-10-30 17:24,8.482
2025-10-30 17:30,8.517
2025-10-30 17:36,8.542
2025-10-30 17:42,8.556
2025-10-30 17:48,8.56
2025-10-30 17:54,8.552
2025-10-30 18:00,8.534
2025-10-30 18:06,8.506
2025-10-30 18:12,8.467
2025-10-30 18:18,8.418
2025-10-30 18:24,8.359
2025-10-30 18:30,8.29
2025-10-30 18:36,8.211
2025-10-30 18:42,8.124
2025-10-30 18:48,8.028
2025-10-30 18:54,7.924
2025-10-30 19:00,7.812
2025-10-30 19:06,7.693
2025-10-30 19:12,7.566
2025-10-30 19:18,7.434
2025-10-30 19:24,7.295
2025-10-30 19:30,7.151
2025-10-30 19:36,7.001
2025-10-30 19:42,6.847
2025-10-30 19:48,6.689
2025-10-30 19:54,6.528
2025-10-30 20:00,6.363
2025-10-30 20:06,6.195
2025-10-30 20:12,6.025
2025-10-30 20:18,5.853
2025-10-30 20:24,5.68
2025-10-30 20:30,5.506
2025-10-30 20:36,5.332
2025-10-30 20:42,5.158
2025-10-30 20:48,4.984
2025-10-30 20:54,4.811
2025-10-30 21:00,4.639
2025-10-30 21:06,4.468
2025-10-30 21:12,4.3
2025-10-30 21:18,4.133
2025-10-30 21:24,3.969
2025-10-30 21:30,3.807
2025-10-30 21:36,3.648
2025-10-30 21:42,3.492
2025-10-30 21:48,3.339
2025-10-30 21:54,3.189
2025-10-30 22:00,3.043
2025-10-30 22:06,2.899
2025-10-30 22:12,2.759
2025-10-30 22:18,2.623
2025-10-30 22:24,2.49
2025-10-30 22:30,2.361
2025-10-30 22:36,2.236
2025-10-30 22:42,2.115
2025-10-30 22:48,1.998
2025-10-30 22:54,1.885
2025-10-30 23:00,1.777
2025-10-30 23:06,1.675
2025-10-30 23:12,1.577
2025-10-30 23:18,1.486
2025-10-30 23:24,1.4
2025-10-30 23:30,1.322
2025-10-30 23:36,1.25
2025-10-30 23:42,1.187
2025-10-30 23:48,1.131
2025-10-30 23:54,1.084
2025-10-31 00:00,1.046
2025-10-31 00:06,1.018
2025-10-31 00:12,0.999
2025-10-31 00:18,0.991
2025-10-31 00:24,0.993
2025-10-31 00:30,1.006
2025-10-31 00:36,1.03
2025-10-31 00:42,1.064
2025-10-31 00:48,1.11
2025-10-31 00:54,1.166
2025-10-31 01:00,1.232
2025-10-31 01:06,1.309
2025-10-31 01:12,1.395
2025-10-31 01:18,1.49
2025-10-31 01:24,1.594
2025-10-31 01:30,1.706
2025-10-31 01:36,1.825
2025-10-31 01:42,1.951
2025-10-31 01:48,2.083
2025-10-31 01:54,2.221
2025-10-31 02:00,2.363
2025-10-31 02:06,2.509
2025-10-31 02:12,2.658
2025-10-31 02:18,2.81
2025-10-31 02:24,2.965
2025-10-31 02:30,3.121
2025-10-31 02:36,3.279
2025-10-31 02:42,3.437
2025-10-31 02:48,3.597
2025-10-31 02:54,3.757
2025-10-31 03:00,3.917
2025-10-31 03:06,4.077
2025-10-31 03:12,4.237
2025-10-31 03:18,4.398
2025-10-31 03:24,4.558
2025-10-31 03:30,4.718
2025-10-31 03:36,4.878
2025-10-31 03:42,5.038
2025-10-31 03:48,5.198
2025-10-31 03:54,5.357
2025-10-31 04:00,5.515
2025-10-31 04:06,5.672
2025-10-31 04:12,5.829
2025-10-31 04:18,5.984
2025-10-31 04:24,6.137
2025-10-31 04:30,6.288
2025-10-31 04:36,6.436
2025-10-31 04:42,6.581
2025-10-31 04:48,6.722
2025-10-31 04:54,6.858
2025-10-31 05:00,6.99
2025-10-31 05:06,7.115
2025-10-31 05:12,7.235
2025-10-31 05:18,7.347
2025-10-31 05:24,7.452
2025-10-31 05:30,7.549
2025-10-31 05:36,7.637
2025-10-31 05:42,7.716
2025-10-31 05:48,7.786
2025-10-31 05:54,7.846
2025-10-31 06:00,7.895
2025-10-31 06:06,7.934
2025-10-31 06:12,7.963
2025-10-31 06:18,7.981
2025-10-31 06:24,7.989
2025-10-31 06:30,7.986
2025-10-31 06:36,7.972
2025-10-31 06:42,7.949
2025-10-31 06:48,7.915
2025-10-31 06:54,7.871
2025-10-31 07:00,7.818
2025-10-31 07:06,7.755
2025-10-31 07:12,7.684
2025-10-31 07:18,7.604
2025-10-31 07:24,7.516
2025-10-31 07:30,7.421
2025-10-31 07:36,7.318
2025-10-31 07:42,7.209
2025-10-31 07:48,7.093
2025-10-31 07:54,6.971
2025-10-31 08:00,6.844
2025-10-31 08:06,6.713
2025-10-31 08:12,6.576
2025-10-31 08:18,6.436
2025-10-31 08:24,6.292
2025-10-31 08:30,6.145
2025-10-31 08:36,5.995
2025-10-31 08:42,5.844
2025-10-31 08:48,5.69
2025-10-31 08:54,5.536
2025-10-31 09:00,5.38
2025-10-31 09:06,5.224
2025-10-31 09:12,5.069
2025-10-31 09:18,4.913
2025-10-31 09:24,4.759
2025-10-31 09:30,4.605
2025-10-31 09:36,4.453
2025-10-31 09:42,4.303
2025-10-31 09:48,4.154
2025-10-31 09:54,4.008
2025-10-31 10:00,3.864
2025-10-31 10:06,3.722
2025-10-31 10:12,3.584
2025-10-31 10:18,3.448
2025-10-31 10:24,3.314
2025-10-31 10:30,3.184
2025-10-31 10:36,3.057
2025-10-31 10:42,2.933
2025-10-31 10:48,2.812
2025-10-31 10:54,2.695
2025-10-31 11:00,2.581
2025-10-31 11:06,2.471
2025-10-31 11:12,2.364
2025-10-31 11:18,2.262
2025-10-31 11:24,2.164
2025-10-31 11:30,2.071
2025-10-31 11:36,1.983
2025-10-31 11:42,1.901
2025-10-31 11:48,1.824
2025-10-31 11:54,1.754
2025-10-31 12:00,1.691
2025-10-31 12:06,1.635
2025-10-31 12:12,1.587
2025-10-31 12:18,1.548
2025-10-31 12:24,1.517
2025-10-31 12:30,1.496
2025-10-31 12:36,1.484
2025-10-31 12:42,1.483
2025-10-31 12:48,1.492
2025-10-31 12:54,1.512
2025-10-31 13:00,1.542
2025-10-31 13:06,1.583
2025-10-31 13:12,1.635
2025-10-31 13:18,1.698
2025-10-31 13:24,1.771
2025-10-31 13:30,1.854
2025-10-31 13:36,1.947
2025-10-31 13:42,2.048
2025-10-31 13:48,2.159
2025-10-31 13:54,2.278
2025-10-31 14:00,2.404
2025-10-31 14:06,2.536
2025-10-31 14:12,2.675
2025-10-31 14:18,2.819
2025-10-31 14:24,2.968
2025-10-31 14:30,3.121
2025-10-31 14:36,3.277
2025-10-31 14:42,3.436
2025-10-31 14:48,3.597
2025-10-31 14:54,3.759
2025-10-31 15:00,3.923
2025-10-31 15:06,4.088
2025-10-31 15:12,4.253
2025-10-31 15:18,4.419
2025-10-31 15:24,4.584
2025-10-31 15:30,4.75
2025-10-31 15:36,4.915
2025-10-31 15:42,5.08
2025-10-31 15:48,5.245
2025-10-31 15:54,5.41
2025-10-31 16:00,5.574
2025-10-31 16:06,5.737
2025-10-31 16:12,5.9
2025-10-31 16:18,6.062
2025-10-31 16:24,6.224
2025-10-31 16:30,6.384
2025-10-31 16:36,6.543
2025-10-31 16:42,6.7
2025-10-31 16:48,6.855
2025-10-31 16:54,7.007
2025-10-31 17:00,7.156
2025-10-31 17:06,7.302
2025-10-31 17:12,7.443
2025-10-31 17:18,7.58
2025-10-31 17:24,7.711
2025-10-31 17:30,7.837
2025-10-31 17:36,7.955
2025-10-31 17:42,8.066
2025-10-31 17:48,8.169
2025-10-31 17:54,8.264
2025-10-31 18:00,8.349
2025-10-31 18:06,8.425
2025-10-31 18:12,8.491
2025-10-31 18:18,8.546
2025-10-31 18:24,8.59
2025-10-31 18:30,8.624
2025-10-31 18:36,8.646
2025-10-31 18:42,8.657
2025-10-31 18:48,8.657
2025-10-31 18:54,8.645
2025-10-31 19:00,8.622
2025-10-31 19:06,8.589
2025-10-31 19:12,8.544
2025-10-31 19:18,8.489
2025-10-31 19:24,8.423
2025-10-31 19:30,8.347
2025-10-31 19:36,8.262
2025-10-31 19:42,8.168
2025-10-31 19:48,8.065
2025-10-31 19:54,7.953
2025-10-31 20:00,7.834
2025-10-31 20:06,7.707
2025-10-31 20:12,7.574
2025-10-31 20:18,7.433
2025-10-31 20:24,7.287
2025-10-31 20:30,7.136
2025-10-31 20:36,6.979
2025-10-31 20:42,6.817
2025-10-31 20:48,6.652
2025-10-31 20:54,6.483
2025-10-31 21:00,6.311
2025-10-31 21:06,6.136
2025-10-31 21:12,5.96
2025-10-31 21:18,5.781
2025-10-31 21:24,5.602
2025-10-31 21:30,5.421
2025-10-31 21:36,5.241
2025-10-31 21:42,5.06
2025-10-31 21:48,4.88
2025-10-31 21:54,4.701
2025-10-31 22:00,4.522
2025-10-31 22:06,4.346
2025-10-31 22:12,4.171
2025-10-31 22:18,3.998
2025-10-31 22:24,3.828
2025-10-31 22:30,3.659
2025-10-31 22:36,3.494
2025-10-31 22:42,3.331
2025-10-31 22:48,3.171
2025-10-31 22:54,3.014
2025-10-31 23:00,2.86
2025-10-31 23:06,2.71
2025-10-31 23:12,2.563
2025-10-31 23:18,2.42
2025-10-31 23:24,2.28
2025-10-31 23:30,2.144
2025-10-31 23:36,2.013
2025-10-31 23:42,1.886
2025-10-31 23:48,1.764
2025-10-31 23:54,1.647
2025-11-01 00:00,1.535
2025-11-01 00:06,1.43
2025-11-01 00:12,1.331
2025-11-01 00:18,1.239
2025-11-01 00:24,1.154
2025-11-01 00:30,1.078
2025-11-01 00:36,1.01
2025-11-01 00:42,0.951
2025-11-01 00:48,0.901
2025-11-01 00:54,0.862
2025-11-01 01:00,0.833
2025-11-01 01:06,0.815
2025-11-01 01:12,0.808
2025-11-01 01:18,0.813
2025-11-01 01:24,0.829
2025-11-01 01:30,0.857
2025-11-01 01:36,0.897
2025-11-01 01:42,0.948
2025-11-01 01:48,1.011
2025-11-01 01:54,1.084
2025-11-01 02:00,1.168
2025-11-01 02:06,1.263
2025-11-01 02:12,1.367
2025-11-01 02:18,1.48
2025-11-01 02:24,1.601
2025-11-01 02:30,1.731
2025-11-01 02:36,1.867
2025-11-01 02:42,2.01
2025-11-01 02:48,2.158
2025-11-01 02:54,2.311
2025-11-01 03:00,2.468
2025-11-01 03:06,2.629
2025-11-01 03:12,2.794
2025-11-01 03:18,2.96
2025-11-01 03:24,3.129
2025-11-01 03:30,3.3
2025-11-01 03:36,3.472
2025-11-01 03:42,3.645
2025-11-01 03:48,3.819
2025-11-01 03:54,3.993
2025-11-01 04:00,4.169
2025-11-01 04:06,4.344
2025-11-01 04:12,4.52
2025-11-01 04:18,4.697
2025-11-01 04:24,4.873
2025-11-01 04:30,5.05
2025-11-01 04:36,5.227
2025-11-01 04:42,5.403
2025-11-01 04:48,5.579
2025-11-01 04:54,5.755
2025-11-01 05:00,5.93
2025-11-01 05:06,6.104
2025-11-01 05:12,6.276
2025-11-01 05:18,6.445
2025-11-01 05:24,6.613
2025-11-01 05:30,6.777
2025-11-01 05:36,6.937
2025-11-01 05:42,7.093
2025-11-01 05:48,7.243
2025-11-01 05:54,7.388
2025-11-01 06:00,7.526
2025-11-01 06:06,7.657
2025-11-01 06:12,7.78
2025-11-01 06:18,7.895
2025-11-01 06:24,8.001
2025-11-01 06:30,8.097
2025-11-01 06:36,8.183
2025-11-01 06:42,8.258
2025-11-01 06:48,8.323
2025-11-01 06:54,8.376
2025-11-01 07:00,8.418
2025-11-01 07:06,8.448
2025-11-01 07:12,8.467
2025-11-01 07:18,8.474
2025-11-01 07:24,8.47
2025-11-01 07:30,8.454
2025-11-01 07:36,8.427
2025-11-01 07:42,8.389
2025-11-01 07:48,8.34
2025-11-01 07:54,8.281
2025-11-01 08:00,8.212
2025-11-01 08:06,8.133
2025-11-01 08:12,8.045
2025-11-01 08:18,7.948
2025-11-01 08:24,7.843
2025-11-01 08:30,7.729
2025-11-01 08:36,7.609
2025-11-01 08:42,7.481
2025-11-01 08:48,7.347
2025-11-01 08:54,7.207
2025-11-01 09:00,7.061
2025-11-01 09:06,6.91
2025-11-01 09:12,6.754
2025-11-01 09:18,6.595
2025-11-01 09:24,6.432
2025-11-01 09:30,6.265
2025-11-01 09:36,6.096
2025-11-01 09:42,5.925
2025-11-01 09:48,5.752
2025-11-01 09:54,5.578
2025-11-01 10:00,5.403
2025-11-01 10:06,5.228
2025-11-01 10:12,5.052
2025-11-01 10:18,4.877
2025-11-01 10:24,4.703
2025-11-01 10:30,4.53
2025-11-01 10:36,4.358
2025-11-01 10:42,4.187
2025-11-01 10:48,4.018
2025-11-01 10:54,3.852
2025-11-01 11:00,3.688
2025-11-01 11:06,3.526
2025-11-01 11:12,3.367
2025-11-01 11:18,3.21
2025-11-01 11:24,3.057
2025-11-01 11:30,2.906
2025-11-01 11:36,2.759
2025-11-01 11:42,2.615
2025-11-01 11:48,2.475
2025-11-01 11:54,2.338
2025-11-01 12:00,2.206
2025-11-01 12:06,2.078
2025-11-01 12:12,1.955
2025-11-01 12:18,1.837
2025-11-01 12:24,1.725
2025-11-01 12:30,1.618
2025-11-01 12:36,1.518
2025-11-01 12:42,1.425
2025-11-01 12:48,1.339
2025-11-01 12:54,1.262
2025-11-01 13:00,1.193
2025-11-01 13:06,1.133
2025-11-01 13:12,1.083
2025-11-01 13:18,1.042
2025-11-01 13:24,1.013
2025-11-01 13:30,0.994
2025-11-01 13:36,0.987
2025-11-01 13:42,0.992
2025-11-01 13:48,1.008
2025-11-01 13:54,1.036
2025-11-01 14:00,1.076
2025-11-01 14:06,1.127
2025-11-01 14:12,1.191
2025-11-01 14:18,1.265
2025-11-01 14:24,1.35
2025-11-01 14:30,1.446
2025-11-01 14:36,1.552
2025-11-01 14:42,1.667
2025-11-01 14:48,1.791
2025-11-01 14:54,1.923
2025-11-01 15:00,2.062
2025-11-01 15:06,2.208
2025-11-01 15:12,2.359
2025-11-01 15:18,2.516
2025-11-01 15:24,2.677
2025-11-01 15:30,2.843
2025-11-01 15:36,3.011
2025-11-01 15:42,3.182
2025-11-01 15:48,3.356
2025-11-01 15:54,3.532
2025-11-01 16:00,3.709
2025-11-01 16:06,3.887
2025-11-01 16:12,4.066
2025-11-01 16:18,4.246
2025-11-01 16:24,4.427
2025-11-01 16:30,4.608
2025-11-01 16:36,4.79
2025-11-01 16:42,4.972
2025-11-01 16:48,5.154
2025-11-01 16:54,5.336
2025-11-01 17:00,5.518
2025-11-01 17:06,5.7
2025-11-01 17:12,5.882
2025-11-01 17:18,6.063
2025-11-01 17:24,6.243
2025-11-01 17:30,6.422
2025-11-01 17:36,6.599
2025-11-01 17:42,6.773
2025-11-01 17:48,6.945
2025-11-01 17:54,7.113
2025-11-01 18:00,7.278
2025-11-01 18:06,7.437
2025-11-01 18:12,7.592
2025-11-01 18:18,7.74
2025-11-01 18:24,7.881
2025-11-01 18:30,8.015
2025-11-01 18:36,8.14
2025-11-01 18:42,8.257
2025-11-01 18:48,8.365
2025-11-01 18:54,8.462
2025-11-01 19:00,8.548
2025-11-01 19:06,8.624
2025-11-01 19:12,8.688
2025-11-01 19:18,8.741
2025-11-01 19:24,8.782
2025-11-01 19:30,8.81
2025-11-01 19:36,8.827
2025-11-01 19:42,8.831
2025-11-01 19:48,8.823
2025-11-01 19:54,8.803
2025-11-01 20:00,8.772
2025-11-01 20:06,8.729
2025-11-01 20:12,8.674
2025-11-01 20:18,8.609
2025-11-01 20:24,8.533
2025-11-01 20:30,8.446
2025-11-01 20:36,8.35
2025-11-01 20:42,8.245
2025-11-01 20:48,8.13
2025-11-01 20:54,8.007
2025-11-01 21:00,7.877
2025-11-01 21:06,7.738
2025-11-01 21:12,7.593
2025-11-01 21:18,7.441
2025-11-01 21:24,7.283
2025-11-01 21:30,7.12
2025-11-01 21:36,6.951
2025-11-01 21:42,6.778
2025-11-01 21:48,6.601
2025-11-01 21:54,6.42
2025-11-01 22:00,6.237
2025-11-01 22:06,6.051
2025-11-01 22:12,5.862
2025-11-01 22:18,5.672
2025-11-01 22:24,5.481
2025-11-01 22:30,5.29
2025-11-01 22:36,5.098
2025-11-01 22:42,4.906
2025-11-01 22:48,4.715
2025-11-01 22:54,4.524
2025-11-01 23:00,4.335
2025-11-01 23:06,4.148
2025-11-01 23:12,3.962
2025-11-01 23:18,3.778
2025-11-01 23:24,3.597
2025-11-01 23:30,3.418
2025-11-01 23:36,3.242
2025-11-01 23:42,3.069
2025-11-01 23:48,2.899
2025-11-01 23:54,2.732
2025-11-02 00:00,2.569
2025-11-02 00:06,2.41
2025-11-02 00:12,2.255
2025-11-02 00:18,2.104
2025-11-02 00:24,1.957
2025-11-02 00:30,1.815
2025-11-02 00:36,1.679
2025-11-02 00:42,1.548
2025-11-02 00:48,1.423
2025-11-02 00:54,1.305
2025-11-02 01:00,1.193
2025-11-02 01:06,1.09
2025-11-02 01:12,0.994
2025-11-02 01:18,0.907
2025-11-02 01:24,0.829
2025-11-02 01:30,0.76
2025-11-02 01:36,0.702
2025-11-02 01:42,0.655
2025-11-02 01:48,0.619
2025-11-02 01:54,0.595
2025-11-02 02:00,0.582
2025-11-02 02:06,0.582
2025-11-02 02:12,0.594
2025-11-02 02:18,0.619
2025-11-02 02:24,0.657
2025-11-02 02:30,0.706
2025-11-02 02:36,0.769
2025-11-02 02:42,0.843
2025-11-02 02:48,0.929
2025-11-02 02:54,1.026
2025-11-02 03:00,1.134
2025-11-02 03:06,1.252
2025-11-02 03:12,1.38
2025-11-02 03:18,1.516
2025-11-02 03:24,1.66
2025-11-02 03:30,1.812
2025-11-02 03:36,1.971
2025-11-02 03:42,2.135
2025-11-02 03:48,2.305
2025-11-02 03:54,2.48
2025-11-02 04:00,2.658
2025-11-02 04:06,2.84
2025-11-02 04:12,3.025
2025-11-02 04:18,3.212
2025-11-02 04:24,3.401
2025-11-02 04:30,3.593
2025-11-02 04:36,3.785
2025-11-02 04:42,3.979
2025-11-02 04:48,4.174
2025-11-02 04:54,4.37
2025-11-02 05:00,4.567
2025-11-02 05:06,4.764
2025-11-02 05:12,4.962
2025-11-02 05:18,5.16
2025-11-02 05:24,5.358
2025-11-02 05:30,5.556
2025-11-02 05:36,5.754
2025-11-02 05:42,5.952
2025-11-02 05:48,6.148
2025-11-02 05:54,6.344
2025-11-02 06:00,6.537
2025-11-02 06:06,6.728
2025-11-02 06:12,6.917
2025-11-02 06:18,7.102
2025-11-02 06:24,7.283
2025-11-02 06:30,7.458
2025-11-02 06:36,7.629
2025-11-02 06:42,7.793
2025-11-02 06:48,7.95
2025-11-02 06:54,8.099
2025-11-02 07:00,8.24
2025-11-02 07:06,8.372
2025-11-02 07:12,8.493
2025-11-02 07:18,8.605
2025-11-02 07:24,8.705
2025-11-02 07:30,8.794
2025-11-02 07:36,8.871
2025-11-02 07:42,8.936
2025-11-02 07:48,8.988
2025-11-02 07:54,9.028
2025-11-02 08:00,9.055
2025-11-02 08:06,9.069
2025-11-02 08:12,9.071
2025-11-02 08:18,9.06
2025-11-02 08:24,9.036
2025-11-02 08:30,9.001
2025-11-02 08:36,8.953
2025-11-02 08:42,8.893
2025-11-02 08:48,8.823
2025-11-02 08:54,8.741
2025-11-02 09:00,8.649
2025-11-02 09:06,8.546
2025-11-02 09:12,8.434
2025-11-02 09:18,8.313
2025-11-02 09:24,8.183
2025-11-02 09:30,8.045
2025-11-02 09:36,7.899
2025-11-02 09:42,7.746
2025-11-02 09:48,7.586
2025-11-02 09:54,7.42
2025-11-02 10:00,7.248
2025-11-02 10:06,7.071
2025-11-02 10:12,6.889
2025-11-02 10:18,6.703
2025-11-02 10:24,6.513
2025-11-02 10:30,6.32
2025-11-02 10:36,6.124
2025-11-02 10:42,5.926
2025-11-02 10:48,5.726
2025-11-02 10:54,5.525
2025-11-02 11:00,5.323
2025-11-02 11:06,5.121
2025-11-02 11:12,4.918
2025-11-02 11:18,4.717
2025-11-02 11:24,4.516
2025-11-02 11:30,4.316
2025-11-02 11:36,4.118
2025-11-02 11:42,3.922
2025-11-02 11:48,3.727
2025-11-02 11:54,3.536
2025-11-02 12:00,3.346
2025-11-02 12:06,3.16
2025-11-02 12:12,2.977
2025-11-02 12:18,2.797
2025-11-02 12:24,2.62
2025-11-02 12:30,2.447
2025-11-02 12:36,2.279
2025-11-02 12:42,2.115
2025-11-02 12:48,1.955
2025-11-02 12:54,1.8
2025-11-02 13:00,1.651
2025-11-02 13:06,1.507
2025-11-02 13:12,1.37
2025-11-02 13:18,1.239
2025-11-02 13:24,1.116
2025-11-02 13:30,1
2025-11-02 13:36,0.893
2025-11-02 13:42,0.794
2025-11-02 13:48,0.705
2025-11-02 13:54,0.625
2025-11-02 14:00,0.557
2025-11-02 14:06,0.499
2025-11-02 14:12,0.453
2025-11-02 14:18,0.419
2025-11-02 14:24,0.397
2025-11-02 14:30,0.388
2025-11-02 14:36,0.391
2025-11-02 14:42,0.408
2025-11-02 14:48,0.437
2025-11-02 14:54,0.48
2025-11-02 15:00,0.535
2025-11-02 15:06,0.603
2025-11-02 15:12,0.683
2025-11-02 15:18,0.775
2025-11-02 15:24,0.878
2025-11-02 15:30,0.992
2025-11-02 15:36,1.116
2025-11-02 15:42,1.249
2025-11-02 15:48,1.391
2025-11-02 15:54,1.542
2025-11-02 16:00,1.699
2025-11-02 16:06,1.863
2025-11-02 16:12,2.033
2025-11-02 16:18,2.208
2025-11-02 16:24,2.388
2025-11-02 16:30,2.571
2025-11-02 16:36,2.759
2025-11-02 16:42,2.949
2025-11-02 16:48,3.142
2025-11-02 16:54,3.337
2025-11-02 17:00,3.533
2025-11-02 17:06,3.732
2025-11-02 17:12,3.932
2025-11-02 17:18,4.133
2025-11-02 17:24,4.335
2025-11-02 17:30,4.538
2025-11-02 17:36,4.742
2025-11-02 17:42,4.946
2025-11-02 17:48,5.151
2025-11-02 17:54,5.356
2025-11-02 18:00,5.56
2025-11-02 18:06,5.764
2025-11-02 18:12,5.968
2025-11-02 18:18,6.17
2025-11-02 18:24,6.37
2025-11-02 18:30,6.568
2025-11-02 18:36,6.764
2025-11-02 18:42,6.956
2025-11-02 18:48,7.143
2025-11-02 18:54,7.326
2025-11-02 19:00,7.503
2025-11-02 19:06,7.674
2025-11-02 19:12,7.838
2025-11-02 19:18,7.994
2025-11-02 19:24,8.142
2025-11-02 19:30,8.28
2025-11-02 19:36,8.408
2025-11-02 19:42,8.526
2025-11-02 19:48,8.632
2025-11-02 19:54,8.727
2025-11-02 20:00,8.81
2025-11-02 20:06,8.88
2025-11-02 20:12,8.938
2025-11-02 20:18,8.982
2025-11-02 20:24,9.014
2025-11-02 20:30,9.033
2025-11-02 20:36,9.039
2025-11-02 20:42,9.031
2025-11-02 20:48,9.012
2025-11-02 20:54,8.979
2025-11-02 21:00,8.934
2025-11-02 21:06,8.877
2025-11-02 21:12,8.809
2025-11-02 21:18,8.729
2025-11-02 21:24,8.638
2025-11-02 21:30,8.537
2025-11-02 21:36,8.425
2025-11-02 21:42,8.305
2025-11-02 21:48,8.175
2025-11-02 21:54,8.036
2025-11-02 22:00,7.889
2025-11-02 22:06,7.735
2025-11-02 22:12,7.574
2025-11-02 22:18,7.406
2025-11-02 22:24,7.232
2025-11-02 22:30,7.052
2025-11-02 22:36,6.867
2025-11-02 22:42,6.678
2025-11-02 22:48,6.485
2025-11-02 22:54,6.288
2025-11-02 23:00,6.088
2025-11-02 23:06,5.886
2025-11-02 23:12,5.682
2025-11-02 23:18,5.477
2025-11-02 23:24,5.271
2025-11-02 23:30,5.064
2025-11-02 23:36,4.858
2025-11-02 23:42,4.652
2025-11-02 23:48,4.447
2025-11-02 23:54,4.243
2025-11-03 00:00,4.04
2025-11-03 00:06,3.84
2025-11-03 00:12,3.642
2025-11-03 00:18,3.447
2025-11-03 00:24,3.254
2025-11-03 00:30,3.065
2025-11-03 00:36,2.879
2025-11-03 00:42,2.697
2025-11-03 00:48,2.519
2025-11-03 00:54,2.345
2025-11-03 01:00,2.175
2025-11-03 01:06,2.01
2025-11-03 01:12,1.85
2025-11-03 01:18,1.696
2025-11-03 01:24,1.547
2025-11-03 01:30,1.404
2025-11-03 01:36,1.269
2025-11-03 01:42,1.14
2025-11-03 01:48,1.019
2025-11-03 01:54,0.906
2025-11-03 02:00,0.801
2025-11-03 02:06,0.706
2025-11-03 02:12,0.621
2025-11-03 02:18,0.546
2025-11-03 02:24,0.482
2025-11-03 02:30,0.429
2025-11-03 02:36,0.389
2025-11-03 02:42,0.361
2025-11-03 02:48,0.345
2025-11-03 02:54,0.343
2025-11-03 03:00,0.354
2025-11-03 03:06,0.378
2025-11-03 03:12,0.416
2025-11-03 03:18,0.467
2025-11-03 03:24,0.532
2025-11-03 03:30,0.609
2025-11-03 03:36,0.7
2025-11-03 03:42,0.803
2025-11-03 03:48,0.917
2025-11-03 03:54,1.043
2025-11-03 04:00,1.18
2025-11-03 04:06,1.326
2025-11-03 04:12,1.482
2025-11-03 04:18,1.646
2025-11-03 04:24,1.818
2025-11-03 04:30,1.997
2025-11-03 04:36,2.183
2025-11-03 04:42,2.374
2025-11-03 04:48,2.57
2025-11-03 04:54,2.77
2025-11-03 05:00,2.974
2025-11-03 05:06,3.182
2025-11-03 05:12,3.392
2025-11-03 05:18,3.604
2025-11-03 05:24,3.818
2025-11-03 05:30,4.034
2025-11-03 05:36,4.252
2025-11-03 05:42,4.47
2025-11-03 05:48,4.69
2025-11-03 05:54,4.91
2025-11-03 06:00,5.131
2025-11-03 06:06,5.352
2025-11-03 06:12,5.573
2025-11-03 06:18,5.794
2025-11-03 06:24,6.014
2025-11-03 06:30,6.234
2025-11-03 06:36,6.452
2025-11-03 06:42,6.669
2025-11-03 06:48,6.883
2025-11-03 06:54,7.095
2025-11-03 07:00,7.304
2025-11-03 07:06,7.508
2025-11-03 07:12,7.708
2025-11-03 07:18,7.903
2025-11-03 07:24,8.091
2025-11-03 07:30,8.272
2025-11-03 07:36,8.446
2025-11-03 07:42,8.612
2025-11-03 07:48,8.768
2025-11-03 07:54,8.914
2025-11-03 08:00,9.049
2025-11-03 08:06,9.173
2025-11-03 08:12,9.286
2025-11-03 08:18,9.386
2025-11-03 08:24,9.473
2025-11-03 08:30,9.547
2025-11-03 08:36,9.607
2025-11-03 08:42,9.654
2025-11-03 08:48,9.687
2025-11-03 08:54,9.706
2025-11-03 09:00,9.711
2025-11-03 09:06,9.703
2025-11-03 09:12,9.68
2025-11-03 09:18,9.644
2025-11-03 09:24,9.595
2025-11-03 09:30,9.533
2025-11-03 09:36,9.458
2025-11-03 09:42,9.371
2025-11-03 09:48,9.272
2025-11-03 09:54,9.161
2025-11-03 10:00,9.04
2025-11-03 10:06,8.908
2025-11-03 10:12,8.766
2025-11-03 10:18,8.614
2025-11-03 10:24,8.453
2025-11-03 10:30,8.284
2025-11-03 10:36,8.107
2025-11-03 10:42,7.922
2025-11-03 10:48,7.73
2025-11-03 10:54,7.532
2025-11-03 11:00,7.328
2025-11-03 11:06,7.118
2025-11-03 11:12,6.904
2025-11-03 11:18,6.686
2025-11-03 11:24,6.464
2025-11-03 11:30,6.239
2025-11-03 11:36,6.012
2025-11-03 11:42,5.783
2025-11-03 11:48,5.552
2025-11-03 11:54,5.321
2025-11-03 12:00,5.089
2025-11-03 12:06,4.857
2025-11-03 12:12,4.626
2025-11-03 12:18,4.396
2025-11-03 12:24,4.167
2025-11-03 12:30,3.941
2025-11-03 12:36,3.716
2025-11-03 12:42,3.494
2025-11-03 12:48,3.275
2025-11-03 12:54,3.059
2025-11-03 13:00,2.846
2025-11-03 13:06,2.638
2025-11-03 13:12,2.433
2025-11-03 13:18,2.233
2025-11-03 13:24,2.037
2025-11-03 13:30,1.846
2025-11-03 13:36,1.66
2025-11-03 13:42,1.481
2025-11-03 13:48,1.307
2025-11-03 13:54,1.139
2025-11-03 14:00,0.979
2025-11-03 14:06,0.826
2025-11-03 14:12,0.681
2025-11-03 14:18,0.544
2025-11-03 14:24,0.416
2025-11-03 14:30,0.298
2025-11-03 14:36,0.191
2025-11-03 14:42,0.094
2025-11-03 14:48,0.008
2025-11-03 14:54,-0.066
2025-11-03 15:00,-0.127
2025-11-03 15:06,-0.175
2025-11-03 15:12,-0.21
2025-11-03 15:18,-0.231
2025-11-03 15:24,-0.239
2025-11-03 15:30,-0.232
2025-11-03 15:36,-0.211
2025-11-03 15:42,-0.176
2025-11-03 15:48,-0.127
2025-11-03 15:54,-0.064
2025-11-03 16:00,0.012
2025-11-03 16:06,0.102
2025-11-03 16:12,0.205
2025-11-03 16:18,0.319
2025-11-03 16:24,0.446
2025-11-03 16:30,0.583
2025-11-03 16:36,0.73
2025-11-03 16:42,0.887
2025-11-03 16:48,1.052
2025-11-03 16:54,1.226
2025-11-03 17:00,1.406
2025-11-03 17:06,1.594
2025-11-03 17:12,1.786
2025-11-03 17:18,1.985
2025-11-03 17:24,2.187
2025-11-03 17:30,2.394
2025-11-03 17:36,2.604
2025-11-03 17:42,2.817
2025-11-03 17:48,3.033
2025-11-03 17:54,3.251
2025-11-03 18:00,3.471
2025-11-03 18:06,3.692
2025-11-03 18:12,3.916
2025-11-03 18:18,4.14
2025-11-03 18:24,4.365
2025-11-03 18:30,4.591
2025-11-03 18:36,4.818
2025-11-03 18:42,5.045
2025-11-03 18:48,5.271
2025-11-03 18:54,5.497
2025-11-03 19:00,5.723
2025-11-03 19:06,5.947
2025-11-03 19:12,6.169
2025-11-03 19:18,6.389
2025-11-03 19:24,6.606
2025-11-03 19:30,6.819
2025-11-03 19:36,7.028
2025-11-03 19:42,7.232
2025-11-03 19:48,7.43
2025-11-03 19:54,7.622
2025-11-03 20:00,7.806
2025-11-03 20:06,7.982
2025-11-03 20:12,8.149
2025-11-03 20:18,8.306
2025-11-03 20:24,8.453
2025-11-03 20:30,8.589
2025-11-03 20:36,8.713
2025-11-03 20:42,8.825
2025-11-03 20:48,8.925
2025-11-03 20:54,9.011
2025-11-03 21:00,9.084
2025-11-03 21:06,9.143
2025-11-03 21:12,9.189
2025-11-03 21:18,9.221
2025-11-03 21:24,9.238
2025-11-03 21:30,9.242
2025-11-03 21:36,9.232
2025-11-03 21:42,9.209
2025-11-03 21:48,9.172
2025-11-03 21:54,9.122
2025-11-03 22:00,9.06
2025-11-03 22:06,8.984
2025-11-03 22:12,8.897
2025-11-03 22:18,8.799
2025-11-03 22:24,8.689
2025-11-03 22:30,8.568
2025-11-03 22:36,8.437
2025-11-03 22:42,8.297
2025-11-03 22:48,8.147
2025-11-03 22:54,7.989
2025-11-03 23:00,7.822
2025-11-03 23:06,7.648
2025-11-03 23:12,7.466
2025-11-03 23:18,7.279
2025-11-03 23:24,7.085
2025-11-03 23:30,6.886
2025-11-03 23:36,6.682
2025-11-03 23:42,6.474
2025-11-03 23:48,6.262
2025-11-03 23:54,6.048
2025-11-04 00:00,5.83
2025-11-04 00:06,5.612
2025-11-04 00:12,5.391
2025-11-04 00:18,5.17
2025-11-04 00:24,4.949
2025-11-04 00:30,4.728
2025-11-04 00:36,4.508
2025-11-04 00:42,4.29
2025-11-04 00:48,4.072
2025-11-04 00:54,3.857
2025-11-04 01:00,3.645
2025-11-04 01:06,3.435
2025-11-04 01:12,3.229
2025-11-04 01:18,3.025
2025-11-04 01:24,2.826
2025-11-04 01:30,2.631
2025-11-04 01:36,2.44
2025-11-04 01:42,2.253
2025-11-04 01:48,2.072
2025-11-04 01:54,1.896
2025-11-04 02:00,1.725
2025-11-04 02:06,1.561
2025-11-04 02:12,1.402
2025-11-04 02:18,1.251
2025-11-04 02:24,1.106
2025-11-04 02:30,0.969
2025-11-04 02:36,0.84
2025-11-04 02:42,0.72
2025-11-04 02:48,0.609
2025-11-04 02:54,0.508
2025-11-04 03:00,0.418
2025-11-04 03:06,0.338
2025-11-04 03:12,0.27
2025-11-04 03:18,0.214
2025-11-04 03:24,0.171
2025-11-04 03:30,0.14
2025-11-04 03:36,0.124
2025-11-04 03:42,0.121
2025-11-04 03:48,0.132
2025-11-04 03:54,0.157
2025-11-04 04:00,0.197
2025-11-04 04:06,0.252
2025-11-04 04:12,0.32
2025-11-04 04:18,0.403
2025-11-04 04:24,0.499
2025-11-04 04:30,0.609
2025-11-04 04:36,0.732
2025-11-04 04:42,0.868
2025-11-04 04:48,1.015
2025-11-04 04:54,1.173
2025-11-04 05:00,1.341
2025-11-04 05:06,1.519
2025-11-04 05:12,1.706
2025-11-04 05:18,1.901
2025-11-04 05:24,2.103
2025-11-04 05:30,2.312
2025-11-04 05:36,2.526
2025-11-04 05:42,2.745
2025-11-04 05:48,2.969
2025-11-04 05:54,3.196
2025-11-04 06:00,3.427
2025-11-04 06:06,3.66
2025-11-04 06:12,3.896
2025-11-04 06:18,4.133
2025-11-04 06:24,4.372
2025-11-04 06:30,4.612
2025-11-04 06:36,4.853
2025-11-04 06:42,5.094
2025-11-04 06:48,5.336
2025-11-04 06:54,5.578
2025-11-04 07:00,5.819
2025-11-04 07:06,6.06
2025-11-04 07:12,6.3
2025-11-04 07:18,6.539
2025-11-04 07:24,6.777
2025-11-04 07:30,7.012
2025-11-04 07:36,7.245
2025-11-04 07:42,7.474
2025-11-04 07:48,7.7
2025-11-04 07:54,7.921
2025-11-04 08:00,8.137
2025-11-04 08:06,8.347
2025-11-04 08:12,8.551
2025-11-04 08:18,8.747
2025-11-04 08:24,8.934
2025-11-04 08:30,9.113
2025-11-04 08:36,9.282
2025-11-04 08:42,9.44
2025-11-04 08:48,9.587
2025-11-04 08:54,9.722
2025-11-04 09:00,9.845
2025-11-04 09:06,9.954
2025-11-04 09:12,10.049
2025-11-04 09:18,10.131
2025-11-04 09:24,10.198
2025-11-04 09:30,10.25
2025-11-04 09:36,10.288
2025-11-04 09:42,10.31
2025-11-04 09:48,10.317
2025-11-04 09:54,10.309
2025-11-04 10:00,10.287
2025-11-04 10:06,10.249
2025-11-04 10:12,10.197
2025-11-04 10:18,10.131
2025-11-04 10:24,10.051
2025-11-04 10:30,9.957
2025-11-04 10:36,9.85
2025-11-04 10:42,9.73
2025-11-04 10:48,9.598
2025-11-04 10:54,9.454
2025-11-04 11:00,9.299
2025-11-04 11:06,9.133
2025-11-04 11:12,8.957
2025-11-04 11:18,8.771
2025-11-04 11:24,8.576
2025-11-04 11:30,8.372
2025-11-04 11:36,8.161
2025-11-04 11:42,7.942
2025-11-04 11:48,7.716
2025-11-04 11:54,7.484
2025-11-04 12:00,7.247
2025-11-04 12:06,7.005
2025-11-04 12:12,6.758
2025-11-04 12:18,6.508
2025-11-04 12:24,6.255
2025-11-04 12:30,6
2025-11-04 12:36,5.743
2025-11-04 12:42,5.485
2025-11-04 12:48,5.227
2025-11-04 12:54,4.968
2025-11-04 13:00,4.71
2025-11-04 13:06,4.453
2025-11-04 13:12,4.197
2025-11-04 13:18,3.944
2025-11-04 13:24,3.692
2025-11-04 13:30,3.444
2025-11-04 13:36,3.199
2025-11-04 13:42,2.957
2025-11-04 13:48,2.719
2025-11-04 13:54,2.485
2025-11-04 14:00,2.256
2025-11-04 14:06,2.032
2025-11-04 14:12,1.812
2025-11-04 14:18,1.598
2025-11-04 14:24,1.39
2025-11-04 14:30,1.189
2025-11-04 14:36,0.993
2025-11-04 14:42,0.805
2025-11-04 14:48,0.624
2025-11-04 14:54,0.452
2025-11-04 15:00,0.288
2025-11-04 15:06,0.133
2025-11-04 15:12,-0.013
2025-11-04 15:18,-0.148
2025-11-04 15:24,-0.272
2025-11-04 15:30,-0.384
2025-11-04 15:36,-0.484
2025-11-04 15:42,-0.572
2025-11-04 15:48,-0.646
2025-11-04 15:54,-0.707
2025-11-04 16:00,-0.753
2025-11-04 16:06,-0.785
2025-11-04 16:12,-0.801
2025-11-04 16:18,-0.803
2025-11-04 16:24,-0.789
2025-11-04 16:30,-0.76
2025-11-04 16:36,-0.715
2025-11-04 16:42,-0.656
2025-11-04 16:48,-0.581
2025-11-04 16:54,-0.492
2025-11-04 17:00,-0.389
2025-11-04 17:06,-0.273
2025-11-04 17:12,-0.144
2025-11-04 17:18,-0.002
2025-11-04 17:24,0.151
2025-11-04 17:30,0.314
2025-11-04 17:36,0.488
2025-11-04 17:42,0.671
2025-11-04 17:48,0.861
2025-11-04 17:54,1.06
2025-11-04 18:00,1.265
2025-11-04 18:06,1.476
2025-11-04 18:12,1.693
2025-11-04 18:18,1.914
2025-11-04 18:24,2.14
2025-11-04 18:30,2.369
2025-11-04 18:36,2.601
2025-11-04 18:42,2.835
2025-11-04 18:48,3.073
2025-11-04 18:54,3.312
2025-11-04 19:00,3.552
2025-11-04 19:06,3.794
2025-11-04 19:12,4.038
2025-11-04 19:18,4.281
2025-11-04 19:24,4.526
2025-11-04 19:30,4.771
2025-11-04 19:36,5.015
2025-11-04 19:42,5.259
2025-11-04 19:48,5.503
2025-11-04 19:54,5.744
2025-11-04 20:00,5.984
2025-11-04 20:06,6.222
2025-11-04 20:12,6.457
2025-11-04 20:18,6.687
2025-11-04 20:24,6.914
2025-11-04 20:30,7.135
2025-11-04 20:36,7.351
2025-11-04 20:42,7.559
2025-11-04 20:48,7.76
2025-11-04 20:54,7.953
2025-11-04 21:00,8.137
2025-11-04 21:06,8.31
2025-11-04 21:12,8.473
2025-11-04 21:18,8.625
2025-11-04 21:24,8.764
2025-11-04 21:30,8.891
2025-11-04 21:36,9.005
2025-11-04 21:42,9.105
2025-11-04 21:48,9.191
2025-11-04 21:54,9.263
2025-11-04 22:00,9.32
2025-11-04 22:06,9.363
2025-11-04 22:12,9.39
2025-11-04 22:18,9.403
2025-11-04 22:24,9.402
2025-11-04 22:30,9.386
2025-11-04 22:36,9.355
2025-11-04 22:42,9.311
2025-11-04 22:48,9.252
2025-11-04 22:54,9.18
2025-11-04 23:00,9.096
2025-11-04 23:06,8.998
2025-11-04 23:12,8.889
2025-11-04 23:18,8.767
2025-11-04 23:24,8.635
2025-11-04 23:30,8.492
2025-11-04 23:36,8.339
2025-11-04 23:42,8.176
2025-11-04 23:48,8.005
2025-11-04 23:54,7.825
